Function,"Symbol, Signal, Signal Date/Price[$]",Exit Signal Date/Price[$],Current Mark to Market and Holding Period,"Win Rate [%], History Tested, Number of Trades","Interval, Confirmation Status",Cancellation Level/Date,"Current Trading Date/Price[$], Current Price vs Signal",Trading Days between Signal and Current Date,"Sigmashell, Success Rate of Past Analysis [%]","Divergence observed with, Signal Type",Maxima Broken Date/Price[$],"Track Level/Price($), Price on Latest Trading day vs Track Level, Signal Type","Reference Upmove or Downmove start Date/Price($), end Date/Price($)",% Change in Price on Latest Trading day vs Price on Trendpulse Breakout day/Earliest Unconfirmed Signal day/Confirmed Signal day,Backtested Returns(Win Trades) [%] (Best/Worst/Avg),"Backtested Max Loss [%], Backtested Worst Single MTM during Hold Period [%]",Backtested Holding Period(Win Trades) (days) (Max./Min./Avg.),Target Exit Date(Win Trades) (Max/Min/Avg.),Backtested Strategy CAGR [%],CAGR of Buy and Hold [%],CAGR difference (Strategy - Buy and Hold) [%],Backtested Strategy Sharpe Ratio,Sharpe Ratio of Buy and Hold,Targets (Historic Rise or Fall to Pivot/Avg % Gain of Historic Winning trades/Exit Rule/Horizontal/F-Stack 1/F-Stack 2/Moving Avg) [$],Support (Recent Extrema/Horizontal/F-Stack 1/F-Stack 2/F-Track 1/F-Track 2/Moving Avg) [$],Latest Past 6 Months Performance[%]/No. of Analysed Trades/Avg Holding Period (days) (Across ALL Assets),Forward Testing Win Rate[%]/No. of Analysed Trades/Avg Holding Period (days) (Across ALL Assets)
FRACTAL TRACK,"TSLA, Long, 2025-11-18 (Price: 401.25)",2025-12-03 (Price: 446.74) (Today),"11.34%, 15 days","100.0%, Past 5 years, 34","Daily, was CONFIRMED on 2025-11-18",Already confirmed,"2025-12-03 (Price: 446.74), 11.34% above",15 days,No Information,No Information,No Information,"38.2% (Price: 374.8188), 19.19% above, Upmove Bounce Back","2025-04-07 (Price: 214.25), 2025-11-03 (Price: 474.07)",No Information,69.86%/7.58%/26.58%,"-0.0%, 65.02%",1.6 year/25 days/6.6 months,2028-02-21/2025-12-24/2026-09-02,21.17%,25.99%,-4.83%,0.4,0.79,411.6424/507.9023/557.14/408.5817/490.132/554.3681/No Moving Avg Target,320.11/181.0784/330.0827/262.8246/No F-Track Level/No F-Track Level/341.62,94.1%/288/7.3 months (Across ALL Assets),51.67%/60/3.6 months (Across ALL Assets)
TRENDPULSE,"JETS, Long, 2025-06-30 (Price: 22.97)",2025-12-03 (Price: 27.12) (Today),"18.07%, 5.2 months","80.0%, Past 20 years, 5","Monthly, is CONFIRMED on 2025-06-30",Already confirmed,"2025-12-03 (Price: 27.12), 18.07% above",5.2 months,No Information,No Information,No Information,No Information,No Information,19.37% above/18.38% above/18.07% above,7.48%/7.48%/7.48%,"3.13%, 30.25%",2.9 months/2.9 months/2.9 months,2025-11-01/2025-11-01/2025-11-01,2.81%,0.17%,2.64%,0.19,0.02,21.5964/24.6882/26.61/27.271/No Next Fib Ext/No Next Fib Ext/No Moving Avg Target,19.82/14.732/No F-Stack Support/No F-Stack Support/No F-Track Level/No F-Track Level/22.89,92.45%/53/9.5 months (Across ALL Assets),73.83%/107/6.0 months (Across ALL Assets)
TRENDPULSE,"^BVSP, Long, 2023-12-31 (Price: 134185.0)",2025-12-03 (Price: 161755.1875) (Today),"20.55%, 2.0 year","92.31%, Past 20 years, 13","Monthly, is CONFIRMED on 2023-12-31",Already confirmed,"2025-12-03 (Price: 161755.1875), 20.55% above",2.0 year,No Information,No Information,No Information,No Information,No Information,27.04% above/20.55% above/20.55% above,65.67%/2.63%/24.36%,"18.7%, 34.07%",2.4 years/5.1 months/1.0 year,2027-05-09/2024-08-07/2025-06-20,8.58%,9.96%,-1.38%,0.5,0.37,142759.4215/166872.466/161963.8/No Horizontal Resistance/173653.968/192289.6/No Moving Avg Target,101882.0/90496.5/121313.6/110617.73/No F-Track Level/No F-Track Level/115493.12,92.45%/53/9.5 months (Across ALL Assets),73.83%/107/6.0 months (Across ALL Assets)
FRACTAL TRACK,"^DJI, Long, 2025-02-02 (Price: 44544.6602)",2025-12-03 (Price: 47882.8984) (Today),"7.49%, 10.1 months","100.0%, Past 20 years, 33","Weekly, was CONFIRMED on 2025-02-02",Already confirmed,"2025-12-03 (Price: 47882.8984), 7.49% above",10.1 months,No Information,No Information,No Information,"23.66% (Price: 42057.8236), 13.85% above, Upmove Bounce Back","2023-10-29 (Price: 32327.1992), 2024-12-08 (Price: 45073.6289)",No Information,47.66%/0.85%/23.42%,"-0.0%, 50.73%",4.5 years/6.6 months/1.9 year,2031-06-21/2025-11-17/2027-10-10,4.85%,7.58%,-2.73%,0.53,0.28,45310.8284/54977.0196/52192.52/No Horizontal Resistance/54129.8938/83218.843/No Moving Avg Target,41938.45/29171.1927/36151.8794/25040.9446/No F-Track Level/No F-Track Level/43993.9,94.55%/55/1.5 year (Across ALL Assets),74.31%/144/5.2 months (Across ALL Assets)
TRENDPULSE,"BAC, Long, 2025-02-28 (Price: 46.1)",2025-12-03 (Price: 54.09) (Today),"17.33%, 9.3 months","75.0%, Past 20 years, 16","Monthly, is CONFIRMED on 2025-02-28",Already confirmed,"2025-12-03 (Price: 54.09), 17.33% above",9.3 months,No Information,No Information,No Information,No Information,No Information,23.07% above/17.33% above/17.33% above,30.69%/9.64%/20.1%,"25.08%, 44.87%",1.1 year/2.9 months/6.9 months,2026-10-17/2025-07-05/2025-12-23,4.84%,3.94%,0.9%,0.33,0.19,51.3692/55.3661/56.66/48.96/No Next Fib Ext/No Next Fib Ext/No Moving Avg Target,26.34/22.67/No F-Stack Support/No F-Stack Support/No F-Track Level/No F-Track Level/42.38,92.45%/53/9.5 months (Across ALL Assets),73.83%/107/6.0 months (Across ALL Assets)
TRENDPULSE,"EEM, Long, 2025-07-31 (Price: 48.56)",2025-12-03 (Price: 54.34) (Today),"11.9%, 4.2 months","80.0%, Past 20 years, 15","Monthly, is CONFIRMED on 2025-07-31",Already confirmed,"2025-12-03 (Price: 54.34), 11.9% above",4.2 months,No Information,No Information,No Information,No Information,No Information,19.38% above/11.9% above/11.9% above,23.15%/1.8%/12.25%,"17.13%, 38.01%",1.1 year/2.9 months/6.2 months,2027-03-22/2025-12-04/2026-04-26,4.02%,6.97%,-2.95%,0.38,0.24,53.7074/54.5086/51.72/51.3833/No Next Fib Ext/No Next Fib Ext/No Moving Avg Target,36.7/37.485/No F-Stack Support/No F-Stack Support/No F-Track Level/No F-Track Level/44.66,92.45%/53/9.5 months (Across ALL Assets),73.83%/107/6.0 months (Across ALL Assets)
TRENDPULSE,"GDX, Long, 2025-09-21 (Price: 72.36)",2025-12-03 (Price: 81.06) (Today),"12.02%, 2.4 months","91.67%, Past 10 years, 36","Weekly, is CONFIRMED on 2025-09-19",Already confirmed,"2025-12-03 (Price: 81.06), 12.02% above",2.4 months,No Information,No Information,No Information,No Information,No Information,22.19% above/12.02% above/12.02% above,27.5%/0.75%/11.96%,"1.9%, 52.31%",11.6 months/19 days/2.0 month,2027-02-08/2025-10-18/2025-12-15,19.85%,1.2%,18.66%,1.67,0.09,75.4642/81.0143/93.79/No Horizontal Resistance/72.73/90.9746/No Moving Avg Target,34.26/25.645/50.0225/36.1563/No F-Track Level/No F-Track Level/47.97,95.35%/129/3.1 months (Across ALL Assets),78.95%/266/2.5 months (Across ALL Assets)
TRENDPULSE,"GILD, Long, 2022-12-31 (Price: 85.85)",2025-12-03 (Price: 125.0) (Today),"45.6%, 3.0 years","100.0%, Past 33 years, 10","Quarterly, is CONFIRMED on 2022-12-31",Already confirmed,"2025-12-03 (Price: 125.0), 45.6% above",3.0 years,No Information,No Information,No Information,No Information,No Information,102.63% above/46.61% above/45.6% above,74.14%/5.29%/44.68%,"-0.0%, 24.28%",2.5 years/10.9 months/1.4 year,2026-08-14/2024-04-17/2025-01-06,12.82%,17.18%,-4.36%,1.5,0.52,96.8989/124.2078/90.9/No Horizontal Resistance/123.4541/140.4376/No Moving Avg Target,58.26/56.99/75.3922/65.1312/No F-Track Level/No F-Track Level/67.59,86.67%/15/1.7 year (Across ALL Assets),100.0%/1/5.2 months (Across ALL Assets)
TRENDPULSE,"IWM, Long, 2025-09-18 (Price: 244.84)",2025-12-03 (Price: 249.63) (Today),"1.96%, 2.5 months","92.59%, Past 4 years, 27","Daily, is CONFIRMED on 2025-09-18",Already confirmed,"2025-12-03 (Price: 249.63), 1.96% above",2.5 months,No Information,No Information,No Information,No Information,No Information,4.5% above/1.96% above/1.96% above,5.6%/1.96%/3.61%,"7.05%, 22.58%",3.6 months/4 days/29 days,2026-02-22/2025-09-23/2025-10-30,32.42%,7.38%,25.04%,0.87,0.26,249.2716/253.6787/279.83/No Horizontal Resistance/348.4025/539.5308/No Moving Avg Target,214.92/162.3167/230.2783/157.2742/No F-Track Level/No F-Track Level/216.62,88.26%/298/1 month (Across ALL Assets),82.89%/637/28 days (Across ALL Assets)
TRENDPULSE,"MAR, Long, 2025-07-06 (Price: 280.03)",2025-12-03 (Price: 306.65) (Today),"9.51%, 5 months","94.59%, Past 10 years, 37","Weekly, is CONFIRMED on 2025-07-04",Already confirmed,"2025-12-03 (Price: 306.65), 9.51% above",5 months,No Information,No Information,No Information,No Information,No Information,12.13% above/10.28% above/9.51% above,17.69%/2.51%/8.94%,"12.52%, 61.32%",7.6 months/19 days/2.1 months,2026-06-02/2025-08-02/2025-10-06,18.08%,13.74%,4.35%,1.1,0.49,302.9085/305.0647/281.74/No Horizontal Resistance/372.972/399.3723/No Moving Avg Target,214.58/129.12/275.4012/235.5515/No F-Track Level/No F-Track Level/264.74,95.35%/129/3.1 months (Across ALL Assets),78.95%/266/2.5 months (Across ALL Assets)
TRENDPULSE,"SFTBY, Long, 2025-07-31 (Price: 38.15)",2025-12-03 (Price: 54.94) (Today),"44.01%, 4.2 months","77.78%, Past 20 years, 9","Monthly, is CONFIRMED on 2025-07-31",Already confirmed,"2025-12-03 (Price: 54.94), 44.01% above",4.2 months,No Information,No Information,No Information,No Information,No Information,50.81% above/46.51% above/44.01% above,195.86%/14.0%/54.91%,"49.17%, 64.04%",1.2 year/8.7 months/1.1 year,2027-04-20/2026-08-11/2027-02-23,16.52%,15.45%,1.07%,0.27,0.51,42.1901/59.0982/42.72/No Horizontal Resistance/48.3837/56.3971/No Moving Avg Target,25.22/16.82/32.5245/28.6536/No F-Track Level/No F-Track Level/29.37,92.45%/53/9.5 months (Across ALL Assets),73.83%/107/6.0 months (Across ALL Assets)
TRENDPULSE,"SONY, Long, 2025-03-31 (Price: 25.39)",2025-12-03 (Price: 28.46) (Today),"12.09%, 8.2 months","75.0%, Past 20 years, 20","Monthly, is CONFIRMED on 2025-03-31",Already confirmed,"2025-12-03 (Price: 28.46), 12.09% above",8.2 months,No Information,No Information,No Information,No Information,No Information,29.3% above/13.98% above/12.09% above,48.17%/7.34%/29.36%,"31.07%, 31.13%",1.1 year/3.6 months/7.1 months,2026-10-16/2025-09-04/2026-02-03,10.26%,2.49%,7.77%,0.63,0.12,27.7843/32.8445/29.38/No Horizontal Resistance/33.2191/35.3948/No Moving Avg Target,16.47/14.992/24.8529/22.354/No F-Track Level/No F-Track Level/19.99,92.45%/53/9.5 months (Across ALL Assets),73.83%/107/6.0 months (Across ALL Assets)
TRENDPULSE,"WMT, Long, 2025-10-14 (Price: 107.21)",2025-12-03 (Price: 114.41) (Today),"6.72%, 1.7 month","96.88%, Past 4 years, 32","Daily, is CONFIRMED on 2025-10-14",Already confirmed,"2025-12-03 (Price: 114.41), 6.72% above",1.7 month,No Information,No Information,No Information,No Information,No Information,12.03% above/6.72% above/6.72% above,12.24%/0.97%/3.78%,"14.39%, 26.01%",1.8 month/4 days/19 days,2026-01-01/2025-10-19/2025-11-10,43.52%,16.53%,26.99%,0.61,0.68,109.7616/111.2625/113.44/No Horizontal Resistance/137.8139/No Next Fib Ext/No Moving Avg Target,101.7/42.3916/85.5556/53.2582/No F-Track Level/No F-Track Level/96.5,88.26%/298/1 month (Across ALL Assets),82.89%/637/28 days (Across ALL Assets)
TRENDPULSE,"CNU.NZ, Long, 2024-09-30 (Price: 8.72)",2025-12-03 (Price: 9.16) (Today),"5.05%, 1.2 year","100.0%, Past 20 years, 8","Monthly, is CONFIRMED on 2024-09-30",Already confirmed,"2025-12-03 (Price: 9.16), 5.05% above",1.2 year,No Information,No Information,No Information,No Information,No Information,7.26% above/5.05% above/5.05% above,26.44%/7.23%/20.04%,"-0.0%, 15.86%",11.6 months/3.6 months/7.0 months,2026-02-17/2025-03-06/2025-08-01,20.51%,7.62%,12.9%,1.86,0.27,9.217/10.4675/8.91/8.822/No Next Fib Ext/No Next Fib Ext/No Moving Avg Target,7.18/6.0983/No F-Stack Support/No F-Stack Support/No F-Track Level/No F-Track Level/7.84,92.45%/53/9.5 months (Across ALL Assets),73.83%/107/6.0 months (Across ALL Assets)
TRENDPULSE,"ATM.NZ, Long, 2025-02-28 (Price: 8.84)",2025-12-03 (Price: 10.8) (Today),"22.17%, 9.3 months","100.0%, Past 20 years, 12","Monthly, is CONFIRMED on 2025-02-28",Already confirmed,"2025-12-03 (Price: 10.8), 22.17% above",9.3 months,No Information,No Information,No Information,No Information,No Information,67.7% above/22.17% above/22.17% above,131.71%/45.45%/77.13%,"-0.0%, 48.4%",1.6 year/5.8 months/1.1 year,2027-06-26/2025-11-07/2026-09-20,27.09%,19.2%,7.89%,1.97,0.6,10.5055/15.6583/13.32/No Horizontal Resistance/21.86/25.8879/No Moving Avg Target,4.15/5.185/8.6495/8.0201/No F-Track Level/No F-Track Level/6.78,92.45%/53/9.5 months (Across ALL Assets),73.83%/107/6.0 months (Across ALL Assets)
TRENDPULSE,"BDGI.TO, Long, 2025-07-31 (Price: 52.29)",2025-12-03 (Price: 72.84) (Today),"39.3%, 4.2 months","89.66%, Past 20 years, 29","Monthly, is CONFIRMED on 2025-07-31",Already confirmed,"2025-12-03 (Price: 72.84), 39.3% above",4.2 months,No Information,No Information,No Information,No Information,No Information,63.28% above/49.81% above/39.3% above,159.21%/3.87%/50.82%,"37.81%, 54.03%",1.1 year/3.5 months/6.0 months,2027-03-21/2025-12-31/2026-04-16,17.99%,19.81%,-1.82%,0.67,0.65,79.3187/78.8638/64.4/No Horizontal Resistance/50.7492/58.5532/No Moving Avg Target,35.88/24.32/46.0323/42.8299/No F-Track Level/No F-Track Level/41.26,92.45%/53/9.5 months (Across ALL Assets),73.83%/107/6.0 months (Across ALL Assets)
TRENDPULSE,"MSE.PA, Long, 2025-01-31 (Price: 57.37)",2025-12-03 (Price: 63.51) (Today),"10.7%, 10.2 months","100.0%, Past 20 years, 10","Monthly, is CONFIRMED on 2025-01-31",Already confirmed,"2025-12-03 (Price: 63.51), 10.7% above",10.2 months,No Information,No Information,No Information,No Information,No Information,19.09% above/17.46% above/10.7% above,14.35%/2.24%/8.34%,"-0.0%, 28.4%",2.5 years/3.6 months/1.3 year,2028-08-16/2025-07-04/2026-12-24,5.98%,2.81%,3.17%,0.92,-0.0,58.2764/62.1547/73.34/No Horizontal Resistance/58.4776/81.1364/No Moving Avg Target,52.08/33.57/44.4738/35.8188/No F-Track Level/No F-Track Level/53.19,92.45%/53/9.5 months (Across ALL Assets),73.83%/107/6.0 months (Across ALL Assets)
SIGMASHELL,"ATD.TO, Long, 2025-09-02 (Price: 69.24)",2025-12-03 (Price: 73.21) (Today),"5.73%, 3.1 months","83.33%, Past 5 years, 6","Daily, was CONFIRMED on 2025-09-02",Already confirmed,"2025-12-03 (Price: 73.21), 5.73% above",3.1 months,"-4.21, 78.12",No Information,No Information,No Information,No Information,No Information,15.14%/2.95%/7.5%,"1.75%, 19.86%",2.6 months/1.1 month/1.7 month,2025-12-25/2025-10-21/2025-11-16,10.67%,22.58%,-11.91%,0.78,0.75,70.5694/74.433/85.3936/85.51/85.3936/96.14/71.43,68.82/45.49/59.8475/53.4732/No F-Track Level/No F-Track Level/No Moving Avg Support,85.95%/121/2.4 months (Across ALL Assets),74.78%/230/2.6 months (Across ALL Assets)
TRENDPULSE,"IEI, Long, 2024-08-31 (Price: 118.72)",2025-12-03 (Price: 119.8) (Today),"0.91%, 1.3 year","91.67%, Past 20 years, 12","Monthly, is CONFIRMED on 2024-08-31",Already confirmed,"2025-12-03 (Price: 119.8), 0.91% above",1.3 year,No Information,No Information,No Information,No Information,No Information,1.81% above/0.91% above/0.91% above,2.72%/1.13%/1.87%,"15.13%, 15.6%",1.1 year/3.6 months/7.6 months,2026-03-20/2025-02-04/2025-07-27,0.4%,0.95%,-0.55%,0.05,-0.88,120.4177/120.9401/124.14/133.2183/No Next Fib Ext/No Next Fib Ext/No Moving Avg Target,112.29/112.768/No F-Stack Support/No F-Stack Support/No F-Track Level/No F-Track Level/115.83,92.45%/53/9.5 months (Across ALL Assets),73.83%/107/6.0 months (Across ALL Assets)
TRENDPULSE,"BAC, Long, 2025-07-31 (Price: 47.27)",2025-12-03 (Price: 54.09) (Today),"14.43%, 4.2 months","75.0%, Past 20 years, 16","Monthly, is CONFIRMED on 2025-07-31",Already confirmed,"2025-12-03 (Price: 54.09), 14.43% above",4.2 months,No Information,No Information,No Information,No Information,No Information,22.57% above/12.78% above/14.43% above,30.69%/9.64%/20.1%,"25.08%, 44.87%",1.1 year/2.9 months/6.9 months,2027-03-19/2025-12-05/2026-05-25,4.84%,3.94%,0.9%,0.33,0.19,52.673/56.7713/52.62/48.715/No Next Fib Ext/No Next Fib Ext/No Moving Avg Target,26.34/29.49/No F-Stack Support/No F-Stack Support/No F-Track Level/No F-Track Level/44.14,92.45%/53/9.5 months (Across ALL Assets),73.83%/107/6.0 months (Across ALL Assets)
DELTADRIFT,"TCS.NS, Long, 2025-10-12 (Price: 3028.3)",2025-12-03 (Price: 3180.0) (Today),"5.01%, 1.7 month","75.0%, Past 15 years, 4","Weekly, was CONFIRMED on 2025-10-12",Already confirmed,"2025-12-03 (Price: 3180.0), 5.01% above",1.7 month,No Information,No Information,No Information,No Information,No Information,No Information,14.06%/3.68%/8.87%,"14.47%, 16.73%",19 days/14 days/16 days,2025-11-08/2025-11-01/2025-11-04,4.81%,11.95%,-7.14%,0.07,0.46,3172.7499/3296.9102/3234.83/4543.575/5637.7577/6110.9256/3286.92,2899.1/2937.675/3006.8346/2637.2425/No F-Track Level/No F-Track Level/No Moving Avg Support,94.87%/39/1.3 month (Across ALL Assets),89.42%/104/1.6 month (Across ALL Assets)
DELTADRIFT,"PLTR, Long, 2025-11-24 (Price: 162.25)",2025-12-03 (Price: 176.08) (Today),"8.52%, 9 days","85.71%, Past 4 years, 7","Daily, was CONFIRMED on 2025-11-24",Already confirmed,"2025-12-03 (Price: 176.08), 8.52% above",9 days,No Information,No Information,No Information,No Information,No Information,No Information,19.0%/3.53%/11.32%,"14.06%, 15.26%",17 days/1 day/5 days,2025-12-18/2025-11-25/2025-12-01,20.7%,64.21%,-43.51%,0.68,1.53,206.4469/180.6167/193.53/No Horizontal Resistance/232.7649/248.6965/No Moving Avg Target,154.85/7.205/156.1054/148.2704/No F-Track Level/No F-Track Level/141.36,83.04%/112/11 days (Across ALL Assets),78.16%/467/11 days (Across ALL Assets)
FRACTAL TRACK,"WMT, Long, 2025-11-04 (Price: 102.27)",2025-12-03 (Price: 114.41) (Today),"11.87%, 29 days","90.62%, Past 5 years, 32","Daily, was CONFIRMED on 2025-11-04",Already confirmed,"2025-12-03 (Price: 114.41), 11.87% above",29 days,No Information,No Information,No Information,"23.66% (Price: 102.5364), 11.58% above, Upmove Bounce Back","2025-04-07 (Price: 79.81), 2025-10-16 (Price: 109.58)",No Information,14.63%/0.49%/9.29%,"4.76%, 26.01%",1.3 year/1.1 month/4.7 months,2027-08-22/2025-12-21/2026-05-28,10.62%,16.05%,-5.43%,0.64,0.7,104.0086/111.7709/120.13/105.01/108.7906/137.8139/No Moving Avg Target,101.18/42.3916/98.8222/85.5556/No F-Track Level/No F-Track Level/98.09,94.1%/288/7.3 months (Across ALL Assets),51.67%/60/3.6 months (Across ALL Assets)
TRENDPULSE,"AAPL, Long, 2024-07-31 (Price: 222.08)",2025-12-03 (Price: 284.15) (Today),"27.95%, 1.4 year","100.0%, Past 20 years, 28","Monthly, is CONFIRMED on 2024-07-31",Already confirmed,"2025-12-03 (Price: 284.15), 27.95% above",1.4 year,No Information,No Information,No Information,No Information,No Information,34.91% above/27.95% above/27.95% above,98.28%/8.74%/39.88%,"-0.0%, 40.56%",1.8 year/2.9 months/5.7 months,2027-02-28/2024-12-04/2025-04-03,19.97%,30.68%,-10.71%,1.22,1.01,278.1774/310.6455/323.37/No Horizontal Resistance/294.7231/309.0801/No Moving Avg Target,170.33/136.9225/189.8723/119.0319/No F-Track Level/No F-Track Level/189.12,92.45%/53/9.5 months (Across ALL Assets),73.83%/107/6.0 months (Across ALL Assets)
FRACTAL TRACK,"IWM, Long, 2023-06-30 (Price: 187.27)",2025-12-03 (Price: 249.63) (Today),"33.3%, 2.5 years","100.0%, Past 25 years, 8","Quarterly, was CONFIRMED on 2023-06-30",Already confirmed,"2025-12-03 (Price: 249.63), 33.3% above",2.5 years,No Information,No Information,No Information,"38.2% (Price: 164.1636), 52.06% above, Upmove Bounce Back","2009-03-31 (Price: 34.26), 2021-12-31 (Price: 244.46)",No Information,56.32%/25.19%/40.76%,"-0.0%, 20.56%",2.0 year/2.0 year/2.0 year,2026-05-02/2026-04-30/2026-04-30,11.21%,6.21%,5.0%,0.5,0.2,180.9028/263.6013/313.39/232.67/348.4025/539.5308/220.77,164.92/144.954/157.2742/112.1542/No F-Track Level/No F-Track Level/No Moving Avg Support,92.31%/13/4.7 years (Across ALL Assets),69.23%/13/9.3 months (Across ALL Assets)
OSCILLATOR DELTA,"TFII.TO, Long, 2025-11-28 (Price: 121.87)",2025-12-03 (Price: 129.88) (Today),"6.57%, 3 days","85.19%, Past 6 years, 27","Daily, is Confirmed on 2025-11-28",No Cancellation Possible,"2025-12-03 (Price: 129.88), 6.57% above",3 days,No Information,No Information,No Information,No Information,No Information,No Information,30.6%/5.59%/11.26%,"25.08%, 28.63%",2 months/1 day/22 days,2026-02-22/2025-11-29/2025-12-29,34.87%,19.04%,15.83%,0.15,0.63,124.9777/135.5926/127.96/219.9933/223.9051/280.6304/122.61,No Recent Minima/102.925/113.6809/104.714/No F-Track Level/No F-Track Level/No Moving Avg Support,68.21%/151/1.5 month (Across ALL Assets),63.74%/353/1.4 month (Across ALL Assets)
DELTADRIFT,"UBER, Long, 2025-11-26 (Price: 85.66)",2025-12-03 (Price: 90.68) (Today),"5.86%, 5 days","100.0%, Past 4 years, 6","Daily, was CONFIRMED on 2025-11-26",Already confirmed,"2025-12-03 (Price: 90.68), 5.86% above",5 days,No Information,No Information,No Information,No Information,No Information,No Information,10.1%/3.32%/6.46%,"0%, 11.17%",1.2 month/2 days/12 days,2026-01-17/2025-11-28/2025-12-13,17.83%,20.37%,-2.54%,2.75,0.65,93.5664/91.1936/92.38/No Horizontal Resistance/99.1711/103.8185/87.14,83.36/34.6025/84.8096/75.9736/No F-Track Level/No F-Track Level/No Moving Avg Support,83.04%/112/11 days (Across ALL Assets),78.16%/467/11 days (Across ALL Assets)
FRACTAL TRACK,"RHHBY, Long, 2024-12-31 (Price: 34.88)",2025-12-03 (Price: 48.97) (Today),"40.4%, 11.2 months","100.0%, Past 24 years, 9","Quarterly, was CONFIRMED on 2024-12-31",Already confirmed,"2025-12-03 (Price: 48.97), 40.4% above",11.2 months,No Information,No Information,No Information,"88.6% (Price: 29.4418), 66.33% above, Upmove Bounce Back","2018-06-30 (Price: 26.3), 2022-06-30 (Price: 53.86)",No Information,15.79%/12.77%/14.28%,"-0.0%, 30.62%",4.7 years/4.2 years/4.4 years,2031-09-21/2030-12-12/2031-05-02,2.03%,6.19%,-4.16%,0.46,0.19,34.1824/39.8609/51.42/52.46/58.6089/65.2057/41.47,31.92/34.87/31.0544/130.7472/No F-Track Level/No F-Track Level/No Moving Avg Support,92.31%/13/4.7 years (Across ALL Assets),69.23%/13/9.3 months (Across ALL Assets)
DELTADRIFT,"COIN, Long, 2025-11-24 (Price: 255.97)",2025-12-03 (Price: 276.92) (Today),"8.18%, 9 days","85.71%, Past 4 years, 7","Daily, was CONFIRMED on 2025-11-24",Already confirmed,"2025-12-03 (Price: 276.92), 8.18% above",9 days,No Information,No Information,No Information,No Information,No Information,No Information,19.07%/7.08%/10.13%,"27.31%, 39.8%",1.9 month/1 day/15 days,2026-02-16/2025-11-25/2025-12-15,11.79%,-0.05%,11.84%,0.3,0.5,263.1628/281.8998/272.53/289.6467/466.299/494.3788/281.84,238.16/86.505/234.936/157.903/No F-Track Level/No F-Track Level/No Moving Avg Support,83.04%/112/11 days (Across ALL Assets),78.16%/467/11 days (Across ALL Assets)
FRACTAL TRACK,"HYG, Long, 2025-06-30 (Price: 80.65)",2025-12-03 (Price: 80.69) (Today),"0.05%, 5.2 months","90.91%, Past 18 years, 11","Monthly, was CONFIRMED on 2025-06-30",Already confirmed,"2025-12-03 (Price: 80.69), 0.05% above",5.2 months,No Information,No Information,No Information,"38.2% (Price: 76.5615), 5.39% above, Upmove Bounce Back","2022-10-31 (Price: 70.4), 2024-09-30 (Price: 80.37)",No Information,2.15%/2.15%/2.15%,"3.95%, 5.88%",1.2 year/1.2 year/1.2 year,2027-03-20/2027-03-20/2027-03-20,-0.69%,-1.4%,0.72%,-0.15,-0.53,80.2064/82.384/86.63/86.99/No Next Fib Ext/No Next Fib Ext/No Moving Avg Target,78.6/72.2733/No F-Stack Support/No F-Stack Support/No F-Track Level/No F-Track Level/79.85,84.44%/45/3.6 years (Across ALL Assets),76.0%/100/6.9 months (Across ALL Assets)
TRENDPULSE,"FPH.NZ, Long, 2025-08-21 (Price: 38.45)",2025-12-02 (Price: 38.0),"-1.17%, 3.4 months","75.86%, Past 4 years, 58","Daily, is CONFIRMED on 2025-08-21",Already confirmed,"2025-12-03 (Price: 38.38), 0.18% below",3.5 months,No Information,No Information,No Information,No Information,No Information,1.94% above/0.18% below/0.18% below,11.99%/0.47%/4.38%,"35.23%, 43.46%",2.5 months/5 days/29 days,2025-12-06/2025-08-28/2025-10-02,0%,10.77%,0%,-0.18,0.39,39.7304/40.1341/39.02/39.1917/40.9296/48.5677/No Moving Avg Target,35.78/22.5167/30.9793/26.1935/No F-Track Level/No F-Track Level/36.19,88.26%/298/1 month (Across ALL Assets),82.89%/637/28 days (Across ALL Assets)
DELTADRIFT,"FSF.NZ, Long, 2025-11-26 (Price: 7.7)",2025-12-02 (Price: 7.821),"1.57%, 4 days","100.0%, Past 4 years, 9","Daily, was CONFIRMED on 2025-11-26",Already confirmed,"2025-12-03 (Price: 7.82), 1.56% above",5 days,No Information,No Information,No Information,No Information,No Information,No Information,6.77%/1.46%/3.63%,"0%, 5.4%",19 days/2 days/11 days,2025-12-23/2025-11-28/2025-12-11,15.05%,19.63%,-4.58%,2.34,0.75,8.4384/7.9795/8.21/No Horizontal Resistance/8.4284/9.7443/No Moving Avg Target,7.2/2.942/6.3611/37.689/No F-Track Level/No F-Track Level/6.73,83.04%/112/11 days (Across ALL Assets),78.16%/467/11 days (Across ALL Assets)
TRENDPULSE,"GS, Long, 2025-10-06 (Price: 796.78)",2025-12-02 (Price: 815.21),"2.31%, 1.9 month","75.86%, Past 4 years, 29","Daily, is CONFIRMED on 2025-10-06",Already confirmed,"2025-12-03 (Price: 836.57), 4.99% above",1.9 month,No Information,No Information,No Information,No Information,No Information,7.34% above/4.99% above/4.99% above,15.23%/0.89%/4.44%,"15.57%, 33.99%",2.2 months/5 days/21 days,2026-01-08/2025-10-13/2025-11-05,-6.28%,23.3%,-29.58%,-0.08,0.8,821.7989/832.157/1049.01/No Horizontal Resistance/931.1482/1236.8362/No Moving Avg Target,779.38/288.555/794.5775/634.5288/No F-Track Level/No F-Track Level/641.55,88.26%/298/1 month (Across ALL Assets),82.89%/637/28 days (Across ALL Assets)
FRACTAL TRACK,"LYFT, Long, 2025-11-25 (Price: 19.63)",2025-12-02 (Price: 22.24),"13.3%, 5 days","96.0%, Past 5 years, 25","Daily, was CONFIRMED on 2025-11-25",Already confirmed,"2025-12-03 (Price: 22.33), 13.75% above",8 days,No Information,No Information,No Information,"38.2% (Price: 18.7824), 18.89% above, Upmove Bounce Back","2023-05-24 (Price: 7.85), 2025-11-12 (Price: 25.54)",No Information,52.96%/0.97%/21.59%,"5.88%, 53.48%",1.1 year/27 days/6.3 months,2027-06-18/2026-01-03/2026-08-27,19.21%,-6.72%,25.93%,0.41,0.2,19.5181/23.8681/30.24/57.19/No Next Fib Ext/No Next Fib Ext/No Moving Avg Target,19.42/8.8875/No F-Stack Support/No F-Stack Support/No F-Track Level/No F-Track Level/16.21,94.1%/288/7.3 months (Across ALL Assets),51.67%/60/3.6 months (Across ALL Assets)
TRENDPULSE,"ATD.TO, Long, 2025-10-15 (Price: 73.4)",2025-12-01 (Price: 75.38),"2.7%, 1.6 month","96.43%, Past 4 years, 28","Daily, is CONFIRMED on 2025-10-15",Already confirmed,"2025-12-03 (Price: 73.21), 0.26% below",1.6 month,No Information,No Information,No Information,No Information,No Information,0.16% above/0.26% below/0.26% below,5.29%/0.99%/3.68%,"6.48%, 15.84%",3.1 months/4 days/1.0 month,2026-02-26/2025-10-20/2025-11-28,25.63%,10.15%,15.48%,1.24,0.37,73.8257/76.1011/76.35/85.51/85.3936/96.14/No Moving Avg Target,72.67/45.49/59.8475/53.4732/No F-Track Level/No F-Track Level/72.09,88.26%/298/1 month (Across ALL Assets),82.89%/637/28 days (Across ALL Assets)
FRACTAL TRACK,"^BVSP, Long, 2025-03-31 (Price: 130260.0)",2025-11-30 (Price: 159072.0),"22.12%, 8.1 months","93.33%, Past 57 years, 30","Monthly, was CONFIRMED on 2025-03-31",Already confirmed,"2025-12-03 (Price: 161755.1875), 24.18% above",8.2 months,No Information,No Information,No Information,"50% (Price: 116368.0), 39.0% above, Upmove Bounce Back","2022-07-31 (Price: 95267.0), 2024-08-31 (Price: 137469.0)",No Information,195.55%/4.94%/55.92%,"17.81%, 51.61%",9.2 years/3.6 months/3.0 years,2038-06-08/2025-09-04/2029-07-26,3.98%,30.03%,-26.05%,0.44,0.88,141319.074/203101.392/155581.2/134350.3333/173653.968/192289.6/138672.03,120283.0/95217.0/121313.6/110617.73/No F-Track Level/No F-Track Level/No Moving Avg Support,84.44%/45/3.6 years (Across ALL Assets),76.0%/100/6.9 months (Across ALL Assets)
TRENDPULSE,"FSF.NZ, Long, 2025-06-30 (Price: 6.58)",2025-11-30 (Price: 7.75),"17.78%, 5.1 months","100.0%, Past 20 years, 9","Monthly, is CONFIRMED on 2025-06-30",Already confirmed,"2025-12-03 (Price: 7.82), 18.84% above",5.2 months,No Information,No Information,No Information,No Information,No Information,27.15% above/22.19% above/18.84% above,44.06%/6.89%/28.09%,"-0.0%, 15.01%",1.0 year/4.3 months/7.5 months,2026-12-17/2026-01-04/2026-05-23,27.24%,1.15%,26.09%,1.21,-0.07,7.596/8.4283/8.67/No Horizontal Resistance/8.5311/12.0421/No Moving Avg Target,3.0/2.942/6.3611/26.9153/No F-Track Level/No F-Track Level/5.37,92.45%/53/9.5 months (Across ALL Assets),73.83%/107/6.0 months (Across ALL Assets)
PULSEGAUGE,"TWR.NZ, Long, 2025-07-06 (Price: 1.6)",2025-11-30 (Price: 1.94),"21.25%, 4.9 months","88.24%, Past 25 years, 17","Weekly, was CONFIRMED on 2025-07-06",No Cancellation Possible,"2025-12-03 (Price: 1.935), 20.94% above",5 months,No Information,No Information,No Information,No Information,No Information,No Information,46.09%/20.0%/29.39%,"19.52%, 29.37%",1.1 year/1.1 month/4.6 months,2027-02-25/2025-08-24/2026-01-20,17.75%,-4.18%,21.93%,0.48,-0.09,1.7254/2.0702/7.3695/1.6222/7.3695/7.9211/1.63,1.35/0.6344/No F-Stack Support/No F-Stack Support/No F-Track Level/No F-Track Level/No Moving Avg Support,73.47%/49/5.2 months (Across ALL Assets),72.58%/124/4.9 months (Across ALL Assets)
TRENDPULSE,"ASHR, Long, 2024-10-06 (Price: 32.82)",2025-11-30 (Price: 32.58),"-0.73%, 1.2 year","75.76%, Past 10 years, 33","Weekly, is CONFIRMED on 2024-10-04",Already confirmed,"2025-12-03 (Price: 32.57), 0.76% below",1.2 year,No Information,No Information,No Information,No Information,No Information,19.17% above/10.86% above/0.76% below,24.71%/0.16%/10.96%,"38.84%, 52.68%",7.3 months/19 days/3.2 months,2025-08-19/2024-11-02/2025-02-20,2.29%,2.49%,-0.19%,0.16,0.06,34.0475/36.4171/35.5/39.9467/60.2967/80.3432/No Moving Avg Target,22.46/23.852/No F-Stack Support/No F-Stack Support/No F-Track Level/No F-Track Level/23.97,95.35%/129/3.1 months (Across ALL Assets),78.95%/266/2.5 months (Across ALL Assets)
TRENDPULSE,"TCEHY, Long, 2025-03-31 (Price: 63.84)",2025-11-30 (Price: 79.04),"23.81%, 8.1 months","100.0%, Past 20 years, 14","Monthly, is CONFIRMED on 2025-03-31",Already confirmed,"2025-12-03 (Price: 78.48), 22.93% above",8.2 months,No Information,No Information,No Information,No Information,No Information,27.38% above/22.93% above/22.93% above,48.56%/8.58%/32.02%,"-0.0%, 28.74%",1.2 year/2.9 months/6.0 months,2026-12-19/2025-08-04/2025-12-15,29.28%,21.03%,8.25%,1.74,0.72,78.3955/84.2816/72.69/73.09/91.9947/116.3817/No Moving Avg Target,34.84/36.36/58.3318/52.1422/No F-Track Level/No F-Track Level/53.18,92.45%/53/9.5 months (Across ALL Assets),73.83%/107/6.0 months (Across ALL Assets)
FRACTAL TRACK,"NA.TO, Long, 2025-06-30 (Price: 140.52)",2025-11-30 (Price: 168.95),"20.23%, 5.1 months","94.12%, Past 42 years, 34","Monthly, was CONFIRMED on 2025-06-30",Already confirmed,"2025-12-03 (Price: 168.4), 19.84% above",5.2 months,No Information,No Information,No Information,"23.66% (Price: 108.7595), 54.84% above, Upmove Bounce Back","1995-01-31 (Price: 4.25), 2024-12-31 (Price: 141.15)",No Information,133.9%/2.69%/39.66%,"11.85%, 52.46%",6.2 years/4.3 months/1.9 year,2034-04-13/2026-01-02/2028-03-19,5.1%,11.99%,-6.9%,0.45,0.51,146.745/196.2502/222.66/No Horizontal Resistance/188.6608/207.1743/No Moving Avg Target,118.77/73.9933/134.0186/119.9028/No F-Track Level/No F-Track Level/138.68,84.44%/45/3.6 years (Across ALL Assets),76.0%/100/6.9 months (Across ALL Assets)
FRACTAL TRACK,"RY.TO, Long, 2025-06-30 (Price: 179.47)",2025-11-30 (Price: 216.14),"20.43%, 5.1 months","97.06%, Past 48 years, 34","Monthly, was CONFIRMED on 2025-06-30",Already confirmed,"2025-12-03 (Price: 218.64), 21.83% above",5.2 months,No Information,No Information,No Information,"38.2% (Price: 152.7435), 43.14% above, Upmove Bounce Back","2023-10-31 (Price: 107.92), 2024-12-31 (Price: 180.45)",No Information,942.33%/3.95%/96.76%,"8.99%, 47.82%",18.4 years/6.5 months/2.7 years,2051-09-13/2026-04-08/2029-04-21,5.39%,11.4%,-6.01%,0.19,0.5,185.4822/353.1252/222.99/No Horizontal Resistance/221.431/339.4883/183.8,162.1/108.18/148.4673/103.3737/No F-Track Level/No F-Track Level/No Moving Avg Support,84.44%/45/3.6 years (Across ALL Assets),76.0%/100/6.9 months (Across ALL Assets)
TRENDPULSE,"BPCL.NS, Long, 2025-07-06 (Price: 346.2)",2025-11-30 (Price: 359.1),"3.73%, 4.9 months","81.25%, Past 10 years, 32","Weekly, is CONFIRMED on 2025-07-04",Already confirmed,"2025-12-03 (Price: 358.4), 3.52% above",5 months,No Information,No Information,No Information,No Information,No Information,7.63% above/3.52% above/3.52% above,29.59%/1.78%/11.46%,"32.02%, 47.09%",5.8 months/19 days/2.0 months,2026-03-15/2025-08-02/2025-10-02,12.02%,12.45%,-0.44%,0.38,0.44,363.3369/385.8745/353.07/No Horizontal Resistance/372.4081/393.108/No Moving Avg Target,237.3/145.35/295.7614/248.4289/No F-Track Level/No F-Track Level/298.54,95.35%/129/3.1 months (Across ALL Assets),78.95%/266/2.5 months (Across ALL Assets)
TRENDPULSE,"SLV, Long, 2025-07-31 (Price: 33.32)",2025-11-30 (Price: 51.21),"53.69%, 4.1 months","72.22%, Past 20 years, 18","Monthly, is CONFIRMED on 2025-07-31",Already confirmed,"2025-12-03 (Price: 53.07), 59.27% above",4.2 months,No Information,No Information,No Information,No Information,No Information,61.75% above/59.66% above/59.27% above,30.37%/2.87%/19.11%,"54.87%, 60.6%",1.4 year/2.9 months/7.7 months,2027-08-26/2025-12-04/2026-06-30,3.89%,5.98%,-2.09%,0.2,0.22,36.0589/39.6875/37.48/No Horizontal Resistance/47.5817/54.635/No Moving Avg Target,26.33/18.99/31.6598/28.4154/No F-Track Level/No F-Track Level/29.96,92.45%/53/9.5 months (Across ALL Assets),73.83%/107/6.0 months (Across ALL Assets)
PULSEGAUGE,"RY.TO, Long, 2025-07-06 (Price: 179.55)",2025-11-30 (Price: 216.14),"20.38%, 4.9 months","94.12%, Past 25 years, 17","Weekly, was CONFIRMED on 2025-07-06",No Cancellation Possible,"2025-12-03 (Price: 218.64), 21.77% above",5 months,No Information,No Information,No Information,No Information,No Information,No Information,22.41%/20.02%/20.91%,"20.57%, 29.07%",1.1 year/19 days/7.3 months,2027-02-03/2025-08-02/2026-05-19,12.98%,8.78%,4.19%,0.59,0.33,185.8163/217.0939/221.431/No Horizontal Resistance/221.431/339.4883/183.8,157.28/108.18/148.4673/103.3737/No F-Track Level/No F-Track Level/No Moving Avg Support,73.47%/49/5.2 months (Across ALL Assets),72.58%/124/4.9 months (Across ALL Assets)
TRENDPULSE,"DOL.TO, Long, 2025-08-19 (Price: 196.9)",2025-11-28 (Price: 199.95),"1.55%, 3.4 months","100.0%, Past 4 years, 44","Daily, is CONFIRMED on 2025-08-19",Already confirmed,"2025-12-03 (Price: 197.42), 0.26% above",3.5 months,No Information,No Information,No Information,No Information,No Information,0.25% above/0.26% above/0.26% above,10.12%/0.29%/3.51%,"-0.0%, 13.61%",3.4 months/4 days/29 days,2026-01-12/2025-08-24/2025-09-30,31.05%,25.35%,5.71%,1.47,1.07,200.7002/203.8112/200.6/No Horizontal Resistance/194.1559/294.0831/No Moving Avg Target,185.49/45.99/132.3972/94.2286/No F-Track Level/No F-Track Level/161.24,88.26%/298/1 month (Across ALL Assets),82.89%/637/28 days (Across ALL Assets)
TRENDPULSE,"MTY.TO, Long, 2025-11-21 (Price: 36.56)",2025-11-28 (Price: 37.84),"3.5%, 5 days","88.24%, Past 4 years, 34","Daily, is CONFIRMED on 2025-11-21",Already confirmed,"2025-12-03 (Price: 37.64), 2.95% above",12 days,No Information,No Information,No Information,No Information,No Information,7.67% above/2.95% above/2.95% above,10.03%/0.53%/3.45%,"1.08%, 22.19%",3.7 months/4 days/1.0 month,2026-04-29/2025-11-26/2026-01-04,28.2%,-6.94%,35.14%,1.34,-0.03,37.4667/37.8213/39.02/72.5033/No Next Fib Ext/No Next Fib Ext/40.28,33.34/No Horizontal Support/No F-Stack Support/No F-Stack Support/No F-Track Level/No F-Track Level/No Moving Avg Support,88.26%/298/1 month (Across ALL Assets),82.89%/637/28 days (Across ALL Assets)
TRENDPULSE,"RY.TO, Long, 2025-11-24 (Price: 211.39)",2025-11-28 (Price: 216.14),"2.25%, 4 days","95.83%, Past 4 years, 24","Daily, is CONFIRMED on 2025-11-24",Already confirmed,"2025-12-03 (Price: 218.64), 3.43% above",9 days,No Information,No Information,No Information,No Information,No Information,3.43% above/3.43% above/3.43% above,4.14%/0.14%/1.98%,"3.64%, 22.27%",3.6 months/4 days/18 days,2026-04-30/2025-11-29/2025-12-20,15.71%,11.08%,4.63%,1.07,0.45,215.0893/215.5755/215.56/No Horizontal Resistance/221.431/339.4883/No Moving Avg Target,204.01/118.8425/148.4673/103.3737/No F-Track Level/No F-Track Level/182.18,88.26%/298/1 month (Across ALL Assets),82.89%/637/28 days (Across ALL Assets)
TRENDPULSE,"XLV, Long, 2025-11-12 (Price: 152.82)",2025-11-28 (Price: 157.65),"3.16%, 16 days","90.91%, Past 4 years, 33","Daily, is CONFIRMED on 2025-11-12",Already confirmed,"2025-12-03 (Price: 155.08), 1.48% above",21 days,No Information,No Information,No Information,No Information,No Information,2.92% above/1.48% above/1.48% above,3.35%/0.29%/1.59%,"7.54%, 13.97%",3 months/4 days/26 days,2026-03-22/2025-11-17/2025-12-19,7.94%,7.25%,0.69%,0.38,0.26,155.5555/155.2498/162.46/No Horizontal Resistance/174.1807/202.706/No Moving Avg Target,143.98/121.6312/117.2225/81.225/No F-Track Level/No F-Track Level/139.18,88.26%/298/1 month (Across ALL Assets),82.89%/637/28 days (Across ALL Assets)
OSCILLATOR DELTA,"BTC-USD, Long, 2025-11-23 (Price: 86805.0078)",2025-11-27 (Price: 91285.375),"5.16%, 3 days","84.21%, Past 6 years, 57","Daily, is Confirmed on 2025-11-23",No Cancellation Possible,"2025-12-03 (Price: 93619.9922), 7.85% above",10 days,No Information,No Information,No Information,No Information,No Information,No Information,19.05%/5.04%/8.14%,"14.07%, 15.29%",1 month/0 days/8 days,2026-01-05/2025-11-23/2025-12-04,54.01%,49.41%,4.61%,0.19,0.92,90737.2747/93870.9354/91145.26/124582.2656/122105.3521/133759.1807/109535.06,No Recent Minima/18304.4229/76786.0499/48777.0949/No F-Track Level/No F-Track Level/No Moving Avg Support,68.21%/151/1.5 month (Across ALL Assets),63.74%/353/1.4 month (Across ALL Assets)
TRENDPULSE,"SJ.TO, Long, 2025-11-05 (Price: 82.96)",2025-11-27 (Price: 86.36),"4.1%, 22 days","80.56%, Past 4 years, 36","Daily, is CONFIRMED on 2025-11-05",Already confirmed,"2025-12-03 (Price: 85.38), 2.92% above",28 days,No Information,No Information,No Information,No Information,No Information,2.92% above/2.92% above/2.92% above,12.01%/1.22%/4.01%,"21.83%, 34.43%",4.0 months/4 days/21 days,2026-04-26/2025-11-10/2025-12-05,8.72%,13.33%,-4.61%,0.22,0.49,84.6524/86.2867/93.24/84.3925/95.0177/123.2166/No Moving Avg Target,78.12/38.015/66.807/60.0601/No F-Track Level/No F-Track Level/74.59,88.26%/298/1 month (Across ALL Assets),82.89%/637/28 days (Across ALL Assets)
FRACTAL TRACK,"BYD.TO, Long, 2025-10-21 (Price: 212.17)",2025-11-26 (Price: 235.85),"11.16%, 1.2 month","97.14%, Past 5 years, 35","Daily, was CONFIRMED on 2025-10-21",Already confirmed,"2025-12-03 (Price: 236.72), 11.57% above",1.4 month,No Information,No Information,No Information,"50% (Price: 213.83), 10.7% above, Upmove Bounce Back","2025-08-08 (Price: 186.1), 2025-09-29 (Price: 241.56)",No Information,33.99%/3.04%/14.2%,"0.61%, 12.07%",4.6 months/12 days/2.5 months,2026-05-07/2025-11-07/2026-02-06,29.12%,2.66%,26.46%,0.58,0.08,215.9042/242.2981/245.45/256.6133/367.2583/388.6839/216.16,209.51/196.0/147.1212/139.9966/No F-Track Level/No F-Track Level/No Moving Avg Support,94.1%/288/7.3 months (Across ALL Assets),51.67%/60/3.6 months (Across ALL Assets)
FRACTAL TRACK,"NFLX, Short, 2025-11-30 (Price: 107.58)",2025-12-03 (Price: 103.96) (Today),"3.36%, 2 days","87.5%, Past 23 years, 16","Monthly, was CONFIRMED on 2025-11-30",Already confirmed,"2025-12-03 (Price: 103.96), 3.36% below",2 days,No Information,No Information,No Information,"23.66% (Price: 106.2331), 2.14% below, Upmove Break Below","2022-05-31 (Price: 16.271), 2025-06-30 (Price: 134.115)",No Information,51.8%/3.55%/19.68%,"21.42%, 51.8%",2.1 months/20 days/27 days,2026-03-02/2025-12-28/2026-01-08,107.65%,5.4%,102.25%,0.58,0.92,198.0978/86.4083/36.87/34.8663/100.8852/86.4764/No Moving Avg Target,133.91/34.8663/100.8852/86.4764/No F-Track Level/No F-Track Level/113.44,85.71%/7/1.5 month (Across ALL Assets),38.89%/18/2.4 months (Across ALL Assets)
FRACTAL TRACK,"SPOT, Short, 2025-11-23 (Price: 583.61)",2025-12-03 (Price: 557.17) (Today),"4.53%, 10 days","87.5%, Past 7 years, 16","Weekly, was CONFIRMED on 2025-11-23",Already confirmed,"2025-12-03 (Price: 557.17), 4.53% below",10 days,No Information,No Information,No Information,"23.66% (Price: 615.6618), 9.5% below, Upmove Break Below","2022-11-06 (Price: 69.285), 2025-06-29 (Price: 785.0)",No Information,11.53%/3.99%/7.19%,"16.98%, 11.53%",1.1 month/4 days/9 days,2026-01-11/2025-11-28/2025-12-06,38.54%,5.2%,33.34%,0.12,0.66,576.7234/541.6484/154.18/118.6/552.6195/456.7863/No Moving Avg Target,734.92/118.6/552.6195/456.7863/No F-Track Level/No F-Track Level/651.66,50.0%/6/1.1 month (Across ALL Assets),46.15%/13/24 days (Across ALL Assets)
TRENDPULSE,"PFE, Short, 2024-03-31 (Price: 27.75)",2025-12-03 (Price: 25.57) (Today),"7.86%, 1.7 year","100.0%, Past 48 years, 7","Quarterly, is CONFIRMED on 2024-03-31",Already confirmed,"2025-12-03 (Price: 25.57), 7.86% below",1.7 year,No Information,No Information,No Information,No Information,No Information,11.18% below/9.96% below/7.86% below,28.35%/4.94%/10.06%,"0.0%, 34.93%",2.0 year/10.9 months/1.1 year,2027-02-03/2025-07-16/2025-11-09,6.98%,5.5%,1.48%,0.85,0.21,26.4485/24.9583/18.85/26.1058/21.508/20.5265/No Moving Avg Target,59.05/26.1058/21.508/20.5265/No F-Track Level/No F-Track Level/31.61,100.0%/1/1.2 year (Across ALL Assets),No Data (Across ALL Assets)
FRACTAL TRACK,"ETH-USD, Short, 2025-10-31 (Price: 3847.0803)",2025-11-30 (Price: 2992.1125),"22.22%, 1 month","90.0%, Past 10 years, 10","Monthly, was CONFIRMED on 2025-10-31",Already confirmed,"2025-12-03 (Price: 3162.0698), 17.81% below",1.1 month,No Information,No Information,No Information,"23.66% (Price: 3801.2773), 16.82% below, Upmove Break Below","2018-12-31 (Price: 82.8299), 2025-08-31 (Price: 4953.7329)",No Information,32.85%/5.87%/20.42%,"38.7%, 32.85%",1.4 month/21 days/25 days,2026-01-01/2025-11-30/2025-12-06,120.83%,5.2%,115.63%,0.39,0.97,3818.9966/3061.5065/924.54/1370.4997/3454.2267/2637.9184/3529.81,4390.02/1370.4997/3454.2267/2637.9184/No F-Track Level/No F-Track Level/No Moving Avg Support,85.71%/7/1.5 month (Across ALL Assets),38.89%/18/2.4 months (Across ALL Assets)
FRACTAL TRACK,"WPM, Short, 2025-10-31 (Price: 96.52)",2025-11-30 (Price: 110.05),"-14.02%, 1 month","100.0%, Past 20 years, 16","Monthly, was CONFIRMED on 2025-10-31",Already confirmed,"2025-12-03 (Price: 107.98), 11.87% above",1.1 month,No Information,No Information,No Information,"23.66% (Price: 96.3808), 12.03% above, Upmove Break Below","2023-10-31 (Price: 38.37), 2025-10-31 (Price: 114.36)",No Information,24.39%/3.3%/9.68%,"0.0%, 24.39%",2.2 months/20 days/1.1 month,2026-02-02/2025-11-28/2025-12-16,70.35%,5.4%,64.95%,0.87,0.57,100.014/87.1769/50.93/38.3375/85.7049/76.3674/91.09,111.84/38.3375/85.7049/76.3674/No F-Track Level/No F-Track Level/No Moving Avg Support,85.71%/7/1.5 month (Across ALL Assets),38.89%/18/2.4 months (Across ALL Assets)
