Function,"Symbol, Signal, Signal Date/Price[$]",Exit Signal Date/Price[$],Current Mark to Market and Holding Period,"Win Rate [%], History Tested, Number of Trades","Interval, Confirmation Status",Cancellation Level/Date,"Current Trading Date/Price[$], Current Price vs Signal",Trading Days between Signal and Current Date,"Sigmashell, Success Rate of Past Analysis [%]","Divergence observed with, Signal Type",Maxima Broken Date/Price[$],"Track Level/Price($), Price on Latest Trading day vs Track Level, Signal Type","Reference Upmove or Downmove start Date/Price($), end Date/Price($)",% Change in Price on Latest Trading day vs Price on Trendpulse Breakout day/Earliest Unconfirmed Signal day/Confirmed Signal day,Backtested Returns(Win Trades) [%] (Best/Worst/Avg),"Backtested Max Loss [%], Backtested Worst Single MTM during Hold Period [%]",Backtested Holding Period(Win Trades) (days) (Max./Min./Avg.),Target Exit Date (Farthest./Earliest./Avg.),Backtested Strategy CAGR [%],CAGR of Buy and Hold [%],CAGR difference (Strategy - Buy and Hold) [%],Backtested Strategy Sharpe Ratio,Sharpe Ratio of Buy and Hold,Targets (Historic Rise or Fall to Pivot/Avg % Gain of Historic Winning trades/Exit Rule/Horizontal/F-Stack 1/F-Stack 2) [$],Support (Recent Extrema/Horizontal/F-Stack 1/F-Stack 2/F-Track 1/F-Track 2) [$],Moving Average (50-days/200-days),Latest Past 6 Months Performance[%]/No. of Analysed Trades/Avg Holding Period (days) (Across ALL Assets),Forward Testing Win Rate[%]/No. of Analysed Trades/Avg Holding Period (days) (Across ALL Assets)
FRACTAL TRACK,"INDY, Long, 2025-09-30 (Price: 50.9)",No Exit Yet,"4.38%, 24 days","100.0%, Past 15 years, 9","Quarterly, was CONFIRMED on 2025-09-30",Already confirmed,"2025-11-03 (Price: 53.13), 4.38% above",24 days,No Information,No Information,No Information,"61.8% (Price: 46.2502), 14.88% above, Upmove Bounce Back","2023-03-31 (Price: 39.42), 2024-09-30 (Price: 57.3)",No Information,17.71%/17.71%/17.71%,"-0.0%, 33.58%",1109 days/1109 days/1109 days,2030-02-22/2030-02-22/2030-02-22,3.82%,4.66%,-0.84%,0.35,0.11,52.0402/59.9144/61.63/54.495/60.9145/68.1277,25.65/40.73/48.7816/37.969/No F-Track Level/No F-Track Level,52.12/51.65,92.31%/13/1698 days (Across ALL Assets),69.23%/13/280 days (Across ALL Assets)
FRACTAL TRACK,"BPCL.NS, Long, 2025-09-30 (Price: 339.65)",No Exit Yet,"8.14%, 24 days","100.0%, Past 29 years, 13","Quarterly, was CONFIRMED on 2025-09-30",Already confirmed,"2025-11-03 (Price: 367.3), 8.14% above",24 days,No Information,No Information,No Information,"61.8% (Price: 232.6394), 57.88% above, Upmove Bounce Back","2022-12-31 (Price: 144.025), 2024-09-30 (Price: 376.0)",No Information,85.44%/69.81%/77.62%,"-0.0%, 57.26%",717 days/717 days/717 days,2028-08-03/2028-08-03/2028-08-03,18.13%,11.88%,6.26%,0.4,0.4,340.2274/603.2863/478.83/343.7375/372.4081/393.108,152.4/145.35/295.7614/248.4289/No F-Track Level/No F-Track Level,329.98/306.43,92.31%/13/1698 days (Across ALL Assets),69.23%/13/280 days (Across ALL Assets)
TRENDPULSE,"JNK, Long, 2025-09-21 (Price: 98.09)",2025-11-03 (Price: 96.58) (Today),"-1.54%, 30 days","87.5%, Past 10 years, 24","Weekly, is CONFIRMED on 2025-09-19",Already confirmed,"2025-11-03 (Price: 96.58), 1.54% below",30 days,No Information,No Information,No Information,No Information,No Information,1.14% below/1.47% below/1.54% below,3.5%/0.19%/1.62%,"7.23%, 19.15%",194 days/24 days/98 days,2026-06-28/2025-10-25/2026-02-09,2.1%,-1.4%,3.5%,0.29,-0.6,98.3352/99.6791/98.69/108.635/No Next Fib Ext/No Next Fib Ext,92.39/88.8814/No F-Stack Support/No F-Stack Support/No F-Track Level/No F-Track Level,97.1/96.05,95.35%/129/94 days (Across ALL Assets),78.95%/266/76 days (Across ALL Assets)
TRENDPULSE,"GDX, Long, 2025-09-21 (Price: 72.36)",2025-11-03 (Price: 71.3) (Today),"-1.46%, 30 days","91.67%, Past 10 years, 36","Weekly, is CONFIRMED on 2025-09-19",Already confirmed,"2025-11-03 (Price: 71.3), 1.46% below",30 days,No Information,No Information,No Information,No Information,No Information,7.48% above/1.46% below/1.46% below,27.5%/0.75%/11.96%,"1.9%, 52.31%",349 days/19 days/59 days,2027-02-08/2025-10-18/2025-12-15,19.85%,1.2%,18.66%,1.67,0.09,75.4642/81.0143/93.79/No Horizontal Resistance/72.73/90.9746,34.26/25.645/50.0225/36.1563/No F-Track Level/No F-Track Level,59.37/47.97,95.35%/129/94 days (Across ALL Assets),78.95%/266/76 days (Across ALL Assets)
TRENDPULSE,"AIA.NZ, Long, 2025-09-21 (Price: 7.85)",2025-11-03 (Price: 8.13) (Today),"3.57%, 30 days","100.0%, Past 10 years, 27","Weekly, is CONFIRMED on 2025-09-19",Already confirmed,"2025-11-03 (Price: 8.13), 3.57% above",30 days,No Information,No Information,No Information,No Information,No Information,4.36% above/3.57% above/3.57% above,14.03%/0.47%/6.37%,"-0.0%, 7.89%",159 days/19 days/56 days,2026-05-09/2025-10-18/2025-12-11,26.78%,8.49%,18.29%,1.22,0.31,8.2755/8.35/8.37/8.8962/11.1706/12.8535,7.47/7.0017/7.3934/6.6643/No F-Track Level/No F-Track Level,7.64/7.98,95.35%/129/94 days (Across ALL Assets),78.95%/266/76 days (Across ALL Assets)
BASELINEDIVERGENCE,"HDFCBANK.NS, Long, 2025-08-31 (Price: 951.6)",2025-11-03 (Price: 992.65) (Today),"4.31%, 45 days","86.21%, Past 10 years, 29","Weekly, was CONFIRMED on 2025-08-31",Already confirmed,"2025-11-03 (Price: 992.65), 4.31% above",45 days,No Information,"^NSEI, Normal Case",No Information,No Information,No Information,No Information,11.87%/0.05%/6.52%,"1.95%, 12.56%",100 days/44 days/66 days,2026-01-22/2025-11-02/2025-12-04,59.88%,13.58%,46.3%,1.19,0.56,1049.71/1013.6443/1098.0619/No Horizontal Resistance/1098.0619/1305.7899,818.38/640.9/765.1075/697.8792/No F-Track Level/No F-Track Level,974.42/941.71,88.89%/27/87 days (Across ALL Assets),85.45%/55/76 days (Across ALL Assets)
TRENDPULSE,"AMD, Long, 2025-07-31 (Price: 176.31)",2025-11-03 (Price: 259.65) (Today),"47.27%, 67 days","100.0%, Past 20 years, 21","Monthly, is CONFIRMED on 2025-07-31",Already confirmed,"2025-11-03 (Price: 259.65), 47.27% above",67 days,No Information,No Information,No Information,No Information,No Information,134.49% above/80.11% above/47.27% above,190.68%/42.09%/96.91%,"-0.0%, 58.95%",653 days/109 days/254 days,2028-03-02/2026-01-04/2026-08-02,29.08%,11.7%,17.38%,1.47,0.49,279.9274/347.172/178.82/No Horizontal Resistance/219.0648/251.3512,97.35/73.114/170.075/140.6278/No F-Track Level/No F-Track Level,136.59/123.49,92.45%/53/286 days (Across ALL Assets),73.83%/107/181 days (Across ALL Assets)
TRENDPULSE,"PFE, Short, 2025-06-30 (Price: 24.24)",2025-11-03 (Price: 24.66) (Today),"-1.73%, 90 days","100.0%, Past 48 years, 7","Quarterly, is CONFIRMED on 2025-06-30",Already confirmed,"2025-11-03 (Price: 24.66), 1.73% above",90 days,No Information,No Information,No Information,No Information,No Information,2.68% below/0.49% above/1.73% above,28.35%/4.94%/10.06%,"0.0%, 34.93%",718 days/326 days/406 days,2028-05-04/2026-10-15/2027-02-08,6.98%,5.5%,1.48%,0.85,0.21,23.1031/21.8015/19.7/No Horizontal Support/21.508/20.5265,59.05/No Horizontal Support/21.508/20.5265/No F-Track Level/No F-Track Level,23.45/25.82,100.0%/1/415 days (Across ALL Assets),No Data (Across ALL Assets)
TRENDPULSE,"PFE, Short, 2024-03-31 (Price: 27.75)",2025-11-03 (Price: 24.66) (Today),"11.14%, 415 days","100.0%, Past 48 years, 7","Quarterly, is CONFIRMED on 2024-03-31",Already confirmed,"2025-11-03 (Price: 24.66), 11.14% below",415 days,No Information,No Information,No Information,No Information,No Information,14.35% below/13.17% below/11.14% below,28.35%/4.94%/10.06%,"0.0%, 34.93%",718 days/326 days/406 days,2027-02-03/2025-07-16/2025-11-09,6.98%,5.5%,1.48%,0.85,0.21,26.4485/24.9583/18.85/26.1058/21.508/20.5265,59.05/26.1058/21.508/20.5265/No F-Track Level/No F-Track Level,27.46/31.61,100.0%/1/415 days (Across ALL Assets),No Data (Across ALL Assets)
