Function,"Symbol, Signal, Signal Date/Price[$]",Interval,Exit Signal Date/Price[$],Target for which Price has achieved over 90 percent of gain %,Backtested Target Exit Date,Next Two Target Price % from Latest Trading Price,"% Gain, Holding Period (days)","Current Trading Date/Price[$], Current Price vs Signal",Remaining Potential Exit Prices [$],Remaining Potential Exit Dates,Support (Recent Extrema/Horizontal/F-Stack 1/F-Stack 2/F-Track 1/F-Track 2/EMA 200) [$],"Win Rate [%], History Tested, Number of Trades","Sigmashell, Success Rate of Past Analysis [%]","Divergence observed with, Signal Type",Maxima Broken Date/Price[$],"Track Level/Price($), Price on Latest Trading day vs Track Level, Signal Type","Reference Upmove or Downmove start Date/Price($), end Date/Price($)",% Change in Price on Latest Trading day vs Price on Trendpulse Breakout day/Earliest Unconfirmed Signal day/Confirmed Signal day,Backtested Returns(Win Trades) [%] (Max/Min/Avg),"Backtested Max Loss [%], Backtested Min Single MTM during Hold Period [%]",Backtested Holding Period(Win Trades) (days) (Max/Min/Avg),Backtested Strategy CAGR [%],CAGR of Buy and Hold [%],CAGR difference (Strategy - Buy and Hold) [%],Backtested Strategy Sharpe Ratio,Sharpe Ratio of Buy and Hold,Latest Past 6 Months Performance[%]/No. of Analysed Trades/Avg Holding Period (days) (Across ALL Assets),Forward Testing Win Rate[%]/No. of Analysed Trades/Avg Holding Period (days) (Across ALL Assets)
FRACTAL TRACK,"NVDA, Long, 2025-12-16 (Price: 177.72)",Daily,No Exit Yet,No Price Target,2025-12-23 (Min),3.69%/5.27%,"6.13%, 8 days","2025-12-24 (Price: 188.61), 6.13% above",221.0304 (Historic Rise or Fall to Pivot)/198.5488 (Avg % Gain of Historic Winning trades)/206.59 (Exit Rule)/239.8943 (F-Stack 1)/283.6698 (F-Stack 2)/206.4929 (Backtested Max)/195.5631 (Backtested Min),2027-12-14 (Max)/2026-04-03 (Avg),175.02/13.9695/176.5924/152.8996/No F-Track Level/No F-Track Level/158.73,"95.0%, Past 5 years, 20",No Information,No Information,No Information,"78.6% (Price: 174.3677), 8.17% above, Upmove Bounce Back","2025-09-05 (Price: 164.07), 2025-10-29 (Price: 212.19)",No Information,16.19%/10.04%/11.72%,"6.56%, 60.82%",1.4 year/5 days/2.5 months,41.13%,44.79%,-3.66%,2.14,1.73,95.82%/359/0 days (Across ALL Assets),56.14%/57/0 days (Across ALL Assets)
OSCILLATOR DELTA,"NVDA, Long, 2025-12-02 (Price: 181.46)",Daily,No Exit Yet,No Price Target,2025-12-22 (Avg),1.02%/1.1%,"3.94%, 22 days","2025-12-24 (Price: 188.61), 3.94% above",209.8041 (Historic Rise or Fall to Pivot)/201.1484 (Avg % Gain of Historic Winning trades)/190.53 (Exit Rule)/239.8943 (F-Stack 1)/283.6698 (F-Stack 2)/234.3193 (Backtested Max)/190.6782 (Backtested Min),2026-04-02 (Max),No Recent Minima/13.9695/176.5924/152.8996/No F-Track Level/No F-Track Level/158.73,"72.73%, Past 6 years, 22",No Information,No Information,No Information,No Information,No Information,No Information,29.13%/5.08%/10.85%,"14.32%, 21.93%",2.8 months/3 days/14 days,22.6%,50.2%,-27.6%,0.4,1.91,81.76%/159/0 days (Across ALL Assets),67.13%/362/0 days (Across ALL Assets)
FRACTAL TRACK,"TSLA, Long, 2025-11-30 (Price: 430.17)",Weekly,No Exit Yet,490.132 (F-Stack 1),No Date Target,4.83%/14.21%,"12.84%, 25 days","2025-12-25 (Price: 485.4), 12.84% above",622.2409 (Historic Rise or Fall to Pivot)/508.8481 (Avg % Gain of Historic Winning trades)/716.21 (Exit Rule)/554.3681 (F-Stack 2)/571.2227 (Backtested Max),2028-01-21 (Max)/2026-01-21 (Min)/2026-06-22 (Avg),391.09/181.0784/413.6779/330.0827/No F-Track Level/No F-Track Level/354.83,"73.33%, Past 15 years, 15",No Information,No Information,No Information,"23.66% (Price: 375.7432), 29.18% above, Upmove Bounce Back","2019-06-09 (Price: 11.7993), 2024-12-22 (Price: 488.54)",No Information,32.79%/4.5%/18.29%,"19.51%, 42.05%",1.5 year/1.2 month/4.7 months,12.11%,30.11%,-18.0%,0.69,1.16,98.94%/94/0 days (Across ALL Assets),62.9%/124/0 days (Across ALL Assets)
TRENDPULSE,"TSLA, Long, 2025-05-31 (Price: 346.46)",Monthly,No Exit Yet,490.132 (F-Stack 2),No Date Target,78.04%,"40.1%, 6.9 months","2025-12-24 (Price: 485.4), 40.1% above",864.2098 (Historic Rise or Fall to Pivot),2028-02-15 (Max)/2028-02-15 (Max)/2028-02-15 (Max),175.79/167.4534/330.0827/262.8246/No F-Track Level/No F-Track Level/302.39,"83.33%, Past 20 years, 6",No Information,No Information,No Information,No Information,No Information,72.03% above/70.42% above/40.1% above,7.79%/7.79%/7.79%,"2.38%, 35.95%",1.9 year/1.9 year/1.9 year,26.29%,28.82%,-2.53%,0.27,1.04,95.08%/61/0 days (Across ALL Assets),80.0%/110/0 days (Across ALL Assets)
TRENDPULSE,"JPM, Long, 2025-11-10 (Price: 316.89)",Daily,No Exit Yet,328.9175 (F-Stack 1),No Date Target,2.25%/15.9%,"3.88%, 1.5 month","2025-12-24 (Price: 329.17), 3.88% above",403.26 (Exit Rule)/381.492 (F-Stack 2)/336.5689 (Backtested Max),2026-04-02 (Max),294.11/125.7575/300.9735/287.5071/No F-Track Level/No F-Track Level/276.27,"100.0%, Past 4 years, 31",No Information,No Information,No Information,No Information,No Information,4.76% above/3.88% above/3.88% above,6.21%/1.3%/3.22%,"-0.0%, 16.83%",3.3 months/6 days/18 days,17.37%,9.85%,7.52%,1.54,0.5,88.27%/307/0 days (Across ALL Assets),82.44%/655/0 days (Across ALL Assets)
TRENDPULSE,"JPM, Long, 2025-09-19 (Price: 314.78)",Daily,No Exit Yet,328.9175 (F-Stack 1),No Date Target,1.57%/15.9%,"4.57%, 3.2 months","2025-12-24 (Price: 329.17), 4.57% above",409.54 (Exit Rule)/381.492 (F-Stack 2)/334.3278 (Backtested Max),2026-02-09 (Max),292.91/125.7575/300.9735/287.5071/No F-Track Level/No F-Track Level/265.08,"100.0%, Past 4 years, 31",No Information,No Information,No Information,No Information,No Information,4.57% above/4.57% above/4.57% above,6.21%/1.3%/3.22%,"-0.0%, 16.83%",3.3 months/6 days/18 days,17.37%,9.85%,7.52%,1.54,0.5,88.27%/307/0 days (Across ALL Assets),82.44%/655/0 days (Across ALL Assets)
TRENDPULSE,"CNQ.TO, Long, 2024-10-13 (Price: 51.71)",Weekly,2025-12-21 (Price: 43.99),No Price Target,No Date Target,14.8%/16.35%,"-12.84%, 1.2 year","2025-12-24 (Price: 45.07), 12.84% below",52.7907 (Historic Rise or Fall to Pivot)/55.3711 (Avg % Gain of Historic Winning trades)/51.74 (Exit Rule)/65.8353 (F-Stack 1)/68.6522 (F-Stack 2)/61.5918 (Backtested Max)/52.4391 (Backtested Min),No Next Date Target,43.4/13.9251/48.4386/46.0303/No F-Track Level/No F-Track Level/48.05,"95.45%, Past 10 years, 22",No Information,No Information,No Information,No Information,No Information,6.53% below/12.84% below/12.84% below,19.11%/1.41%/7.08%,"22.31%, 71.02%",3.5 months/28 days/1.8 month,2.78%,3.8%,-1.02%,0.61,0.23,95.21%/146/0 days (Across ALL Assets),81.88%/276/0 days (Across ALL Assets)
TRENDPULSE,"CNQ.TO, Long, 2024-04-07 (Price: 55.16)",Weekly,2025-12-21 (Price: 43.99),No Price Target,No Date Target,24.11%/24.95%,"-18.29%, 1.7 year","2025-12-24 (Price: 45.07), 18.29% below",56.3128 (Historic Rise or Fall to Pivot)/59.0653 (Avg % Gain of Historic Winning trades)/64.58 (Exit Rule)/65.8353 (F-Stack 1)/68.6522 (F-Stack 2)/65.7011 (Backtested Max)/55.9378 (Backtested Min),No Next Date Target,40.81/13.9251/48.4386/46.0303/No F-Track Level/No F-Track Level/43.33,"95.45%, Past 10 years, 22",No Information,No Information,No Information,No Information,No Information,10.57% below/18.29% below/18.29% below,19.11%/1.41%/7.08%,"22.31%, 71.02%",3.5 months/28 days/1.8 month,2.78%,3.8%,-1.02%,0.61,0.23,95.21%/146/0 days (Across ALL Assets),81.88%/276/0 days (Across ALL Assets)
TRENDPULSE,"WPM.TO, Long, 2025-12-18 (Price: 159.04)",Daily,2025-12-24 (Price: 166.29) (Today),No Price Target,2025-12-26 (Min),2.96%/4.33%,"4.56%, 6 days","2025-12-24 (Price: 166.29), 4.56% above",171.2066 (Historic Rise or Fall to Pivot)/174.81 (Exit Rule)/178.0989 (F-Stack 1)/194.7923 (F-Stack 2)/173.4967 (Backtested Max),2026-06-27 (Max)/2025-12-26 (Min)/2026-01-30 (Avg),145.49/52.782/146.152/125.9496/No F-Track Level/No F-Track Level/129.9,"78.95%, Past 4 years, 19",No Information,No Information,No Information,No Information,No Information,4.56% above/4.56% above/4.56% above,9.09%/1.23%/5.04%,"19.7%, 28.41%",4.4 months/6 days/1 month,12.04%,18.03%,-5.99%,0.06,0.87,88.27%/307/0 days (Across ALL Assets),82.44%/655/0 days (Across ALL Assets)
TRENDPULSE,"WPM.TO, Long, 2025-09-21 (Price: 148.53)",Weekly,No Exit Yet,165.1505 (Avg % Gain of Historic Winning trades),No Date Target,7.1%/12.63%,"11.96%, 3.2 months","2025-12-24 (Price: 166.29), 11.96% above",187.3 (Exit Rule)/178.0989 (F-Stack 2)/188.7668 (Backtested Max),2026-03-31 (Max)/2026-01-11 (Avg),82.12/48.855/125.9496/92.3678/No F-Track Level/No F-Track Level/111.59,"86.67%, Past 10 years, 30",No Information,No Information,No Information,No Information,No Information,11.96% above/11.96% above/11.96% above,27.09%/5.0%/11.19%,"14.05%, 49.41%",4.4 months/1.2 month/2.6 months,3.49%,6.66%,-3.17%,0.68,0.35,95.21%/146/0 days (Across ALL Assets),81.88%/276/0 days (Across ALL Assets)
FRACTAL TRACK,"AIA.NZ, Long, 2025-11-18 (Price: 7.77)",Daily,No Exit Yet,8.3201 (Avg % Gain of Historic Winning trades)/8.33 (Exit Rule),No Date Target,5.16%/7.44%,"6.56%, 1.2 month","2025-12-24 (Price: 8.28), 6.56% above",8.8962 (Horizontal)/11.1706 (F-Stack 1)/12.8535 (F-Stack 2)/8.7071 (Backtested Max),2027-09-26 (Max)/2026-03-10 (Min)/2026-11-18 (Avg),7.6/7.0017/7.3934/6.6643/No F-Track Level/No F-Track Level/No EMA 200 Support,"100.0%, Past 5 years, 6",No Information,No Information,No Information,"38.2% (Price: 7.9428), 4.25% above, Upmove Bounce Back","2025-07-16 (Price: 7.365), 2025-11-04 (Price: 8.3)",No Information,12.06%/1.24%/7.08%,"-0.0%, 14.0%",1.3 year/2.6 months/8.4 months,14.01%,-0.21%,14.22%,1.2,-0.11,95.82%/359/0 days (Across ALL Assets),56.14%/57/0 days (Across ALL Assets)
TRENDPULSE,"AIA.NZ, Long, 2025-09-21 (Price: 7.85)",Weekly,No Exit Yet,8.3171 (Avg % Gain of Historic Winning trades),No Date Target,1.09%/3.65%,"5.48%, 3.2 months","2025-12-24 (Price: 8.28), 5.48% above",8.5824 (Historic Rise or Fall to Pivot)/8.37 (Exit Rule)/8.8962 (Horizontal)/11.1706 (F-Stack 1)/12.8535 (F-Stack 2)/8.8517 (Backtested Max),2026-08-12 (Max)/2026-01-20 (Avg),7.47/7.0017/7.3934/6.6643/No F-Track Level/No F-Track Level/No EMA 200 Support,"100.0%, Past 10 years, 19",No Information,No Information,No Information,No Information,No Information,6.29% above/5.48% above/5.48% above,12.76%/0.47%/5.95%,"-0.0%, 7.89%",7.5 months/28 days/2.8 months,11.42%,5.83%,5.59%,1.52,0.3,95.21%/146/0 days (Across ALL Assets),81.88%/276/0 days (Across ALL Assets)
DELTADRIFT,"XLU, Long, 2025-12-11 (Price: 43.04)",Daily,No Exit Yet,No Price Target,2025-12-24 (Avg),1.72%/3.32%,"-0.53%, 13 days","2025-12-24 (Price: 42.81), 0.53% below",45.4847 (Historic Rise or Fall to Pivot)/44.2322 (Avg % Gain of Historic Winning trades)/44.86 (Exit Rule)/49.4858 (F-Stack 1)/65.2454 (F-Stack 2)/44.7788 (Backtested Max)/43.5479 (Backtested Min),2026-02-05 (Max),42.72/29.6267/35.4254/30.3912/No F-Track Level/No F-Track Level/41.94,"91.67%, Past 4 years, 12",No Information,No Information,No Information,No Information,No Information,No Information,4.04%/1.18%/2.77%,"8.55%, 8.55%",1.3 month/1 day/9 days,10.54%,4.54%,6.0%,0.51,0.21,88.12%/101/0 days (Across ALL Assets),77.89%/484/0 days (Across ALL Assets)
TRENDPULSE,"XLU, Long, 2022-03-31 (Price: 37.23)",Quarterly,No Exit Yet,43.1607 (Avg % Gain of Historic Winning trades)/43.1607 (Backtested Max)/43.1607 (Backtested Min),No Date Target,2.09%/9.65%,"14.99%, 3.8 years","2025-12-24 (Price: 42.81), 14.99% above",46.94 (Exit Rule)/43.7042 (F-Stack 2),2026-03-28 (Max)/2026-03-28 (Max)/2026-03-28 (Max),12.78/23.93/35.4254/30.3912/No F-Track Level/No F-Track Level/33.84,"75.0%, Past 27 years, 4",No Information,No Information,No Information,No Information,No Information,14.99% above/14.99% above/14.99% above,15.93%/15.93%/15.93%,"8.81%, 39.64%",2.8 years/2.8 years/2.8 years,1.15%,2.87%,-1.72%,0.42,0.05,88.89%/9/0 days (Across ALL Assets),100.0%/1/0 days (Across ALL Assets)
FRACTAL TRACK,"IFT.NZ, Long, 2025-11-25 (Price: 11.78)",Daily,No Exit Yet,No Price Target,2025-12-23 (Min),5.44%/5.84%,"-3.99%, 29 days","2025-12-24 (Price: 11.31), 3.99% below",12.1193 (Historic Rise or Fall to Pivot)/12.7778 (Avg % Gain of Historic Winning trades)/13.48 (Exit Rule)/11.925 (Horizontal)/18.927 (F-Stack 1)/29.733 (F-Stack 2)/13.5022 (Backtested Max)/11.9708 (Backtested Min),2026-12-03 (Max)/2026-04-13 (Avg),11.55/7.3167/8.121/5.57/No F-Track Level/No F-Track Level/11.39,"84.21%, Past 5 years, 19",No Information,No Information,No Information,"50% (Price: 11.435), 1.09% below, Upmove Bounce Back","2025-06-11 (Price: 10.02), 2025-11-13 (Price: 12.85)",No Information,14.62%/1.62%/8.47%,"0.96%, 12.64%",8.6 months/20 days/3.2 months,20.51%,6.63%,13.88%,1.02,0.36,95.82%/359/0 days (Across ALL Assets),56.14%/57/0 days (Across ALL Assets)
TRENDPULSE,"IFT.NZ, Long, 2024-10-31 (Price: 12.6)",Monthly,No Exit Yet,No Price Target,2025-12-26 (Avg),14.79%/22.7%,"-10.24%, 1.2 year","2025-12-24 (Price: 11.31), 10.24% below",14.044 (Historic Rise or Fall to Pivot)/13.8776 (Avg % Gain of Historic Winning trades)/17.2 (Exit Rule)/18.927 (F-Stack 1)/29.733 (F-Stack 2)/15.12 (Backtested Max)/12.983 (Backtested Min),2026-09-08 (Max)/2025-12-26 (Avg),3.91/7.3167/12.2485/8.121/No F-Track Level/No F-Track Level/11.07,"100.0%, Past 20 years, 12",No Information,No Information,No Information,No Information,No Information,7.67% below/9.3% below/10.24% below,20.0%/3.04%/10.14%,"-0.0%, 18.64%",1.3 year/5 months/9.7 months,6.41%,8.85%,-2.44%,1.56,0.53,95.08%/61/0 days (Across ALL Assets),80.0%/110/0 days (Across ALL Assets)
OSCILLATOR DELTA,"CEN.NZ, Long, 2025-12-18 (Price: 9.27)",Daily,No Exit Yet,No Price Target,2025-12-26 (Min),2.63%/3.62%,"1.29%, 6 days","2025-12-24 (Price: 9.39), 1.29% above",9.6371 (Historic Rise or Fall to Pivot)/9.9708 (Avg % Gain of Historic Winning trades)/9.73 (Exit Rule)/11.2606 (F-Stack 1)/15.4512 (F-Stack 2)/10.3101 (Backtested Max)/9.7428 (Backtested Min),2026-12-07 (Max)/2025-12-26 (Min)/2026-05-01 (Avg),No Recent Minima/6.86/8.6706/No support/No F-Track Level/No F-Track Level/9.15,"81.82%, Past 6 years, 22",No Information,No Information,No Information,No Information,No Information,No Information,11.22%/5.1%/7.56%,"14.26%, 14.97%",8.2 months/6 days/3.1 months,11.41%,3.46%,7.95%,0.46,0.15,81.76%/159/0 days (Across ALL Assets),67.13%/362/0 days (Across ALL Assets)
TRENDPULSE,"CEN.NZ, Long, 2025-11-04 (Price: 9.53)",Daily,No Exit Yet,No Price Target,2025-12-26 (Avg),4.74%/9.16%,"-1.47%, 1.7 month","2025-12-24 (Price: 9.39), 1.47% below",9.835 (Avg % Gain of Historic Winning trades)/10.42 (Exit Rule)/11.2606 (F-Stack 1)/15.4512 (F-Stack 2)/10.2505 (Backtested Max),2026-04-13 (Max)/2025-12-26 (Avg),8.95/6.86/8.6706/No support/No F-Track Level/No F-Track Level/9.12,"88.89%, Past 4 years, 27",No Information,No Information,No Information,No Information,No Information,0.53% below/1.47% below/1.47% below,7.56%/1.51%/3.2%,"7.04%, 16.17%",3.7 months/7 days/1.2 month,-0.65%,3.46%,-4.11%,0.55,0.15,88.27%/307/0 days (Across ALL Assets),82.44%/655/0 days (Across ALL Assets)
TRENDPULSE,"SUM.NZ, Long, 2025-11-16 (Price: 12.25)",Weekly,No Exit Yet,No Price Target,2025-12-26 (Min),2.74%/4.8%,"0.24%, 1.3 month","2025-12-24 (Price: 12.28), 0.24% above",13.5301 (Historic Rise or Fall to Pivot)/13.0499 (Avg % Gain of Historic Winning trades)/12.87 (Exit Rule)/13.345 (Horizontal)/19.8479 (F-Stack 1)/26.5969 (F-Stack 2)/13.5595 (Backtested Max)/12.6163 (Backtested Min),2026-02-06 (Max)/2025-12-26 (Min)/2026-01-15 (Avg),10.66/9.1367/11.0645/No support/No F-Track Level/No F-Track Level/11.45,"90.91%, Past 10 years, 11",No Information,No Information,No Information,No Information,No Information,3.54% above/0.24% above/0.24% above,10.69%/2.99%/6.53%,"8.88%, 47.61%",1.9 month/28 days/1.4 month,-0.02%,11.46%,-11.48%,0.54,0.63,95.21%/146/0 days (Across ALL Assets),81.88%/276/0 days (Across ALL Assets)
TRENDPULSE,"SUM.NZ, Long, 2024-11-24 (Price: 13.1)",Weekly,2025-12-21 (Price: 11.87),No Price Target,No Date Target,9.87%/13.64%,"-6.26%, 1.1 year","2025-12-24 (Price: 12.28), 6.26% below",14.4689 (Historic Rise or Fall to Pivot)/13.9554 (Avg % Gain of Historic Winning trades)/14.24 (Exit Rule)/19.8479 (F-Stack 1)/26.5969 (F-Stack 2)/14.5004 (Backtested Max)/13.4917 (Backtested Min),No Next Date Target,9.4/9.246/11.0645/No support/No F-Track Level/No F-Track Level/11.11,"90.91%, Past 10 years, 11",No Information,No Information,No Information,No Information,No Information,2.15% below/6.26% below/6.26% below,10.69%/2.99%/6.53%,"8.88%, 47.61%",1.9 month/28 days/1.4 month,-0.02%,11.46%,-11.48%,0.54,0.63,95.21%/146/0 days (Across ALL Assets),81.88%/276/0 days (Across ALL Assets)
TRENDPULSE,"GOOG, Long, 2025-10-31 (Price: 281.82)",Monthly,No Exit Yet,317.3575 (Backtested Min),No Date Target,2.27%/8.9%,"12.01%, 1.8 month","2025-12-24 (Price: 315.67), 12.01% above",343.764 (Historic Rise or Fall to Pivot)/412.669 (Avg % Gain of Historic Winning trades)/402.28 (Exit Rule)/322.8294 (F-Stack 2)/459.4793 (Backtested Max),2027-01-17 (Max)/2026-06-09 (Min)/2026-07-27 (Avg),156.23/84.6567/240.3589/219.0619/No F-Track Level/No F-Track Level/194.01,"100.0%, Past 20 years, 11",No Information,No Information,No Information,No Information,No Information,29.61% above/25.41% above/12.01% above,63.04%/12.61%/46.43%,"-0.0%, 18.92%",10.2 months/5.1 months/6.2 months,13.15%,17.12%,-3.97%,1.16,0.87,95.08%/61/0 days (Across ALL Assets),80.0%/110/0 days (Across ALL Assets)
FRACTAL TRACK,"META, Long, 2025-11-11 (Price: 627.08)",Daily,No Exit Yet,672.09 (EMA 200),No Date Target,3.05%/4.44%,"6.45%, 1.4 month","2025-12-24 (Price: 667.55), 6.45% above",687.9068 (Avg % Gain of Historic Winning trades)/940.2 (Exit Rule)/842.484 (F-Stack 1)/1305.5879 (F-Stack 2)/697.1875 (Backtested Max),2026-05-03 (Max)/2026-02-23 (Avg),618.94/280.19/556.264/No support/No F-Track Level/No F-Track Level/No EMA 200 Support,"80.0%, Past 5 years, 10",No Information,No Information,No Information,"38.2% (Price: 596.8957), 11.84% above, Upmove Bounce Back","2023-08-18 (Price: 274.38), 2025-08-15 (Price: 796.25)",No Information,11.18%/3.89%/9.7%,"3.02%, 27.47%",4 months/11 days/2.4 months,26.51%,13.27%,13.24%,0.96,0.62,95.82%/359/0 days (Across ALL Assets),56.14%/57/0 days (Across ALL Assets)
TRENDPULSE,"ORCL, Long, 2025-09-21 (Price: 308.66)",Weekly,No Exit Yet,No Price Target,2025-12-21 (Avg),59.79%/68.53%,"-36.02%, 3.2 months","2025-12-24 (Price: 197.49), 36.02% below",347.829 (Historic Rise or Fall to Pivot)/332.8281 (Avg % Gain of Historic Winning trades)/383.61 (Exit Rule)/376.1425 (F-Stack 2)/374.2502 (Backtested Max)/315.574 (Backtested Min),2026-06-30 (Max),226.13/82.7925/233.7381/167.1709/No F-Track Level/No F-Track Level/188.37,"96.67%, Past 10 years, 30",No Information,No Information,No Information,No Information,No Information,32.41% below/36.02% below/36.02% below,21.25%/2.24%/7.83%,"11.71%, 25.99%",6.5 months/28 days/2.1 months,9.56%,9.15%,0.41%,1.07,0.47,95.21%/146/0 days (Across ALL Assets),81.88%/276/0 days (Across ALL Assets)
FRACTAL TRACK,"PG, Long, 2025-06-30 (Price: 159.32)",Monthly,No Exit Yet,No Price Target,2025-12-23 (Min),12.98%/19.76%,"-9.31%, 5.9 months","2025-12-25 (Price: 144.49), 9.31% below",173.0375 (Historic Rise or Fall to Pivot)/191.3752 (Avg % Gain of Historic Winning trades)/194.27 (Exit Rule)/179.4533 (Horizontal)/186.6499 (F-Stack 1)/209.3631 (F-Stack 2)/205.013 (Backtested Max)/163.2393 (Backtested Min),2032-12-01 (Max)/2027-06-28 (Avg),126.25/121.86/140.2317/117.5404/No F-Track Level/No F-Track Level/156.61,"79.17%, Past 39 years, 24",No Information,No Information,No Information,"38.2% (Price: 158.1785), 8.65% below, Upmove Bounce Back","2022-10-31 (Price: 122.18), 2024-11-30 (Price: 180.43)",No Information,28.68%/2.46%/20.12%,"29.44%, 32.8%",5.2 years/4.1 months/1.4 year,5.59%,5.32%,0.27%,0.88,0.27,84.62%/39/0 days (Across ALL Assets),68.29%/82/0 days (Across ALL Assets)
TRENDPULSE,"RELIANCE.NS, Long, 2024-02-29 (Price: 1460.8)",Monthly,No Exit Yet,1567.4384 (Backtested Min),No Date Target,10.91%/28.33%,"6.67%, 1.8 year","2025-12-24 (Price: 1558.2), 6.67% above",2216.3258 (Historic Rise or Fall to Pivot)/1728.1264 (Avg % Gain of Historic Winning trades)/1999.6 (Exit Rule)/2250.6285 (F-Stack 2)/2080.9096 (Backtested Max),2026-11-15 (Max),1071.86/853.4344/1393.886/957.4297/No F-Track Level/No F-Track Level/1244.6,"92.86%, Past 20 years, 14",No Information,No Information,No Information,No Information,No Information,9.22% above/6.67% above/6.67% above,42.45%/7.3%/18.3%,"26.02%, 36.79%",1.9 year/7.1 months/1.1 year,8.89%,12.31%,-3.42%,0.95,0.63,95.08%/61/0 days (Across ALL Assets),80.0%/110/0 days (Across ALL Assets)
TRENDPULSE,"ARM, Long, 2025-10-09 (Price: 170.66)",Daily,No Exit Yet,No Price Target,2025-12-26 (Max),60.44%/70.9%,"-34.64%, 2.5 months","2025-12-24 (Price: 111.55), 34.64% below",178.9711 (Historic Rise or Fall to Pivot)/190.6443 (Avg % Gain of Historic Winning trades)/218.0854 (F-Stack 1)/235.5107 (F-Stack 2)/199.9282 (Backtested Max),2025-12-26 (Max),139.62/165.49/169.9022/159.9054/No F-Track Level/No F-Track Level/136.96,"100.0%, Past 4 years, 4",No Information,No Information,No Information,No Information,No Information,29.99% below/34.64% below/34.64% below,17.15%/3.93%/11.71%,"-0.0%, 18.88%",1.8 month/10 days/1 month,32.52%,26.25%,6.27%,1.06,1.04,88.27%/307/0 days (Across ALL Assets),82.44%/655/0 days (Across ALL Assets)
TRENDPULSE,"TCS.NS, Long, 2025-12-05 (Price: 3238.2)",Daily,2025-12-24 (Price: 3319.0) (Today),No Price Target,No Date Target,0.63%/2.12%,"2.5%, 19 days","2025-12-24 (Price: 3319.0), 2.5% above",3389.4239 (Historic Rise or Fall to Pivot)/3339.8795 (Avg % Gain of Historic Winning trades)/3396.9 (Exit Rule)/4543.575 (Horizontal)/5637.7577 (F-Stack 1)/6110.9256 (F-Stack 2)/3503.0848 (Backtested Max),2026-06-14 (Max)/2026-01-17 (Avg),2990.2/2923.4601/3006.8346/2637.2425/No F-Track Level/No F-Track Level/No EMA 200 Support,"96.15%, Past 4 years, 26",No Information,No Information,No Information,No Information,No Information,2.78% above/2.5% above/2.5% above,8.18%/1.59%/3.14%,"12.98%, 25.8%",4.4 months/6 days/1 month,14.5%,5.53%,8.97%,0.53,0.28,88.27%/307/0 days (Across ALL Assets),82.44%/655/0 days (Across ALL Assets)
SIGMASHELL,"BTI, Long, 2025-10-01 (Price: 52.28)",Daily,No Exit Yet,No Price Target,2025-12-22 (Min),15.68%/43.65%,"9.49%, 2.8 months","2025-12-24 (Price: 57.24), 9.49% above",82.226 (Exit Rule)/82.226 (F-Stack 1)/92.0468 (F-Stack 2)/66.2178 (Backtested Max),2026-11-22 (Max)/2026-03-15 (Avg),46.69/28.5067/49.3734/41.6622/No F-Track Level/No F-Track Level/50.3,"77.78%, Past 5 years, 9","-6.68, 93.18",No Information,No Information,No Information,No Information,No Information,26.66%/0.22%/7.55%,"3.83%, 21.48%",9.6 months/1.9 month/3.8 months,7.97%,7.13%,0.84%,0.5,0.36,91.43%/70/0 days (Across ALL Assets),75.11%/237/0 days (Across ALL Assets)
SIGMASHELL,"TRI.TO, Long, 2025-11-04 (Price: 206.63)",Daily,No Exit Yet,No Price Target,2025-12-26 (Min),14.77%/15.13%,"-12.04%, 1.7 month","2025-12-24 (Price: 181.76), 12.04% below",209.2542 (Historic Rise or Fall to Pivot)/226.4871 (Avg % Gain of Historic Winning trades)/293.2329 (Exit Rule)/240.8933 (Horizontal)/293.2329 (F-Stack 1)/455.2123 (F-Stack 2)/238.36 (EMA 200)/234.0705 (Backtested Max)/208.6136 (Backtested Min),2026-02-11 (Max)/2025-12-26 (Min)/2026-01-25 (Avg),No Recent Minima/116.89/193.124/131.2534/No F-Track Level/No F-Track Level/No EMA 200 Support,"90.0%, Past 5 years, 10","-3.94, 65.62",No Information,No Information,No Information,No Information,No Information,13.28%/0.96%/9.61%,"5.24%, 12.83%",2.3 months/1.2 month/1.9 month,11.85%,6.18%,5.67%,0.52,0.33,91.43%/70/0 days (Across ALL Assets),75.11%/237/0 days (Across ALL Assets)
TRENDPULSE,"DOL.TO, Long, 2025-05-31 (Price: 176.5)",Monthly,No Exit Yet,205.7637 (Avg % Gain of Historic Winning trades),No Date Target,2.74%/7.2%,"16.32%, 6.9 months","2025-12-24 (Price: 205.3), 16.32% above",210.9352 (Historic Rise or Fall to Pivot)/233.0 (Exit Rule)/294.0831 (F-Stack 2)/220.0779 (Backtested Max),2026-11-03 (Max)/2026-01-03 (Min)/2026-07-13 (Avg),39.04/45.99/132.3972/94.2286/No F-Track Level/No F-Track Level/147.05,"100.0%, Past 20 years, 9",No Information,No Information,No Information,No Information,No Information,16.32% above/19.72% above/16.32% above,24.69%/6.61%/16.58%,"-0.0%, 12.12%",1 year/5 months/9.4 months,9.06%,19.7%,-10.64%,1.65,1.31,95.08%/61/0 days (Across ALL Assets),80.0%/110/0 days (Across ALL Assets)
TRENDPULSE,"DIA, Long, 2025-10-26 (Price: 472.21)",Weekly,2025-12-25 (Price: 487.01),No Price Target,No Date Target,0.53%/0.79%,"3.13%, 2 months","2025-12-24 (Price: 487.01), 3.13% above",490.8623 (Historic Rise or Fall to Pivot)/489.5873 (Avg % Gain of Historic Winning trades)/546.77 (Exit Rule)/538.1343 (F-Stack 1)/826.9871 (F-Stack 2)/502.0537 (Backtested Max),2026-12-25 (Max)/2026-01-03 (Min)/2026-06-04 (Avg),454.87/321.6725/359.6128/249.2814/No F-Track Level/No F-Track Level/435.91,"100.0%, Past 10 years, 21",No Information,No Information,No Information,No Information,No Information,5.46% above/3.13% above/3.13% above,6.32%/1.23%/3.68%,"-0.0%, 14.86%",9.8 months/1.6 month/5.1 months,6.77%,6.84%,-0.07%,2.38,0.43,95.21%/146/0 days (Across ALL Assets),81.88%/276/0 days (Across ALL Assets)
TRENDPULSE,"FPH.NZ, Long, 2024-09-08 (Price: 37.4)",Weekly,2025-12-25 (Price: 37.86),No Price Target,No Date Target,5.62%/8.11%,"1.23%, 1.3 year","2025-12-24 (Price: 37.86), 1.23% above",43.7879 (Historic Rise or Fall to Pivot)/40.953 (Avg % Gain of Historic Winning trades)/45.55 (Exit Rule)/40.9296 (F-Stack 1)/48.5677 (F-Stack 2)/44.0161 (Backtested Max)/39.9881 (Backtested Min),No Next Date Target,23.8/22.675/30.9793/26.1935/No F-Track Level/No F-Track Level/27.55,"100.0%, Past 10 years, 15",No Information,No Information,No Information,No Information,No Information,6.95% above/1.23% above/1.23% above,17.69%/6.92%/9.5%,"-0.0%, 27.7%",3.3 months/1.2 month/2.4 months,12.27%,12.4%,-0.13%,1.68,0.68,95.21%/146/0 days (Across ALL Assets),81.88%/276/0 days (Across ALL Assets)
FRACTAL TRACK,"SJ.TO, Long, 2025-08-24 (Price: 78.13)",Weekly,No Exit Yet,86.9118 (Historic Rise or Fall to Pivot),No Date Target,4.77%/9.66%,"10.67%, 4.1 months","2025-12-25 (Price: 86.47), 10.67% above",90.5917 (Avg % Gain of Historic Winning trades)/136.68 (Exit Rule)/95.0177 (F-Stack 1)/123.2166 (F-Stack 2)/94.8264 (Backtested Max),2035-12-04 (Max)/2027-07-02 (Avg),76.98/38.015/66.807/60.0601/No F-Track Level/No F-Track Level/77.2,"92.31%, Past 20 years, 13",No Information,No Information,No Information,"23.66% (Price: 74.9138), 15.43% above, Upmove Bounce Back","1999-03-07 (Price: 0.425), 2024-07-28 (Price: 98.0)",No Information,21.37%/7.04%/15.95%,"14.17%, 49.7%",7.2 years/1.2 month/1.3 year,8.85%,12.31%,-3.46%,1.52,0.64,98.94%/94/0 days (Across ALL Assets),62.9%/124/0 days (Across ALL Assets)
TRENDPULSE,"CNU.NZ, Long, 2024-09-30 (Price: 8.72)",Monthly,2025-12-25 (Price: 9.41),No Price Target,No Date Target,9.98%/17.17%,"7.91%, 1.3 year","2025-12-24 (Price: 9.41), 7.91% above",10.3489 (Avg % Gain of Historic Winning trades)/11.0256 (Backtested Max),2026-01-25 (Max),7.18/6.0983/No F-Stack Support/No F-Stack Support/No F-Track Level/No F-Track Level/7.84,"100.0%, Past 20 years, 6",No Information,No Information,No Information,No Information,No Information,10.19% above/7.91% above/7.91% above,26.44%/7.23%/18.68%,"-0.0%, 15.86%",11.1 months/5.1 months/8.1 months,14.78%,5.28%,9.5%,1.0,0.27,95.08%/61/0 days (Across ALL Assets),80.0%/110/0 days (Across ALL Assets)
TRENDPULSE,"SOXX, Long, 2024-06-30 (Price: 246.63)",Quarterly,No Exit Yet,301.3628 (F-Stack 2),No Date Target,6.33%/7.5%,"24.13%, 1.5 year","2025-12-24 (Price: 306.14), 24.13% above",329.1031 (Historic Rise or Fall to Pivot)/364.3958 (Avg % Gain of Historic Winning trades)/376.19 (Exit Rule)/430.394 (Backtested Max)/325.5269 (Backtested Min),2029-03-16 (Max)/2026-05-08 (Min)/2027-03-17 (Avg),106.24/95.6666/226.8328/161.2/No F-Track Level/No F-Track Level/198.64,"100.0%, Past 24 years, 7",No Information,No Information,No Information,No Information,No Information,24.13% above/31.24% above/24.13% above,74.51%/31.99%/47.75%,"-0.0%, 41.23%",3.3 years/1.3 year/1.9 year,16.0%,8.74%,7.26%,0.66,0.45,88.89%/9/0 days (Across ALL Assets),100.0%/1/0 days (Across ALL Assets)
TRENDPULSE,"FBU.NZ, Long, 2025-11-16 (Price: 3.45)",Weekly,No Exit Yet,3.6453 (Backtested Max),No Date Target,5.23%/119.97%,"5.22%, 1.3 month","2025-12-24 (Price: 3.63), 5.22% above",3.82 (Exit Rule)/7.985 (Horizontal)/12.7156 (F-Stack 1)/14.3053 (F-Stack 2),2027-06-12 (Max)/2026-04-17 (Min)/2027-01-24 (Avg),2.94/2.82/3.1474/No support/No F-Track Level/No F-Track Level/3.17,"88.89%, Past 10 years, 18",No Information,No Information,No Information,No Information,No Information,4.01% above/5.22% above/5.22% above,5.66%/3.22%/4.85%,"41.61%, 51.08%",1.1 year/3.5 months/10 months,-4.06%,-3.73%,-0.33%,-0.25,-0.19,95.21%/146/0 days (Across ALL Assets),81.88%/276/0 days (Across ALL Assets)
FRACTAL TRACK,"INDY, Long, 2025-08-24 (Price: 52.38)",Weekly,No Exit Yet,No Price Target,2025-12-23 (Min),10.67%/11.53%,"-5.99%, 4.1 months","2025-12-25 (Price: 49.24), 5.99% below",54.9152 (Historic Rise or Fall to Pivot)/61.096 (Avg % Gain of Historic Winning trades)/57.14 (Exit Rule)/54.495 (Horizontal)/60.9145 (F-Stack 1)/68.1277 (F-Stack 2)/62.9031 (Backtested Max)/60.2894 (Backtested Min),2029-07-01 (Max)/2027-08-22 (Avg),51.19/40.73/48.7816/37.969/No F-Track Level/No F-Track Level/52.23,"100.0%, Past 16 years, 14",No Information,No Information,No Information,"38.2% (Price: 51.8369), 5.01% below, Upmove Bounce Back","2025-03-09 (Price: 46.93), 2025-06-29 (Price: 54.87)",No Information,20.09%/15.1%/16.64%,"-0.0%, 40.6%",2.7 years/2.8 months/1.4 year,10.17%,3.43%,6.74%,1.78,0.13,98.94%/94/0 days (Across ALL Assets),62.9%/124/0 days (Across ALL Assets)
FRACTAL TRACK,"META, Short, 2025-11-30 (Price: 647.95)",Monthly,No Exit Yet,668.6196 (Backtested Min),No Date Target,-66.59%/-58.03%,"-3.02%, 25 days","2025-12-25 (Price: 667.55), 3.02% above",559.6344 (Historic Rise or Fall to Pivot)/554.6452 (Avg % Gain of Historic Winning trades)/223.05 (Exit Rule)/280.19 (Horizontal)/556.264 (F-Stack 1),2026-04-13 (Max)/2026-01-09 (Min)/2026-02-11 (Avg),No support/280.19/556.264/No support/No F-Track Level/No F-Track Level/No support,"100.0%, Past 13 years, 4",No Information,No Information,No Information,"23.66% (Price: 628.6993), 6.18% above, Upmove Break Below","2022-11-30 (Price: 88.09), 2025-08-31 (Price: 796.25)",No Information,32.63%/3.19%/14.4%,"0.0%, 32.63%",3.1 months/28 days/1.7 month,10.6%,5.4%,5.2%,0.76,0.8,85.71%/7/0 days (Across ALL Assets),36.84%/19/0 days (Across ALL Assets)
FRACTAL TRACK,"ETH-USD, Short, 2025-10-31 (Price: 3847.0803)",Monthly,2025-11-30 (Price: 2992.1125),No Price Target,2025-12-22 (Avg),-68.6%/-53.45%,"23.47%, 1.8 month","2025-12-25 (Price: 2944.0239), 23.47% below",924.54 (Exit Rule)/1370.4997 (Horizontal)/2637.9184 (F-Stack 2),2026-01-25 (Max),No support/1370.4997/3454.2267/2637.9184/No F-Track Level/No F-Track Level/No EMA 200 Support,"100.0%, Past 10 years, 4",No Information,No Information,No Information,"23.66% (Price: 3801.2773), 22.55% below, Upmove Break Below","2018-12-31 (Price: 82.8299), 2025-08-31 (Price: 4953.7329)",No Information,32.85%/5.87%/17.04%,"0%, 32.85%",2 months/1 month/1.2 month,59.0%,5.2%,53.8%,1.33,1.37,85.71%/7/0 days (Across ALL Assets),36.84%/19/0 days (Across ALL Assets)
