"Symbol, Signal, Signal Date/Price[$]",Exit Signal Date/Price[$],Current Mark to Market and Holding Period,"Win Rate [%], History Tested, Number of Trades","Interval, Confirmation Status",Cancellation Level/Date,"Today Trading Date/Price[$], Today price vs Signal",Trading Days between Signal and Today Date,"Level, Trendpulse start Date/Price($)",Trendpulse Breakout Date/Price($),Earliest Unconfirmed Signal Date/Price($),Time from Latest Trading day to Trendpulse Breakout day/Earliest Unconfirmed Signal day/Confirmed Signal day,% Change in Price on Latest Trading day vs Price on Trendpulse Breakout day/Earliest Unconfirmed Signal day/Confirmed Signal day,TrendPulse Start/End (Date and Price($)),Backtested Returns(Win Trades) [%] (Max/Min/Avg),"Backtested Max Loss [%], Backtested Worst Single MTM during Hold Period [%]",Backtested Holding Period(Win Trades) (days) (Max/Min/Avg),Target Exit Date(Win Trades) (Max/Min/Avg),Backtested Strategy CAGR [%],CAGR of Buy and Hold [%],CAGR difference (Strategy - Buy and Hold) [%],Backtested Strategy Sharpe Ratio,Sharpe Ratio of Buy and Hold,Targets (Historic Rise or Fall to Pivot/Avg % Gain of Historic Winning trades/Function Specific Target/Horizontal/F-Stack 1/F-Stack 2/EMA 200) [$],Support (Recent Extrema/Horizontal/F-Stack 1/F-Stack 2/F-Track 1/F-Track 2/EMA 200) [$],Latest Past 6 Months Performance[%]/No. of Analysed Trades/Avg Holding Period (days) (Across ALL Assets),Forward Testing Win Rate[%]/No. of Analysed Trades/Avg Holding Period (days) (Across ALL Assets),Signal Open Price
"TLT, Long, 2026-02-11 (Price: 88.06)",No Exit Yet,"0.0%, 0 days","78.95%, Past 4 years, 19","Daily, is CONFIRMED on 2026-02-11",Already confirmed,"2026-02-11 (Price: 88.06), 0.0% below",0 days,"2, 2025-10-20 (Price: 91.55)",2026-02-09 (Price: 87.52),2026-02-11 (Price: 88.06),2/0/0 days,0.62% above/0.0% below/0.0% below,2025-10-20 (Price: 91.904)/2026-02-11 (Price: 87.5909),4.2%/0.28%/2.54%,"15.05%, 24.39%",5.2 months/4 days/20 days,2026-09-24/2026-02-16/2026-03-11,-8.18%,-5.67%,-2.51%,0.0,-0.66,90.1999/90.2967/90.15/153.2067/183.2134/206.1357/No EMA 200 Target,86.54/83.3033/No F-Stack Support/No F-Stack Support/No support/No support/87.91,No Data (Across ALL Assets),No Data (Across ALL Assets),88.04
"ATD.TO, Long, 2026-02-11 (Price: 82.51)",No Exit Yet,"0.0%, 0 days","100.0%, Past 4 years, 21","Daily, is CONFIRMED on 2026-02-11",Already confirmed,"2026-02-11 (Price: 82.51), 0.0% below",0 days,"2, 2025-12-18 (Price: 74.25)",2026-02-11 (Price: 82.51),2026-02-11 (Price: 82.51),0/0/0 days,0.0% below/0.0% below/0.0% below,2025-12-18 (Price: 74.8582)/2026-02-11 (Price: 80.0671),5.25%/1.18%/3.68%,"-0.0%, 15.84%",4.4 months/11 days/2.1 months,2026-08-21/2026-02-26/2026-05-13,13.1%,6.96%,6.14%,2.83,0.36,83.3186/85.5464/87.47/85.51/100.8822/111.119/No EMA 200 Target,70.84/45.49/73.9889/69.1528/No support/No support/72.38,No Data (Across ALL Assets),No Data (Across ALL Assets),80.11
"SOXX, Long, 2026-02-11 (Price: 360.2)",No Exit Yet,"0.0%, 0 days","77.78%, Past 20 years, 9","Monthly, will be confirmed as valid at the end of this month",Signal Cancelled if Price < 342.37 prior to 2026-02-27,"2026-02-11 (Price: 360.2), 0.0% below",0 days,"0, 2021-02-28 (Price: 138.97)",2026-01-31 (Price: 346.3),2026-02-11 (Price: 360.2),11/0/0 days,4.01% above/0.0% below/0.0% below,2021-02-28 (Price: 156.6767)/2026-02-11 (Price: 318.4767),26.25%/7.49%/15.33%,"39.0%, 59.88%",10.2 months/5 months/6.2 months,2027-04-30/2026-09-16/2026-11-07,-3.22%,7.76%,-10.98%,0.06,0.4,412.357/415.4187/492.94/No Horizontal Resistance/358.5021/395.2114/No EMA 200 Target,183.84/110.475/320.8469/267.2317/312.8151/281.4828/268.41,No Data (Across ALL Assets),No Data (Across ALL Assets),342.37
"SLV, Long, 2026-02-11 (Price: 76.56)",No Exit Yet,"0.0%, 0 days","100.0%, Past 19 years, 4","Quarterly, will be confirmed as valid at the end of this quarter",Signal Cancelled if Price < 67.3 prior to 2026-03-31,"2026-02-11 (Price: 76.56), 0.0% below",0 days,"4, 2019-03-31 (Price: 14.18)",2025-12-31 (Price: 64.42),2026-02-06 (Price: 70.19),42/5/0 days,18.85% above/9.08% above/0.0% below,2019-03-31 (Price: 15.14)/2026-02-11 (Price: 60.08),72.45%/72.45%/72.45%,"-0.0%, 28.77%",4.8 years/4.8 years/4.8 years,2032-12-18 (Max),9.45%,6.73%,2.72%,0.47,0.33,101.5875/132.0277/113.99/No Horizontal Resistance/79.1429/95.8563/No EMA 200 Target,17.5/18.99/67.0665/59.2029/72.0235/60.345/45.63,No Data (Across ALL Assets),No Data (Across ALL Assets),67.3
"^DJI, Long, 2026-02-11 (Price: 50166.1016)",No Exit Yet,"0.0%, 0 days","100.0%, Past 34 years, 4","Quarterly, will be confirmed as valid at the end of this quarter",Signal Cancelled if Price < 48105.9805 prior to 2026-03-31,"2026-02-11 (Price: 50166.1016), 0.0% below",0 days,"2, 2022-03-31 (Price: 34678.3516)",2026-02-11 (Price: 50166.1016),2026-02-06 (Price: 50115.6719),0/5/0 days,0.0% below/0.1% above/0.0% below,2022-03-31 (Price: 36952.6484)/2026-02-11 (Price: 48764.9837),39.58%/39.58%/39.58%,"-0.0%, 23.2%",3.5 years/3.5 years/3.5 years,2031-02-10 (Max),7.15%,5.81%,1.34%,1.43,0.34,57856.565/70021.8446/59458.75/No Horizontal Resistance/50924.8674/68852.5953/No EMA 200 Target,28725.51/32154.0552/39844.8882/32997.1394/47223.8106/45202.6041/45727.19,No Data (Across ALL Assets),No Data (Across ALL Assets),48105.9805
"BNS.TO, Long, 2026-02-11 (Price: 104.76)",No Exit Yet,"0.0%, 0 days","100.0%, Past 194 years, 5","Quarterly, will be confirmed as valid at the end of this quarter",Signal Cancelled if Price < 101.58 prior to 2026-03-31,"2026-02-11 (Price: 104.76), 0.0% below",0 days,"2, 2022-03-31 (Price: 89.6)",2025-09-30 (Price: 89.99),2026-01-21 (Price: 102.06),134/21/0 days,16.41% above/2.65% above/0.0% below,2022-03-31 (Price: 95.0)/2026-02-11 (Price: 73.3855),22.63%/5.06%/9.45%,"-0.0%, 41.59%",5.1 years/1.5 year/4.2 years,2033-05-22/2028-04-03/2032-02-10,5.69%,6.38%,-0.69%,0.82,0.34,115.6027/114.6598/113.86/No Horizontal Resistance/105.6031/114.0496/No EMA 200 Target,60.88/61.07/95.6649/90.1456/94.2174/86.786/86.58,No Data (Across ALL Assets),No Data (Across ALL Assets),101.58
"XLU, Long, 2026-02-11 (Price: 44.59)",No Exit Yet,"0.0%, 0 days","81.25%, Past 20 years, 16","Monthly, will be confirmed as valid at the end of this month",Signal Cancelled if Price < 43.4165 prior to 2026-02-27,"2026-02-11 (Price: 44.59), 0.0% below",0 days,"4, 2022-02-28 (Price: 33.965)",2026-02-11 (Price: 44.59),2026-02-09 (Price: 43.48),0/2/0 days,0.0% below/2.55% above/0.0% below,2022-02-28 (Price: 38.4139)/2026-02-11 (Price: 43.2005),13.3%/1.41%/7.12%,"27.25%, 40.67%",3.4 years/5.1 months/1.6 year,2030-12-19/2026-09-20/2028-05-25,2.88%,2.86%,0.02%,-0.05,0.05,47.8941/47.7648/50.97/No Horizontal Resistance/60.8844/89.6256/No EMA 200 Target,29.46/29.8725/43.1213/32.1431/42.2713/39.436/42.62,No Data (Across ALL Assets),No Data (Across ALL Assets),43.3
"PFE, Long, 2026-02-11 (Price: 27.795)",No Exit Yet,"0.0%, 0 days","73.08%, Past 10 years, 26","Weekly, will be confirmed as valid at the end of this week",Signal Cancelled if Price < 27.18 prior to 2026-02-13,"2026-02-11 (Price: 27.795), 0.0% below",0 days,"2, 2025-08-31 (Price: 24.76)",2026-02-08 (Price: 27.22),2026-02-10 (Price: 27.61),3/1/0 days,2.11% above/0.67% above/0.0% below,2025-08-31 (Price: 28.1627)/2026-02-11 (Price: 25.8936),20.77%/1.93%/8.41%,"41.05%, 50.99%",1.2 year/28 days/5.3 months,2027-10-29/2026-03-23/2026-09-29,2.79%,1.76%,1.03%,0.12,0.02,29.4349/30.1326/29.62/55.39/66.4624/71.5868/No EMA 200 Target,23.76/23.345/25.6206/22.7912/No support/No support/24.8,No Data (Across ALL Assets),No Data (Across ALL Assets),27.18
"XLE, Long, 2026-02-11 (Price: 54.98)",No Exit Yet,"0.0%, 0 days","84.62%, Past 20 years, 13","Monthly, will be confirmed as valid at the end of this month",Signal Cancelled if Price < 50.1 prior to 2026-02-27,"2026-02-11 (Price: 54.98), 0.0% below",0 days,"0, 2021-02-28 (Price: 24.075)",2026-01-31 (Price: 51.05),2026-02-03 (Price: 51.67),11/8/0 days,7.7% above/6.41% above/0.0% below,2021-02-28 (Price: 47.3488)/2026-02-11 (Price: 46.3737),39.5%/7.86%/23.13%,"28.83%, 62.76%",4.8 years/10.1 months/1.8 year,2032-12-18/2027-04-25/2028-09-06,6.1%,3.44%,2.66%,0.63,0.15,60.0711/67.6969/73.52/No Horizontal Resistance/53.4027/56.9104/No EMA 200 Target,40.25/22.8475/47.8423/43.779/44.7777/38.4281/44.39,No Data (Across ALL Assets),No Data (Across ALL Assets),50.1
"CSCO, Long, 2026-02-11 (Price: 85.75)",No Exit Yet,"0.0%, 0 days","94.74%, Past 10 years, 19","Weekly, will be confirmed as valid at the end of this week",Signal Cancelled if Price < 84.73 prior to 2026-02-13,"2026-02-11 (Price: 85.75), 0.0% below",0 days,"6, 2024-09-29 (Price: 53.02)",2026-02-08 (Price: 84.82),2026-02-06 (Price: 84.82),3/5/0 days,1.1% above/1.1% above/0.0% below,2024-09-29 (Price: 58.4813)/2026-02-11 (Price: 80.2892),14.42%/0.74%/6.58%,"16.99%, 36.88%",8.6 months/28 days/2.8 months,2027-02-19/2026-03-23/2026-06-12,7.43%,7.12%,0.31%,0.77,0.38,94.0935/91.3924/105.39/No Horizontal Resistance/81.4336/89.7071/No EMA 200 Target,73.88/40.92/73.1467/64.9561/74.9901/66.8782/70.42,No Data (Across ALL Assets),No Data (Across ALL Assets),84.73
"DIA, Long, 2026-02-11 (Price: 501.33)",No Exit Yet,"0.0%, 0 days","100.0%, Past 20 years, 19","Monthly, will be confirmed as valid at the end of this month",Signal Cancelled if Price < 488.87 prior to 2026-02-27,"2026-02-11 (Price: 501.33), 0.0% below",0 days,"0, 2021-02-28 (Price: 309.45)",2026-01-31 (Price: 489.03),2026-02-11 (Price: 501.33),11/0/0 days,2.52% above/0.0% below/0.0% below,2021-02-28 (Price: 343.7129)/2026-02-11 (Price: 484.37),12.39%/4.81%/9.01%,"-0.0%, 49.08%",2.6 years/8.1 months/1.4 year,2029-10-28/2027-01-28/2028-02-09,1.42%,4.44%,-3.02%,2.35,0.21,540.8348/546.4998/616.46/No Horizontal Resistance/508.5373/687.3389/No EMA 200 Target,406.34/321.6725/398.0316/329.7358/472.4173/452.2096/457.45,No Data (Across ALL Assets),No Data (Across ALL Assets),488.87
"ENZL, Long, 2026-02-11 (Price: 47.898)",No Exit Yet,"0.0%, 0 days","100.0%, Past 20 years, 5","Monthly, will be confirmed as valid at the end of this month",Signal Cancelled if Price < 47.08 prior to 2026-02-27,"2026-02-11 (Price: 47.898), 0.0% below",0 days,"2, 2024-08-31 (Price: 49.25)",2026-01-31 (Price: 46.94),2026-02-06 (Price: 47.6),11/5/0 days,2.04% above/0.63% above/0.0% below,2024-08-31 (Price: 50.6462)/2026-02-11 (Price: 46.3954),18.88%/13.45%/17.07%,"-0.0%, 22.82%",1.5 year/1 year/1.2 year,2028-04-03/2027-07-17/2027-10-29,5.75%,1.82%,3.93%,1.1,-0.01,47.4382/56.0742/48.71/65.1933/79.7363/84.688/No EMA 200 Target,42.08/39.215/No F-Stack Support/No F-Stack Support/No support/No support/45.65,No Data (Across ALL Assets),No Data (Across ALL Assets),47.08
"IWM, Long, 2026-02-11 (Price: 264.95)",No Exit Yet,"0.0%, 0 days","100.0%, Past 25 years, 5","Quarterly, will be confirmed as valid at the end of this quarter",Signal Cancelled if Price < 247.63 prior to 2026-03-31,"2026-02-11 (Price: 264.95), 0.0% below",0 days,"2, 2021-09-30 (Price: 218.75)",2025-12-31 (Price: 246.16),2026-01-02 (Price: 248.78),42/40/0 days,7.63% above/6.5% above/0.0% below,2021-09-30 (Price: 244.4167)/2026-02-11 (Price: 245.1967),22.48%/22.48%/22.48%,"-0.0%, 49.28%",1 year/1 year/1 year,2027-07-17 (Max),2.77%,4.51%,-1.74%,0.75,0.21,248.0992/324.5108/292.67/No Horizontal Resistance/270.9222/282.5179/No EMA 200 Target,164.92/162.3167/245.3626/196.8345/247.9708/233.4497/234.26,No Data (Across ALL Assets),No Data (Across ALL Assets),247.63
"MAR, Long, 2026-02-11 (Price: 359.93)",No Exit Yet,"0.0%, 0 days","85.71%, Past 10 years, 28","Weekly, will be confirmed as valid at the end of this week",Signal Cancelled if Price < 331.25 prior to 2026-02-13,"2026-02-11 (Price: 359.93), 0.0% below",0 days,"4, 2025-03-16 (Price: 243.11)",2026-02-01 (Price: 315.3),2026-02-10 (Price: 359.35),10/1/0 days,14.15% above/0.16% above/0.0% below,2025-03-16 (Price: 267.3237)/2026-02-11 (Price: 313.7038),16.53%/2.51%/8.59%,"12.52%, 61.32%",11.4 months/28 days/4.1 months,2027-06-21/2026-03-23/2026-08-06,11.35%,10.48%,0.87%,0.65,0.53,412.7317/390.848/430.02/No Horizontal Resistance/355.3234/374.3581/No EMA 200 Target,260.2/129.12/313.5051/297.0775/311.722/277.303/280.15,No Data (Across ALL Assets),No Data (Across ALL Assets),331.25
"PG, Long, 2026-02-11 (Price: 159.665)",No Exit Yet,"0.0%, 0 days","100.0%, Past 10 years, 19","Weekly, will be confirmed as valid at the end of this week",Signal Cancelled if Price < 158.76 prior to 2026-02-13,"2026-02-11 (Price: 159.665), 0.0% below",0 days,"2, 2025-05-11 (Price: 157.66)",2026-02-01 (Price: 151.77),2026-02-10 (Price: 159.08),10/1/0 days,5.2% above/0.37% above/0.0% below,2025-05-11 (Price: 172.361)/2026-02-11 (Price: 147.2108),10.46%/1.28%/3.78%,"0%, 24.03%",10.7 months/28 days/3.2 months,2027-05-21/2026-03-23/2026-06-30,6.36%,4.3%,2.06%,1.76,0.19,169.692/165.7003/160.87/179.4533/198.7009/220.9395/No EMA 200 Target,141.79/130.72/147.1065/128.0678/158.1785/151.305/153.68,No Data (Across ALL Assets),No Data (Across ALL Assets),158.76
"FRW.NZ, Long, 2026-02-11 (Price: 14.81)",No Exit Yet,"0.0%, 0 days","88.24%, Past 20 years, 17","Monthly, will be confirmed as valid at the end of this month",Signal Cancelled if Price < 14.6 prior to 2026-02-27,"2026-02-11 (Price: 14.81), 0.0% below",0 days,"4, 2023-10-31 (Price: 7.45)",2026-02-11 (Price: 14.81),2026-02-05 (Price: 14.64),0/6/0 days,0.0% below/1.16% above/0.0% below,2023-10-31 (Price: 8.1046)/2026-02-11 (Price: 14.0138),19.83%/10.64%/14.72%,"3.66%, 17.71%",1.1 year/4 months/7 months,2027-09-07/2026-08-03/2026-12-12,9.97%,6.84%,3.13%,1.4,0.38,16.7442/16.99/19.23/No Horizontal Resistance/14.9925/16.4712/No EMA 200 Target,7.7/7.405/12.995/12.2806/13.2187/12.0933/12.58,No Data (Across ALL Assets),No Data (Across ALL Assets),14.6
"ATD.TO, Long, 2026-02-11 (Price: 82.51)",No Exit Yet,"0.0%, 0 days","90.0%, Past 10 years, 20","Weekly, will be confirmed as valid at the end of this week",Signal Cancelled if Price < 78.91 prior to 2026-02-13,"2026-02-11 (Price: 82.51), 0.0% below",0 days,"0, 2021-10-24 (Price: 48.65)",2026-02-11 (Price: 82.51),2026-02-11 (Price: 82.51),0/0/0 days,0.0% below/0.0% below/0.0% below,2021-10-24 (Price: 98.0496)/2026-02-11 (Price: 78.3308),15.58%/3.82%/6.76%,"7.08%, 28.5%",8.6 months/28 days/4.1 months,2027-02-19/2026-03-23/2026-08-06,10.6%,14.26%,-3.66%,0.87,0.82,88.9045/88.0877/102.83/85.51/100.8822/111.119/No EMA 200 Target,70.84/45.49/73.9889/69.1528/No support/No support/72.38,No Data (Across ALL Assets),No Data (Across ALL Assets),78.91
"BYD.TO, Long, 2026-02-11 (Price: 245.84)",No Exit Yet,"0.0%, 0 days","93.55%, Past 10 years, 31","Weekly, will be confirmed as valid at the end of this week",Signal Cancelled if Price < 236.48 prior to 2026-02-13,"2026-02-11 (Price: 245.84), 0.0% below",0 days,"0, 2021-10-24 (Price: 256.0)",2026-02-08 (Price: 242.94),2026-02-11 (Price: 245.84),3/0/0 days,1.19% above/0.0% below/0.0% below,2021-10-24 (Price: 352.0026)/2026-02-11 (Price: 231.3735),13.87%/2.81%/7.23%,"9.23%, 50.63%",7.2 months/28 days/4.3 months,2026-12-20/2026-03-23/2026-08-16,11.11%,16.86%,-5.75%,0.96,0.89,265.2614/263.6142/251.94/256.6133/325.4281/346.2134/No EMA 200 Target,209.51/188.685/232.1757/215.4728/No support/No support/217.55,No Data (Across ALL Assets),No Data (Across ALL Assets),236.48
"CNR.TO, Long, 2026-02-11 (Price: 144.2)",No Exit Yet,"0.0%, 0 days","88.0%, Past 10 years, 25","Weekly, will be confirmed as valid at the end of this week",Signal Cancelled if Price < 138.58 prior to 2026-02-13,"2026-02-11 (Price: 144.2), 0.0% below",0 days,"4, 2024-02-18 (Price: 175.06)",2026-02-08 (Price: 138.55),2026-02-09 (Price: 140.14),3/2/0 days,4.08% above/2.9% above/0.0% below,2024-02-18 (Price: 181.5627)/2026-02-11 (Price: 133.1732),10.37%/1.53%/6.76%,"5.75%, 17.25%",1.3 year/1.2 month/5 months,2027-12-20/2026-04-04/2026-09-16,8.06%,6.5%,1.56%,1.1,0.37,153.1837/153.9479/162.72/171.0825/No Next Fib Ext/No Next Fib Ext/No EMA 200 Target,130.99/127.536/No F-Stack Support/No F-Stack Support/No support/No support/135.96,No Data (Across ALL Assets),No Data (Across ALL Assets),138.58
"MX.TO, Long, 2026-02-11 (Price: 66.92)",No Exit Yet,"0.0%, 0 days","82.61%, Past 10 years, 23","Weekly, will be confirmed as valid at the end of this week",Signal Cancelled if Price < 64.4311 prior to 2026-02-13,"2026-02-11 (Price: 66.92), 0.0% below",0 days,"2, 2025-05-11 (Price: 45.21)",2026-02-11 (Price: 66.92),2026-02-06 (Price: 64.5),0/5/0 days,0.0% below/3.75% above/0.0% below,2025-05-11 (Price: 49.2387)/2026-02-11 (Price: 64.1105),35.52%/4.99%/17.34%,"20.89%, 73.13%",1.2 year/28 days/4.6 months,2027-10-29/2026-03-23/2026-08-29,11.89%,3.89%,8.0%,0.73,0.26,76.9312/78.5239/79.95/73.435/118.0011/153.5474/No EMA 200 Target,47.63/38.425/66.346/59.4784/No support/No support/51.54,No Data (Across ALL Assets),No Data (Across ALL Assets),64.36
"NA.TO, Long, 2026-02-11 (Price: 173.41)",No Exit Yet,"0.0%, 0 days","100.0%, Past 43 years, 5","Quarterly, will be confirmed as valid at the end of this quarter",Signal Cancelled if Price < 172.8 prior to 2026-03-31,"2026-02-11 (Price: 173.41), 0.0% below",0 days,"0, 2018-09-30 (Price: 64.51)",2025-12-31 (Price: 172.61),2026-02-10 (Price: 173.18),42/1/0 days,0.46% above/0.13% above/0.0% below,2018-09-30 (Price: 65.95)/2026-02-11 (Price: 156.19),41.25%/20.33%/29.84%,"0%, 21.01%",3.6 years/1.8 year/2.5 years,2031-04-03/2028-09-06/2029-09-06,7.2%,8.31%,-1.11%,3.17,0.49,221.1845/225.1555/238.75/No Horizontal Resistance/185.717/204.2705/No EMA 200 Target,54.39/82.9367/162.0277/152.3147/160.7722/150.4677/151.11,No Data (Across ALL Assets),No Data (Across ALL Assets),172.8
"SJ.TO, Long, 2026-02-11 (Price: 99.88)",No Exit Yet,"0.0%, 0 days","84.62%, Past 10 years, 26","Weekly, will be confirmed as valid at the end of this week",Signal Cancelled if Price < 97.81 prior to 2026-02-13,"2026-02-11 (Price: 99.88), 0.0% below",0 days,"2, 2025-08-31 (Price: 78.22)",2026-02-08 (Price: 97.82),2026-02-06 (Price: 97.82),3/5/0 days,2.11% above/2.11% above/0.0% below,2025-08-31 (Price: 79.2877)/2026-02-11 (Price: 94.1244),23.9%/3.84%/10.2%,"6.63%, 46.57%",1 year/1.2 month/4.7 months,2027-07-17/2026-04-04/2026-09-03,12.95%,11.64%,1.31%,0.84,0.65,111.4461/110.0678/112.88/No Horizontal Resistance/108.5192/133.8092/No EMA 200 Target,76.55/38.015/50.2755/47.8005/92.0708/86.3929/81.01,No Data (Across ALL Assets),No Data (Across ALL Assets),97.81
"TD.TO, Long, 2026-02-11 (Price: 132.07)",No Exit Yet,"0.0%, 0 days","90.62%, Past 10 years, 32","Weekly, will be confirmed as valid at the end of this week",Signal Cancelled if Price < 131.77 prior to 2026-02-13,"2026-02-11 (Price: 132.07), 0.0% below",0 days,"4, 2025-03-16 (Price: 84.63)",2026-02-08 (Price: 131.99),2026-02-06 (Price: 131.99),3/5/0 days,0.06% above/0.06% above/0.0% below,2025-03-16 (Price: 85.9306)/2026-02-11 (Price: 130.5514),12.32%/2.49%/6.69%,"9.57%, 31.6%",1.8 year/28 days/3.7 months,2028-09-06/2026-03-23/2026-07-21,7.5%,5.7%,1.8%,0.98,0.31,142.4639/140.9055/160.53/No Horizontal Resistance/133.1838/146.6332/No EMA 200 Target,81.05/74.19/127.7222/116.5496/114.2731/101.8428/109.55,No Data (Across ALL Assets),No Data (Across ALL Assets),131.77
"EWJ, Long, 2026-02-11 (Price: 93.97)",No Exit Yet,"0.0%, 0 days","71.43%, Past 20 years, 14","Monthly, will be confirmed as valid at the end of this month",Signal Cancelled if Price < 85.3619 prior to 2026-02-27,"2026-02-11 (Price: 93.97), 0.0% below",0 days,"4, 2023-06-30 (Price: 61.9)",2026-01-31 (Price: 85.72),2026-01-29 (Price: 86.09),11/13/0 days,9.62% above/9.15% above/0.0% below,2023-06-30 (Price: 64.7632)/2026-02-11 (Price: 84.9372),18.23%/6.32%/9.77%,"17.76%, 22.9%",2.4 years/5 months/1.8 year,2029-07-16/2026-09-16/2028-09-06,4.29%,2.12%,2.17%,0.28,-0.01,95.0976/103.1509/113.21/No Horizontal Resistance/88.5172/96.0119/No EMA 200 Target,67.1/53.915/83.8122/78.3516/83.1839/76.4141/79.11,No Data (Across ALL Assets),No Data (Across ALL Assets),85.33
"XLU, Long, 2026-02-10 (Price: 44.2)",No Exit Yet,"0.88%, 1 day","85.19%, Past 4 years, 27","Daily, is CONFIRMED on 2026-02-10",Already confirmed,"2026-02-11 (Price: 44.59), 0.88% above",1 day,"4, 2025-10-27 (Price: 45.82)",2026-02-06 (Price: 43.35),2026-02-10 (Price: 44.2),5/1/1 days,2.86% above/0.88% above/0.88% above,2025-10-27 (Price: 46.4497)/2026-02-10 (Price: 43.0072),4.38%/0.62%/2.23%,"10.13%, 19.69%",2.8 months/6 days/24 days,2026-06-11/2026-02-18/2026-03-16,8.66%,2.65%,6.01%,0.1,0.09,45.7558/45.1857/45.17/No Horizontal Resistance/49.4858/65.2454/No EMA 200 Target,42.56/29.8725/43.7042/35.4254/No F-Track Level/No F-Track Level/42.6,No Data (Across ALL Assets),No Data (Across ALL Assets),43.75
"GDX, Long, 2026-02-10 (Price: 103.01)",No Exit Yet,"2.87%, 1 day","94.74%, Past 4 years, 19","Daily, is CONFIRMED on 2026-02-10",Already confirmed,"2026-02-11 (Price: 105.97), 2.87% above",1 day,"0, 2024-04-24 (Price: 33.12)",2026-02-06 (Price: 97.39),2026-02-10 (Price: 103.01),5/1/1 days,8.81% above/2.87% above/2.87% above,2024-04-24 (Price: 37.0213)/2026-02-10 (Price: 95.3257),12.3%/0.8%/7.6%,"16.5%, 30.61%",2.6 months/4 days/17 days,2026-06-02/2026-02-15/2026-03-06,14.77%,15.5%,-0.73%,0.98,0.72,111.6422/110.8388/144.94/No Horizontal Resistance/142.2114/221.6229/No EMA 200 Target,92.44/25.645/93.1314/No support/No F-Track Level/No F-Track Level/69.19,No Data (Across ALL Assets),No Data (Across ALL Assets),102.27
"NVDA, Long, 2026-02-09 (Price: 190.04)",No Exit Yet,"0.67%, 2 days","90.91%, Past 4 years, 22","Daily, is CONFIRMED on 2026-02-09",Already confirmed,"2026-02-11 (Price: 191.315), 0.67% above",2 days,"4, 2025-10-24 (Price: 186.26)",2026-02-06 (Price: 185.41),2026-02-09 (Price: 190.04),5/2/2 days,3.18% above/0.67% above/0.67% above,2025-10-24 (Price: 213.3286)/2026-02-09 (Price: 181.5599),19.41%/2.96%/8.89%,"6.69%, 63.72%",17 days/6 days/10 days,2026-03-05/2026-02-17/2026-02-23,14.95%,45.88%,-30.93%,1.01,1.76,240.2486/206.9346/192.31/No Horizontal Resistance/239.8943/283.6698/No EMA 200 Target,171.88/13.9695/176.5924/152.8996/No F-Track Level/No F-Track Level/170.11,No Data (Across ALL Assets),No Data (Across ALL Assets),184.26
"EWJ, Long, 2026-02-09 (Price: 91.29)",No Exit Yet,"2.94%, 2 days","90.0%, Past 4 years, 20","Daily, is CONFIRMED on 2026-02-09",Already confirmed,"2026-02-11 (Price: 93.97), 2.94% above",2 days,"0, 2024-04-23 (Price: 67.32)",2026-02-05 (Price: 86.1),2026-02-09 (Price: 91.29),6/2/2 days,9.14% above/2.94% above/2.94% above,2024-04-23 (Price: 69.2136)/2026-02-09 (Price: 86.7521),6.09%/0.13%/1.99%,"20.53%, 29.69%",4.1 months/10 days/1.4 month,2026-08-04/2026-02-23/2026-04-10,6.05%,4.95%,1.1%,-0.04,0.24,92.2851/93.1067/105.67/No Horizontal Resistance/90.9425/104.8752/No EMA 200 Target,79.74/53.915/83.4752/No support/No F-Track Level/No F-Track Level/78.88,No Data (Across ALL Assets),No Data (Across ALL Assets),90.3
"BPCL.NS, Long, 2026-02-08 (Price: 386.35)",No Exit Yet,"0.32%, 3 days","96.15%, Past 10 years, 26","Weekly, is CONFIRMED on 2026-02-06",Already confirmed,"2026-02-11 (Price: 387.6), 0.32% above",3 days,"0, 2021-10-17 (Price: 229.65)",2026-01-25 (Price: 349.15),2026-02-06 (Price: 386.35),17/5/3 days,11.01% above/0.32% above/0.32% above,2021-10-17 (Price: 443.2312)/2026-02-08 (Price: 345.6375),28.84%/1.78%/8.65%,"14.88%, 47.09%",8.2 months/28 days/3 months,2027-01-28/2026-03-20/2026-06-18,7.54%,10.08%,-2.54%,0.79,0.5,416.9876/419.7693/480.37/No Horizontal Resistance/393.108/467.0257/No EMA 200 Target,349.15/145.35/372.4081/353.1485/No F-Track Level/No F-Track Level/338.72,No Data (Across ALL Assets),No Data (Across ALL Assets),353.0
"EEM, Long, 2026-02-08 (Price: 60.07)",No Exit Yet,"2.48%, 3 days","96.3%, Past 10 years, 27","Weekly, is CONFIRMED on 2026-02-06",Already confirmed,"2026-02-11 (Price: 61.56), 2.48% above",3 days,"2, 2024-12-15 (Price: 44.03)",2026-02-08 (Price: 60.07),2026-02-06 (Price: 60.07),3/5/3 days,2.48% above/2.48% above/2.48% above,2024-12-15 (Price: 43.9033)/2026-02-08 (Price: 58.342),11.23%/1.19%/3.92%,"20.12%, 35.1%",1.4 year/28 days/4.2 months,2028-02-06/2026-03-20/2026-08-09,3.37%,1.17%,2.2%,0.55,-0.05,62.4788/62.4247/69.69/No Horizontal Resistance/No Next Fib Ext/No Next Fib Ext/No EMA 200 Target,40.58/37.485/No F-Stack Support/No F-Stack Support/No F-Track Level/No F-Track Level/51.59,No Data (Across ALL Assets),No Data (Across ALL Assets),58.58
"MCD, Long, 2026-02-08 (Price: 327.16)",No Exit Yet,"-1.12%, 3 days","100.0%, Past 10 years, 19","Weekly, is CONFIRMED on 2026-02-06",Already confirmed,"2026-02-11 (Price: 323.48), 1.12% below",3 days,"4, 2025-03-09 (Price: 321.29)",2026-02-01 (Price: 315.0),2026-02-03 (Price: 319.48),10/8/3 days,2.69% above/1.25% above/1.12% below,2025-03-09 (Price: 326.5956)/2026-02-08 (Price: 313.3668),10.85%/1.47%/4.93%,"-0.0%, 16.82%",10.3 months/1.2 month/4.3 months,2027-05-01/2026-04-01/2026-08-13,7.73%,6.98%,0.75%,1.39,0.42,348.9816/343.289/330.68/No Horizontal Resistance/370.0426/590.3302/No EMA 200 Target,303.26/228.4467/254.2758/233.8976/No F-Track Level/No F-Track Level/306.64,No Data (Across ALL Assets),No Data (Across ALL Assets),319.0
"USO, Long, 2026-02-08 (Price: 76.99)",No Exit Yet,"2.47%, 3 days","75.0%, Past 10 years, 16","Weekly, is CONFIRMED on 2026-02-06",Already confirmed,"2026-02-11 (Price: 78.89), 2.47% above",3 days,"2, 2025-06-29 (Price: 73.28)",2026-01-25 (Price: 73.95),2026-02-03 (Price: 77.47),17/8/3 days,6.68% above/1.83% above/2.47% above,2025-06-29 (Price: 83.4004)/2026-02-08 (Price: 70.6339),10.72%/0.56%/3.8%,"70.35%, 78.81%",11 months/1.2 month/3.7 months,2027-05-31/2026-04-01/2026-07-18,-7.02%,-6.0%,-1.02%,-0.18,-0.19,75.6196/79.9156/79.22/83.49/No Next Fib Ext/No Next Fib Ext/No EMA 200 Target,68.03/58.7667/No F-Stack Support/No F-Stack Support/No F-Track Level/No F-Track Level/72.26,No Data (Across ALL Assets),No Data (Across ALL Assets),75.5
"EFA, Long, 2026-02-08 (Price: 102.61)",No Exit Yet,"2.27%, 3 days","86.96%, Past 10 years, 23","Weekly, is CONFIRMED on 2026-02-06",Already confirmed,"2026-02-11 (Price: 104.94), 2.27% above",3 days,"2, 2025-08-24 (Price: 93.23)",2026-01-25 (Price: 99.97),2026-02-06 (Price: 102.61),17/5/3 days,4.97% above/2.27% above/2.27% above,2025-08-24 (Price: 93.5933)/2026-02-08 (Price: 99.3578),7.21%/1.24%/3.58%,"13.66%, 23.59%",10.7 months/1.2 month/3.4 months,2027-05-18/2026-04-01/2026-07-05,2.98%,2.36%,0.62%,0.36,0.03,105.6678/106.2834/108.24/No Horizontal Resistance/No Next Fib Ext/No Next Fib Ext/No EMA 200 Target,75.02/66.265/No F-Stack Support/No F-Stack Support/No F-Track Level/No F-Track Level/92.46,No Data (Across ALL Assets),No Data (Across ALL Assets),100.88
"^STI, Long, 2026-02-08 (Price: 4934.4102)",No Exit Yet,"1.02%, 3 days","80.0%, Past 10 years, 25","Weekly, is CONFIRMED on 2026-02-06",Already confirmed,"2026-02-11 (Price: 4984.5801), 1.02% above",3 days,"2, 2025-07-27 (Price: 4261.0601)",2026-01-25 (Price: 4891.4502),2026-02-03 (Price: 4944.0898),17/8/3 days,1.9% above/0.82% above/1.02% above,2025-07-27 (Price: 4217.0962)/2026-02-08 (Price: 4852.6019),7.49%/1.15%/3.68%,"14.46%, 29.57%",1.6 year/28 days/4.4 months,2028-05-22/2026-03-20/2026-08-18,-3.63%,2.21%,-5.84%,0.01,-0.03,5072.0802/5115.9965/5338.42/No Horizontal Resistance/5099.1474/6233.5022/No EMA 200 Target,3512.53/3030.985/4356.5412/3433.5319/No F-Track Level/No F-Track Level/4317.44,No Data (Across ALL Assets),No Data (Across ALL Assets),4913.2598
"ARM, Long, 2026-02-06 (Price: 123.7)",No Exit Yet,"1.28%, 5 days","100.0%, Past 4 years, 5","Daily, is CONFIRMED on 2026-02-06",Already confirmed,"2026-02-11 (Price: 125.28), 1.28% above",5 days,"4, 2025-10-07 (Price: 159.345)",2026-02-05 (Price: 110.88),2026-02-06 (Price: 123.7),6/5/5 days,12.99% above/1.28% above/1.28% above,2025-10-07 (Price: 191.089)/2026-02-06 (Price: 100.8688),17.15%/3.93%/11.71%,"-0.0%, 18.88%",1.8 month/10 days/1 month,2026-04-25/2026-02-20/2026-03-21,25.9%,19.91%,5.99%,0.86,0.86,128.5243/138.1853/145.09/184.93/209.6611/292.8214/138.05,104.55/No Horizontal Support/122.7432/102.2246/No F-Track Level/No F-Track Level/No EMA 200 Support,No Data (Across ALL Assets),No Data (Across ALL Assets),112.715
"C6L.SI, Long, 2026-02-04 (Price: 6.6)",2026-02-11 (Price: 6.85),"3.79%, 7 days","89.47%, Past 4 years, 19","Daily, is CONFIRMED on 2026-02-04",Already confirmed,"2026-02-11 (Price: 6.85), 3.79% above",7 days,"4, 2025-10-06 (Price: 6.56)",2026-02-03 (Price: 6.48),2026-02-04 (Price: 6.6),8/7/7 days,5.71% above/3.79% above/3.79% above,2025-10-06 (Price: 6.7888)/2026-02-04 (Price: 6.3866),8.19%/0.92%/3.25%,"5.37%, 17.3%",3.8 months/6 days/1.5 month,2026-07-19/2026-02-12/2026-04-10,6.71%,1.19%,5.52%,0.63,0.01,6.7459/6.8145/6.62/6.826/15.377/16.6022/6.69,6.35/4.7975/No F-Stack Support/No F-Stack Support/No F-Track Level/No F-Track Level/No EMA 200 Support,No Data (Across ALL Assets),No Data (Across ALL Assets),6.48
"BYD.TO, Long, 2026-02-03 (Price: 228.6)",2026-02-10 (Price: 245.52),"7.4%, 7 days","86.36%, Past 4 years, 22","Daily, is CONFIRMED on 2026-02-03",Already confirmed,"2026-02-11 (Price: 245.84), 7.54% above",8 days,"2, 2025-12-02 (Price: 236.35)",2026-02-03 (Price: 228.6),2026-02-03 (Price: 228.6),8/8/8 days,7.54% above/7.54% above/7.54% above,2025-12-02 (Price: 241.68)/2026-02-03 (Price: 226.2755),7.19%/1.4%/3.6%,"17.06%, 36.72%",3.3 months/4 days/13 days,2026-06-26/2026-02-08/2026-02-21,1.61%,0.65%,0.96%,0.09,0.05,248.031/236.8296/233.25/256.6133/367.2583/388.6839/No EMA 200 Target,219.14/188.685/147.1212/139.9966/No F-Track Level/No F-Track Level/216.51,No Data (Across ALL Assets),No Data (Across ALL Assets),227.65
"ASML, Long, 2026-02-01 (Price: 1423.0)",No Exit Yet,"0.89%, 10 days","90.0%, Past 10 years, 30","Weekly, is CONFIRMED on 2026-01-30",Already confirmed,"2026-02-11 (Price: 1435.63), 0.89% above",10 days,"2, 2025-07-20 (Price: 734.58)",2026-01-18 (Price: 1358.5699),2026-01-29 (Price: 1455.16),24/13/10 days,5.67% above/1.34% below/0.89% above,2025-07-20 (Price: 838.5197)/2026-02-01 (Price: 1290.8753),26.23%/2.69%/11.69%,"25.72%, 56.36%",8.9 months/1.2 month/3.2 months,2027-02-22/2026-03-25/2026-06-20,11.19%,15.92%,-4.73%,0.6,0.77,1564.4462/1589.3487/1836.05/No Horizontal Resistance/1091.1724/1155.2236/No EMA 200 Target,689.82/576.784/1034.6774/832.8601/No F-Track Level/No F-Track Level/907.93,No Data (Across ALL Assets),No Data (Across ALL Assets),1385.87
"^BVSP, Long, 2026-02-01 (Price: 181364.0)",No Exit Yet,"4.6%, 10 days","100.0%, Past 10 years, 28","Weekly, is CONFIRMED on 2026-01-30",Already confirmed,"2026-02-11 (Price: 189699.125), 4.6% above",10 days,"2, 2025-05-25 (Price: 137824.0)",2026-01-25 (Price: 178859.0),2026-01-27 (Price: 181919.0),17/15/10 days,6.06% above/4.28% above/4.6% above,2025-05-25 (Price: 137058.4603)/2026-02-01 (Price: 167924.5662),13.39%/0.93%/6.58%,"-0.0%, 43.39%",1.1 year/28 days/3 months,2027-08-28/2026-03-13/2026-06-11,7.67%,4.7%,2.97%,2.18,0.22,192626.7044/193297.7512/207488.0/No Horizontal Resistance/173653.968/192289.6/No EMA 200 Target,132437.0/96132.0/121313.6/110617.73/No F-Track Level/No F-Track Level/145727.06,No Data (Across ALL Assets),No Data (Across ALL Assets),178859.0
"BTI, Long, 2026-02-01 (Price: 60.68)",No Exit Yet,"-0.58%, 10 days","95.65%, Past 10 years, 23","Weekly, is CONFIRMED on 2026-01-30",Already confirmed,"2026-02-11 (Price: 60.33), 0.58% below",10 days,"2, 2025-08-17 (Price: 57.15)",2026-02-01 (Price: 60.68),2026-01-27 (Price: 60.34),10/15/10 days,0.58% below/0.02% below/0.58% below,2025-08-17 (Price: 59.3094)/2026-02-01 (Price: 58.8444),17.36%/1.81%/8.82%,"38.64%, 57.11%",10.7 months/1.2 month/3.4 months,2027-05-11/2026-03-25/2026-06-28,-0.68%,2.1%,-2.78%,0.55,0.05,64.6424/66.032/62.8/No Horizontal Resistance/82.226/92.0468/No EMA 200 Target,55.19/28.5067/52.4418/49.3734/No F-Track Level/No F-Track Level/52.26,No Data (Across ALL Assets),No Data (Across ALL Assets),59.3
"NZDCAD=X, Long, 2026-02-01 (Price: 0.8195)",No Exit Yet,"0.13%, 10 days","75.0%, Past 10 years, 24","Weekly, is CONFIRMED on 2026-01-30",Already confirmed,"2026-02-10 (Price: 0.8206), 0.13% above",10 days,"0, 2021-10-10 (Price: 0.8703)",2026-02-01 (Price: 0.8195),2026-01-30 (Price: 0.8195),9/11/9 days,0.13% above/0.13% above/0.13% above,2021-10-10 (Price: 0.9068)/2026-02-01 (Price: 0.8149),3.66%/1.11%/2.31%,"5.56%, 13.76%",6.8 months/28 days/3.3 months,2026-11-23/2026-03-13/2026-06-24,-1.88%,0.44%,-2.32%,-0.06,-0.48,0.825/0.8384/0.85/0.8902/1.0924/1.3117/No EMA 200 Target,0.79/0.7834/No F-Stack Support/No F-Stack Support/No F-Track Level/No F-Track Level/0.81,No Data (Across ALL Assets),No Data (Across ALL Assets),0.8165
"SJ.TO, Long, 2026-02-01 (Price: 91.3)",No Exit Yet,"9.4%, 10 days","84.62%, Past 10 years, 26","Weekly, is CONFIRMED on 2026-01-30",Already confirmed,"2026-02-11 (Price: 99.88), 9.4% above",10 days,"4, 2025-01-05 (Price: 73.5)",2026-02-01 (Price: 91.3),2026-01-29 (Price: 91.3),10/13/10 days,9.4% above/9.4% above/9.4% above,2025-01-05 (Price: 75.7076)/2026-02-01 (Price: 88.6888),23.9%/3.84%/10.2%,"6.63%, 46.57%",1 year/1.2 month/4.7 months,2027-07-07/2026-03-25/2026-08-24,12.95%,11.64%,1.31%,0.84,0.65,101.8725/100.6126/101.98/No Horizontal Resistance/95.0177/123.2166/No EMA 200 Target,76.55/38.015/87.8633/66.807/No F-Track Level/No F-Track Level/79.76,No Data (Across ALL Assets),No Data (Across ALL Assets),88.65
"ASHR, Long, 2026-01-31 (Price: 33.44)",No Exit Yet,"1.7%, 11 days","100.0%, Past 20 years, 4","Monthly, is CONFIRMED on 2026-01-31",Already confirmed,"2026-02-11 (Price: 34.01), 1.7% above",11 days,"6, 2021-01-31 (Price: 41.34)",2025-12-31 (Price: 32.85),2026-01-02 (Price: 33.32),42/40/11 days,3.53% above/2.07% above/1.7% above,2021-01-31 (Price: 46.6632)/2026-01-31 (Price: 32.0723),22.45%/22.45%/22.45%,"-0.0%, 12.65%",6.1 months/6.1 months/6.1 months,2026-10-23 (Max),6.97%,1.49%,5.48%,0.94,0.03,37.0114/40.9473/38.18/39.9467/60.2967/80.3432/No EMA 200 Target,25.82/23.68/No F-Stack Support/No F-Stack Support/No F-Track Level/No F-Track Level/30.41,No Data (Across ALL Assets),No Data (Across ALL Assets),33.26
"^DJI, Long, 2026-01-31 (Price: 48892.4688)",No Exit Yet,"2.6%, 11 days","85.71%, Past 20 years, 14","Monthly, is CONFIRMED on 2026-01-31",Already confirmed,"2026-02-11 (Price: 50166.1016), 2.6% above",11 days,"0, 2021-01-31 (Price: 29982.6191)",2026-01-31 (Price: 48892.4688),2026-01-30 (Price: 48892.4688),11/12/11 days,2.6% above/2.6% above/2.6% above,2021-01-31 (Price: 34168.3122)/2026-01-31 (Price: 48089.9931),15.24%/4.84%/10.23%,"2.61%, 11.83%",1.2 year/5 months/9.7 months,2027-10-18/2026-09-05/2027-03-28,6.32%,4.47%,1.85%,1.23,0.21,55859.6456/53894.1684/60238.38/No Horizontal Resistance/54129.8938/83218.843/No EMA 200 Target,40669.36/32614.5825/36151.8794/25040.9446/No F-Track Level/No F-Track Level/45320.62,No Data (Across ALL Assets),No Data (Across ALL Assets),48105.9805
"BNS.TO, Long, 2026-01-31 (Price: 101.8)",No Exit Yet,"2.91%, 11 days","85.71%, Past 20 years, 14","Monthly, is CONFIRMED on 2026-01-31",Already confirmed,"2026-02-11 (Price: 104.76), 2.91% above",11 days,"2, 2024-03-31 (Price: 70.07)",2025-11-30 (Price: 96.94),2026-01-21 (Price: 102.06),73/21/11 days,8.07% above/2.65% above/2.91% above,2024-03-31 (Price: 70.4)/2026-01-31 (Price: 94.2089),24.83%/4.28%/13.78%,"30.99%, 38.87%",1.1 year/6 months/10.2 months,2027-08-27/2026-10-18/2027-04-19,1.92%,4.47%,-2.55%,0.3,0.2,108.1829/115.828/120.84/No Horizontal Resistance/113.9126/137.6923/No EMA 200 Target,56.15/62.2517/92.969/69.3218/No F-Track Level/No F-Track Level/85.08,No Data (Across ALL Assets),No Data (Across ALL Assets),101.58
"ACWX, Long, 2026-01-31 (Price: 70.78)",No Exit Yet,"4.21%, 11 days","90.91%, Past 20 years, 11","Monthly, is CONFIRMED on 2026-01-31",Already confirmed,"2026-02-11 (Price: 73.76), 4.21% above",11 days,"2, 2023-07-31 (Price: 51.15)",2025-11-30 (Price: 66.49),2026-01-02 (Price: 68.13),73/40/11 days,10.93% above/8.26% above/4.21% above,2023-07-31 (Price: 51.3)/2026-01-31 (Price: 65.5714),15.1%/1.97%/7.67%,"10.07%, 26.55%",3.3 years/4.1 months/1.5 year,2030-10-17/2026-07-26/2028-03-23,1.48%,1.08%,0.4%,0.36,-0.07,76.9803/76.2088/82.56/No Horizontal Resistance/69.6679/76.9985/No EMA 200 Target,52.16/45.07/61.9685/No support/No F-Track Level/No F-Track Level/63.45,No Data (Across ALL Assets),No Data (Across ALL Assets),68.01
"TSM, Long, 2026-01-31 (Price: 330.56)",No Exit Yet,"13.17%, 11 days","100.0%, Past 20 years, 21","Monthly, is CONFIRMED on 2026-01-31",Already confirmed,"2026-02-11 (Price: 374.09), 13.17% above",11 days,"2, 2024-07-31 (Price: 165.8)",2025-12-31 (Price: 303.89),2026-01-28 (Price: 342.3),42/14/11 days,23.1% above/9.29% above/13.17% above,2024-07-31 (Price: 194.3583)/2026-01-31 (Price: 293.1483),62.44%/6.14%/35.38%,"-0.0%, 49.81%",1.4 year/5 months/9.3 months,2028-01-29/2026-09-05/2027-03-11,9.27%,10.69%,-1.42%,1.28,0.53,441.4629/447.5121/429.42/No Horizontal Resistance/334.306/349.9895/No EMA 200 Target,166.0/83.575/274.027/233.1074/No F-Track Level/No F-Track Level/254.82,No Data (Across ALL Assets),No Data (Across ALL Assets),311.98
"^BVSP, Long, 2026-01-31 (Price: 181364.0)",No Exit Yet,"4.6%, 11 days","90.0%, Past 20 years, 10","Monthly, is CONFIRMED on 2026-01-31",Already confirmed,"2026-02-11 (Price: 189699.125), 4.6% above",11 days,"4, 2022-09-30 (Price: 110037.0)",2025-11-30 (Price: 159072.0),2026-01-05 (Price: 161870.0),73/37/11 days,19.25% above/17.19% above/4.6% above,2022-09-30 (Price: 118704.842)/2026-01-31 (Price: 152013.9293),20.08%/2.63%/10.78%,"18.7%, 34.07%",3.3 years/8.1 months/1.9 year,2030-10-17/2027-01-17/2028-10-17,5.33%,7.06%,-1.73%,0.6,0.38,198811.2168/200915.0392/224160.2/No Horizontal Resistance/173653.968/192289.6/No EMA 200 Target,120283.0/96132.0/121313.6/110617.73/No F-Track Level/No F-Track Level/145727.06,No Data (Across ALL Assets),No Data (Across ALL Assets),161124.0
"GS, Long, 2026-01-31 (Price: 935.41)",No Exit Yet,"1.17%, 11 days","100.0%, Past 20 years, 14","Monthly, is CONFIRMED on 2026-01-31",Already confirmed,"2026-02-11 (Price: 946.355), 1.17% above",11 days,"2, 2023-07-31 (Price: 355.87)",2025-12-31 (Price: 879.0),2026-01-02 (Price: 914.34),42/40/11 days,7.66% above/3.5% above/1.17% above,2023-07-31 (Price: 351.8948)/2026-01-31 (Price: 831.3002),53.25%/7.0%/23.74%,"-0.0%, 34.98%",2.5 years/4 months/9.8 months,2029-08-26/2026-07-23/2027-04-01,11.0%,6.57%,4.43%,1.46,0.33,1116.9731/1157.4763/1283.13/No Horizontal Resistance/931.1482/1236.8362/No EMA 200 Target,303.61/288.555/794.5775/634.5288/No F-Track Level/No F-Track Level/746.9,No Data (Across ALL Assets),No Data (Across ALL Assets),884.0
"PPH, Long, 2026-01-31 (Price: 106.81)",No Exit Yet,"3.26%, 11 days","85.71%, Past 20 years, 21","Monthly, is CONFIRMED on 2026-01-31",Already confirmed,"2026-02-11 (Price: 110.29), 3.26% above",11 days,"0, 2021-01-31 (Price: 68.14)",2025-12-31 (Price: 103.17),2026-01-30 (Price: 106.81),42/12/11 days,6.9% above/3.26% above/3.26% above,2021-01-31 (Price: 78.5883)/2026-01-31 (Price: 98.4383),20.62%/2.34%/10.59%,"3.25%, 39.01%",4.4 years/5 months/1.4 year,2032-05-13/2026-09-05/2028-01-29,2.32%,2.1%,0.22%,1.05,-0.03,118.6125/118.1212/130.01/No Horizontal Resistance/110.0139/120.2747/No EMA 200 Target,82.93/71.642/100.0174/96.0365/No F-Track Level/No F-Track Level/92.38,No Data (Across ALL Assets),No Data (Across ALL Assets),103.4
"BTI, Long, 2026-01-30 (Price: 60.68)",2026-02-06 (Price: 62.8),"3.49%, 7 days","100.0%, Past 4 years, 13","Daily, is CONFIRMED on 2026-01-30",Already confirmed,"2026-02-11 (Price: 60.33), 0.58% below",12 days,"0, 2024-04-15 (Price: 28.51)",2026-01-30 (Price: 60.68),2026-01-30 (Price: 60.68),12/12/12 days,0.58% below/0.58% below/0.58% below,2024-04-15 (Price: 46.0067)/2026-01-30 (Price: 60.0067),9.02%/0.81%/2.71%,"-0.0%, 8.72%",20 days/4 days/10 days,2026-02-27/2026-02-04/2026-02-13,11.13%,4.24%,6.89%,0.97,0.2,66.1958/62.3244/79.98/No Horizontal Resistance/82.226/92.0468/No EMA 200 Target,53.29/28.5067/52.4418/49.3734/No F-Track Level/No F-Track Level/52.26,No Data (Across ALL Assets),No Data (Across ALL Assets),60.11
"PG, Long, 2026-01-30 (Price: 151.77)",2026-02-06 (Price: 159.17),"4.88%, 7 days","88.0%, Past 4 years, 25","Daily, is CONFIRMED on 2026-01-30",Already confirmed,"2026-02-11 (Price: 159.665), 5.2% above",12 days,"0, 2024-04-15 (Price: 155.45)",2026-01-29 (Price: 149.9),2026-01-30 (Price: 151.77),13/12/12 days,6.51% above/5.2% above/5.2% above,2024-04-15 (Price: 209.76)/2026-01-30 (Price: 149.1424),4.14%/0.91%/2.08%,"6.35%, 12.85%",3.3 months/7 days/1.1 month,2026-06-22/2026-02-09/2026-03-18,9.02%,2.82%,6.2%,0.37,0.09,154.0162/154.9268/153.98/179.4533/186.6499/209.3631/154.01,138.04/130.72/140.2317/117.5404/No F-Track Level/No F-Track Level/No EMA 200 Support,No Data (Across ALL Assets),No Data (Across ALL Assets),150.43
"CSCO, Long, 2026-01-27 (Price: 78.68)",2026-02-06 (Price: 84.82),"7.8%, 10 days","94.74%, Past 4 years, 19","Daily, is CONFIRMED on 2026-01-27",Already confirmed,"2026-02-11 (Price: 85.75), 8.99% above",15 days,"2, 2025-12-03 (Price: 77.75)",2026-01-23 (Price: 74.59),2026-01-27 (Price: 78.68),19/15/15 days,14.96% above/8.99% above/8.99% above,2025-12-03 (Price: 81.8138)/2026-01-27 (Price: 74.6587),5.83%/1.03%/2.7%,"17.72%, 27.08%",1.1 month/6 days/11 days,2026-03-15/2026-02-04/2026-02-11,6.29%,6.68%,-0.39%,0.26,0.35,81.5518/80.8044/79.24/No Horizontal Resistance/78.7458/109.6316/No EMA 200 Target,73.35/40.92/75.1101/68.2017/No F-Track Level/No F-Track Level/68.98,No Data (Across ALL Assets),No Data (Across ALL Assets),77.19
"RHHBY, Long, 2026-01-27 (Price: 56.69)",2026-02-09 (Price: 57.11),"0.74%, 13 days","85.0%, Past 4 years, 20","Daily, is CONFIRMED on 2026-01-27",Already confirmed,"2026-02-11 (Price: 57.66), 1.71% above",15 days,"4, 2025-10-13 (Price: 45.28)",2026-01-23 (Price: 55.23),2026-01-27 (Price: 56.69),19/15/15 days,4.4% above/1.71% above/1.71% above,2025-10-13 (Price: 45.217)/2026-01-27 (Price: 55.5468),10.73%/0.36%/4.12%,"8.73%, 19.35%",1.1 month/6 days/15 days,2026-03-15/2026-02-04/2026-02-17,10.45%,3.14%,7.31%,0.44,0.14,59.0653/59.0256/63.54/No Horizontal Resistance/58.6089/65.2057/No EMA 200 Target,51.37/34.5167/41.5794/31.0544/No F-Track Level/No F-Track Level/43.35,No Data (Across ALL Assets),No Data (Across ALL Assets),56.53
"CEN.NZ, Long, 2026-01-19 (Price: 9.36)",2026-02-11 (Price: 9.67),"3.31%, 23 days","83.33%, Past 4 years, 30","Daily, is CONFIRMED on 2026-01-19",Already confirmed,"2026-02-11 (Price: 9.67), 3.31% above",23 days,"2, 2025-11-24 (Price: 9.72)",2026-01-16 (Price: 9.36),2026-01-19 (Price: 9.36),26/23/23 days,3.31% above/3.31% above/3.31% above,2025-11-24 (Price: 9.9368)/2026-01-19 (Price: 9.2737),7.56%/1.51%/2.76%,"5.63%, 16.17%",3.7 months/21 days/1.4 month,2026-06-28/2026-02-18/2026-03-20,0.18%,2.84%,-2.66%,0.35,0.12,9.5275/9.6183/9.58/9.85/11.2606/15.4512/No EMA 200 Target,9.18/6.86/8.6706/No support/No F-Track Level/No F-Track Level/9.19,No Data (Across ALL Assets),No Data (Across ALL Assets),9.34
"^VIX, Long, 2026-01-14 (Price: 16.75)",2026-02-09 (Price: 17.36),"3.64%, 26 days","72.73%, Past 4 years, 22","Daily, is CONFIRMED on 2026-01-14",Already confirmed,"2026-02-11 (Price: 17.65), 5.37% above",28 days,"10, 2025-03-14 (Price: 21.77)",2026-01-13 (Price: 15.98),2026-01-14 (Price: 16.75),29/28/28 days,10.45% above/5.37% above/5.37% above,2025-03-14 (Price: 63.8482)/2026-01-14 (Price: 15.0467),74.44%/1.64%/21.37%,"31.33%, 51.66%",4.3 months/6 days/1.9 month,2026-07-19/2026-01-22/2026-04-06,12.93%,3.61%,9.32%,0.37,1.01,17.3815/20.3295/19.76/35.1/71.5114/81.8014/18.91,13.47/11.665/No F-Stack Support/No F-Stack Support/No F-Track Level/No F-Track Level/No EMA 200 Support,No Data (Across ALL Assets),No Data (Across ALL Assets),16.33
"XLU, Long, 2026-01-13 (Price: 42.85)",2026-02-09 (Price: 43.48),"1.47%, 27 days","85.19%, Past 4 years, 27","Daily, is CONFIRMED on 2026-01-13",Already confirmed,"2026-02-11 (Price: 44.59), 4.06% above",29 days,"2, 2025-11-19 (Price: 44.235)",2026-01-13 (Price: 42.85),2026-01-13 (Price: 42.85),29/29/29 days,4.06% above/4.06% above/4.06% above,2025-11-19 (Price: 45.6995)/2026-01-13 (Price: 42.4671),4.38%/0.62%/2.23%,"10.13%, 19.69%",2.8 months/6 days/24 days,2026-05-14/2026-01-21/2026-02-16,8.66%,2.65%,6.01%,0.1,0.09,44.3583/43.8056/43.68/No Horizontal Resistance/49.4858/65.2454/No EMA 200 Target,41.87/29.6267/35.4254/30.3912/No F-Track Level/No F-Track Level/42.15,No Data (Across ALL Assets),No Data (Across ALL Assets),42.62
"TSM, Long, 2026-01-12 (Price: 331.77)",2026-02-11 (Price: 374.09),"12.76%, 1 month","100.0%, Past 4 years, 28","Daily, is CONFIRMED on 2026-01-12",Already confirmed,"2026-02-11 (Price: 374.09), 12.76% above",1 month,"2, 2025-10-23 (Price: 290.73)",2026-01-08 (Price: 318.01),2026-01-12 (Price: 331.77),34/30/30 days,17.63% above/12.76% above/12.76% above,2025-10-23 (Price: 307.9819)/2026-01-12 (Price: 317.9404),10.21%/1.91%/4.94%,"-0.0%, 57.14%",1.2 month/6 days/17 days,2026-03-05/2026-01-20/2026-02-05,15.88%,22.8%,-6.92%,1.52,1.04,364.7479/348.1594/356.39/No Horizontal Resistance/334.306/349.9895/No EMA 200 Target,276.96/83.575/274.027/233.1074/No F-Track Level/No F-Track Level/243.38,No Data (Across ALL Assets),No Data (Across ALL Assets),322.1
"ATD.TO, Long, 2026-01-08 (Price: 75.49)",2026-02-09 (Price: 79.47),"5.27%, 1.1 month","100.0%, Past 4 years, 21","Daily, is CONFIRMED on 2026-01-08",Already confirmed,"2026-02-11 (Price: 82.51), 9.3% above",1.1 month,"2, 2025-11-14 (Price: 70.3)",2026-01-07 (Price: 74.21),2026-01-08 (Price: 75.49),35/34/34 days,11.18% above/9.3% above/9.3% above,2025-11-14 (Price: 77.93)/2026-01-08 (Price: 73.826),5.25%/1.18%/3.68%,"-0.0%, 15.84%",4.4 months/11 days/2.1 months,2026-07-18/2026-01-23/2026-04-09,13.1%,6.96%,6.14%,2.83,0.36,76.2298/78.268/78.6/85.51/85.3936/96.14/No EMA 200 Target,73.81/45.49/59.8475/53.4732/No F-Track Level/No F-Track Level/71.81,No Data (Across ALL Assets),No Data (Across ALL Assets),74.19
"NVO, Long, 2026-01-04 (Price: 52.39)",2026-02-01 (Price: 59.43),"13.44%, 28 days","86.36%, Past 10 years, 22","Weekly, is CONFIRMED on 2026-01-02",Already confirmed,"2026-02-11 (Price: 48.74), 6.97% below",1.3 month,"2, 2025-03-02 (Price: 90.65)",2025-12-28 (Price: 52.4),2026-01-02 (Price: 52.39),45/40/38 days,6.98% below/6.97% below/6.97% below,2025-03-02 (Price: 95.0201)/2026-01-04 (Price: 47.1478),20.26%/3.25%/8.87%,"16.75%, 27.09%",4.4 months/28 days/1.8 month,2026-07-14/2026-02-13/2026-03-23,9.49%,6.26%,3.23%,0.52,0.33,57.1889/57.037/75.35/139.01/157.4212/201.8641/59.76,45.68/45.4025/51.1046/45.3824/No F-Track Level/No F-Track Level/No EMA 200 Support,No Data (Across ALL Assets),No Data (Across ALL Assets),51.56
"SOXX, Long, 2025-12-31 (Price: 301.15)",No Exit Yet,"19.61%, 1.4 month","100.0%, Past 24 years, 7","Quarterly, is CONFIRMED on 2025-12-31",Already confirmed,"2026-02-11 (Price: 360.2), 19.61% above",1.4 month,"6, 2015-06-30 (Price: 30.6967)",2025-12-31 (Price: 301.15),2025-11-21 (Price: 270.83),42/82/42 days,19.61% above/33.0% above/19.61% above,2015-06-30 (Price: 22.1158)/2025-12-31 (Price: 264.9375),74.51%/31.99%/47.75%,"-0.0%, 41.23%",3.3 years/1.3 year/1.9 year,2030-09-16/2027-11-08/2028-09-16,15.4%,9.16%,6.24%,0.71,0.47,407.3957/444.9491/463.42/No Horizontal Resistance/348.2242/411.0319/No EMA 200 Target,106.24/110.475/285.4342/254.997/No F-Track Level/No F-Track Level/246.22,No Data (Across ALL Assets),No Data (Across ALL Assets),269.38
"BDGI.TO, Long, 2025-12-31 (Price: 73.13)",No Exit Yet,"-7.3%, 1.4 month","100.0%, Past 33 years, 6","Quarterly, is CONFIRMED on 2025-12-31",Already confirmed,"2026-02-11 (Price: 67.79), 7.3% below",1.4 month,"0, 2018-06-30 (Price: 31.67)",2025-09-30 (Price: 61.38),2025-12-31 (Price: 73.13),134/42/42 days,10.44% above/7.3% below/7.3% below,2018-06-30 (Price: 49.0339)/2025-12-31 (Price: 52.2506),227.42%/21.67%/158.83%,"-0.0%, 36.34%",1.8 year/1.3 year/1.6 year,2028-07-26/2027-11-08/2028-04-13,15.64%,8.36%,7.28%,0.65,0.41,150.3114/189.2824/98.01/No Horizontal Resistance/79.8787/88.3247/No EMA 200 Target,26.66/24.32/70.6207/63.2847/No F-Track Level/No F-Track Level/55.48,No Data (Across ALL Assets),No Data (Across ALL Assets),61.31
"GLD, Long, 2025-12-28 (Price: 416.74)",2026-02-08 (Price: 455.46),"9.29%, 1.4 month","85.71%, Past 10 years, 28","Weekly, is CONFIRMED on 2025-12-26",Already confirmed,"2026-02-11 (Price: 467.63), 12.21% above",1.5 month,"6, 2024-08-11 (Price: 224.56)",2025-12-21 (Price: 399.02),2025-12-28 (Price: 416.74),52/45/45 days,17.19% above/12.21% above/12.21% above,2024-08-11 (Price: 229.74)/2025-12-28 (Price: 400.7524),9.34%/1.73%/6.18%,"3.13%, 23.93%",10.5 months/28 days/3.2 months,2027-03-29/2026-02-06/2026-05-16,5.74%,5.82%,-0.08%,1.38,0.34,444.4115/442.4945/532.05/No Horizontal Resistance/424.4974/624.146/No EMA 200 Target,236.59/150.8/301.1087/224.8487/No F-Track Level/No F-Track Level/330.26,No Data (Across ALL Assets),No Data (Across ALL Assets),406.98
"GS, Long, 2025-12-28 (Price: 907.04)",2026-02-01 (Price: 935.41),"3.13%, 1.2 month","100.0%, Past 10 years, 16","Weekly, is CONFIRMED on 2025-12-26",Already confirmed,"2026-02-11 (Price: 946.355), 4.33% above",1.5 month,"6, 2024-08-11 (Price: 490.26)",2025-12-14 (Price: 887.96),2025-12-28 (Price: 907.04),59/45/45 days,6.58% above/4.33% above/4.33% above,2024-08-11 (Price: 536.6316)/2025-12-28 (Price: 867.6605),16.64%/3.13%/7.51%,"-0.0%, 44.52%",1.5 year/1.2 month/5 months,2028-02-18/2026-02-18/2026-08-02,8.42%,8.09%,0.33%,1.75,0.41,921.8248/975.1587/1157.11/No Horizontal Resistance/931.1482/1236.8362/No EMA 200 Target,470.81/288.555/794.5775/634.5288/No F-Track Level/No F-Track Level/700.8,No Data (Across ALL Assets),No Data (Across ALL Assets),896.52
"WPM, Long, 2025-12-28 (Price: 124.22)",2026-02-08 (Price: 135.98),"9.47%, 1.4 month","74.07%, Past 10 years, 27","Weekly, is CONFIRMED on 2025-12-26",Already confirmed,"2026-02-11 (Price: 149.11), 20.04% above",1.5 month,"6, 2024-08-11 (Price: 55.81)",2025-12-21 (Price: 119.7),2025-12-26 (Price: 124.22),52/47/45 days,24.57% above/20.04% above/20.04% above,2024-08-11 (Price: 58.517)/2025-12-28 (Price: 119.4562),30.46%/2.87%/10.6%,"34.14%, 61.17%",9.1 months/1.2 month/2.2 months,2027-01-27/2026-02-18/2026-04-02,6.02%,6.0%,0.02%,0.09,0.32,135.9712/137.3873/165.27/No Horizontal Resistance/131.4439/145.6176/No EMA 200 Target,96.52/38.3375/98.515/93.6878/No F-Track Level/No F-Track Level/94.77,No Data (Across ALL Assets),No Data (Across ALL Assets),122.33
"C6L.SI, Long, 2025-12-26 (Price: 6.41)",2026-02-09 (Price: 6.8),"6.08%, 1.5 month","89.47%, Past 4 years, 19","Daily, is CONFIRMED on 2025-12-26",Already confirmed,"2026-02-11 (Price: 6.85), 6.86% above",1.6 month,"0, 2024-03-13 (Price: 6.39)",2025-12-24 (Price: 6.4),2025-12-26 (Price: 6.41),49/47/47 days,7.03% above/6.86% above/6.86% above,2024-03-13 (Price: 10.7924)/2025-12-26 (Price: 6.3558),8.19%/0.92%/3.25%,"5.37%, 17.3%",3.8 months/6 days/1.5 month,2026-06-09/2026-01-03/2026-03-01,6.71%,1.19%,5.52%,0.63,0.01,6.5517/6.6183/6.42/7.0067/15.377/16.6022/6.71,6.26/4.7975/No F-Stack Support/No F-Stack Support/No F-Track Level/No F-Track Level/No EMA 200 Support,No Data (Across ALL Assets),No Data (Across ALL Assets),6.4
"WPM.TO, Long, 2025-12-21 (Price: 164.88)",2026-02-08 (Price: 185.9),"12.75%, 1.6 month","90.32%, Past 10 years, 31","Weekly, is CONFIRMED on 2025-12-19",Already confirmed,"2026-02-11 (Price: 202.27), 22.68% above",1.7 month,"6, 2024-08-04 (Price: 79.97)",2025-12-21 (Price: 164.88),2025-12-19 (Price: 164.88),52/54/52 days,22.68% above/22.68% above/22.68% above,2024-08-04 (Price: 79.878)/2025-12-21 (Price: 162.5546),27.09%/5.0%/13.6%,"25.2%, 49.41%",4.4 months/1.2 month/2.4 months,2026-06-30/2026-02-11/2026-04-04,8.5%,7.59%,0.91%,0.74,0.39,177.213/187.3037/215.83/No Horizontal Resistance/178.0989/194.7923/No EMA 200 Target,135.45/52.782/146.152/125.9496/No F-Track Level/No F-Track Level/130.22,No Data (Across ALL Assets),No Data (Across ALL Assets),163.7
"RHHBY, Long, 2025-12-21 (Price: 51.2)",2026-02-08 (Price: 57.7),"12.7%, 1.6 month","90.91%, Past 10 years, 33","Weekly, is CONFIRMED on 2025-12-19",Already confirmed,"2026-02-11 (Price: 57.66), 12.62% above",1.7 month,"2, 2025-07-06 (Price: 40.44)",2025-12-14 (Price: 50.04),2025-12-18 (Price: 50.27),59/55/52 days,15.23% above/14.7% above/12.62% above,2025-07-06 (Price: 40.6429)/2025-12-21 (Price: 49.0534),19.01%/0.85%/10.01%,"21.59%, 44.18%",1.2 year/1.2 month/5.3 months,2027-09-07/2026-02-11/2026-08-08,6.33%,5.45%,0.88%,0.61,0.27,53.8726/56.3251/57.66/52.46/58.6089/65.2057/No EMA 200 Target,38.23/34.5167/41.5794/31.0544/No F-Track Level/No F-Track Level/41.95,No Data (Across ALL Assets),No Data (Across ALL Assets),50.25
"UPS, Long, 2025-12-21 (Price: 101.92)",2026-02-08 (Price: 117.34),"15.13%, 1.6 month","88.0%, Past 10 years, 25","Weekly, is CONFIRMED on 2025-12-19",Already confirmed,"2026-02-11 (Price: 119.78), 17.52% above",1.7 month,"2, 2025-07-06 (Price: 104.13)",2025-12-14 (Price: 100.92),2025-12-19 (Price: 101.92),59/54/52 days,18.69% above/17.52% above/17.52% above,2025-07-06 (Price: 106.46)/2025-12-21 (Price: 98.1447),31.22%/1.77%/9.21%,"12.29%, 27.26%",9.8 months/28 days/4.9 months,2027-02-19/2026-01-30/2026-07-21,6.49%,1.99%,4.5%,0.53,0.06,100.9416/111.3068/103.25/221.2667/228.7501/295.6013/No EMA 200 Target,82.87/No Horizontal Support/No F-Stack Support/No F-Stack Support/No F-Track Level/No F-Track Level/95.71,No Data (Across ALL Assets),No Data (Across ALL Assets),101.0
"CSCO, Long, 2025-12-19 (Price: 78.42)",2026-02-06 (Price: 84.82),"8.16%, 1.6 month","94.74%, Past 4 years, 19","Daily, is CONFIRMED on 2025-12-19",Already confirmed,"2026-02-11 (Price: 85.75), 9.35% above",1.8 month,"0, 2024-03-06 (Price: 49.17)",2025-12-17 (Price: 76.0),2025-12-19 (Price: 78.42),56/54/54 days,12.83% above/9.35% above/9.35% above,2024-03-06 (Price: 58.6547)/2025-12-19 (Price: 76.1208),5.83%/1.03%/2.7%,"17.72%, 27.08%",1.1 month/6 days/11 days,2026-02-04/2025-12-27/2026-01-03,6.29%,6.68%,-0.39%,0.26,0.35,81.2823/80.5373/95.97/No Horizontal Resistance/78.7458/109.6316/No EMA 200 Target,76.0/40.92/75.1101/68.2017/No F-Track Level/No F-Track Level/67.08,No Data (Across ALL Assets),No Data (Across ALL Assets),76.97
"MCD, Long, 2025-12-18 (Price: 319.65)",2026-02-09 (Price: 325.6),"1.86%, 1.8 month","85.0%, Past 4 years, 20","Daily, is CONFIRMED on 2025-12-18",Already confirmed,"2026-02-11 (Price: 323.48), 1.2% above",1.8 month,"2, 2025-10-28 (Price: 306.4)",2025-12-17 (Price: 318.69),2025-12-18 (Price: 319.65),56/55/55 days,1.5% above/1.2% above/1.2% above,2025-10-28 (Price: 307.6786)/2025-12-18 (Price: 316.4214),4.95%/0.71%/2.34%,"0.45%, 11.38%",3.9 months/6 days/1.3 month,2026-06-05/2025-12-26/2026-02-12,11.02%,4.75%,6.27%,0.76,0.23,329.1756/327.1298/327.6/321.3575/370.0426/590.3302/No EMA 200 Target,300.72/228.4467/254.2758/233.8976/No F-Track Level/No F-Track Level/306.22,No Data (Across ALL Assets),No Data (Across ALL Assets),319.38
"BNS.TO, Long, 2025-12-07 (Price: 99.26)",2026-02-08 (Price: 104.3),"5.08%, 2.1 months","100.0%, Past 10 years, 23","Weekly, is CONFIRMED on 2025-12-05",Already confirmed,"2026-02-11 (Price: 104.76), 5.54% above",2.2 months,"2, 2024-10-13 (Price: 72.18)",2025-11-30 (Price: 96.94),2025-12-02 (Price: 98.72),73/71/66 days,8.07% above/6.12% above/5.54% above,2024-10-13 (Price: 75.69)/2025-12-07 (Price: 94.2113),12.4%/0.79%/4.17%,"0%, 33.13%",1.1 year/28 days/3.1 months,2027-07-03/2026-01-16/2026-04-20,7.42%,2.55%,4.87%,1.21,0.04,103.8657/103.3991/115.51/No Horizontal Resistance/113.9126/137.6923/No EMA 200 Target,63.97/62.2517/92.969/69.3218/No F-Track Level/No F-Track Level/79.06,No Data (Across ALL Assets),No Data (Across ALL Assets),96.69
"CNQ.TO, Long, 2025-11-23 (Price: 47.11)",2026-02-11 (Price: 55.17),"17.11%, 2.7 months","86.36%, Past 10 years, 22","Weekly, is CONFIRMED on 2025-11-21",Already confirmed,"2026-02-11 (Price: 55.17), 17.11% above",2.7 months,"0, 2021-08-01 (Price: 20.1616)",2025-11-09 (Price: 44.4),2025-11-18 (Price: 47.56),94/85/80 days,24.26% above/16.0% above/17.11% above,2021-08-01 (Price: 78.2704)/2025-11-23 (Price: 43.5224),19.11%/1.41%/7.08%,"22.31%, 71.02%",3.5 months/28 days/1.8 month,2026-04-24/2026-01-02/2026-02-09,-1.83%,3.94%,-5.77%,0.27,0.24,47.8166/50.4454/63.28/51.51/65.8353/68.6522/No EMA 200 Target,41.23/34.9317/46.0303/41.121/No F-Track Level/No F-Track Level/42.96,No Data (Across ALL Assets),No Data (Across ALL Assets),47.0
"ATZ.TO, Long, 2025-09-30 (Price: 84.18)",2026-02-11 (Price: 116.15),"37.98%, 4.5 months","100.0%, Past 20 years, 4","Monthly, is CONFIRMED on 2025-09-30",Already confirmed,"2026-02-11 (Price: 116.15), 37.98% above",4.5 months,"0, 2020-09-30 (Price: 17.43)",2025-08-31 (Price: 82.22),2025-09-30 (Price: 84.18),164/134/134 days,41.27% above/37.98% above/37.98% above,2020-09-30 (Price: 54.9511)/2025-09-30 (Price: 76.2844),34.18%/9.72%/15.83%,"0%, 27.64%",7.1 months/4.5 months/6.4 months,2026-08-04/2026-04-13/2026-07-05,18.02%,14.67%,3.35%,1.35,0.67,145.7998/97.5057/124.23/No Horizontal Resistance/99.4929/119.4832/No EMA 200 Target,21.57/32.3325/82.0832/66.1919/No F-Track Level/No F-Track Level/65.85,No Data (Across ALL Assets),No Data (Across ALL Assets),80.71
"XIU.TO, Long, 2025-08-31 (Price: 42.76)",2026-01-31 (Price: 46.9),"9.68%, 5.1 months","92.31%, Past 20 years, 13","Monthly, is CONFIRMED on 2025-08-31",Already confirmed,"2026-02-11 (Price: 48.65), 13.77% above",5.5 months,"0, 2020-08-31 (Price: 24.88)",2025-08-31 (Price: 42.76),2025-08-29 (Price: 42.76),164/166/164 days,13.77% above/13.77% above/13.77% above,2020-08-31 (Price: 30.7492)/2025-08-31 (Price: 40.7124),12.69%/5.3%/8.8%,"6.95%, 19.49%",1.2 year/4 months/7.1 months,2027-05-18/2026-02-20/2026-07-05,5.6%,3.96%,1.64%,1.05,0.16,47.3353/46.5229/53.49/No Horizontal Resistance/53.8646/79.5406/No EMA 200 Target,28.76/27.9467/37.996/28.1885/No F-Track Level/No F-Track Level/38.98,No Data (Across ALL Assets),No Data (Across ALL Assets),40.71
"QQQ, Long, 2025-08-31 (Price: 570.4)",2026-01-31 (Price: 621.87),"9.02%, 5.1 months","100.0%, Past 20 years, 14","Monthly, is CONFIRMED on 2025-08-31",Already confirmed,"2026-02-11 (Price: 613.11), 7.49% above",5.5 months,"0, 2020-08-31 (Price: 294.88)",2025-08-31 (Price: 570.4),2025-08-29 (Price: 570.4),164/166/164 days,7.49% above/7.49% above/7.49% above,2020-08-31 (Price: 357.9023)/2025-08-31 (Price: 561.1331),16.86%/5.89%/12.1%,"-0.0%, 33.07%",2.6 years/5 months/10.6 months,2029-05-17/2026-04-05/2026-12-04,8.22%,7.36%,0.86%,2.13,0.41,647.347/639.4184/735.71/No Horizontal Resistance/610.7303/836.2536/No EMA 200 Target,468.92/256.995/563.3658/526.8888/No F-Track Level/No F-Track Level/518.49,No Data (Across ALL Assets),No Data (Across ALL Assets),558.83
"^GSPC, Long, 2025-08-31 (Price: 6460.2598)",2026-01-31 (Price: 6939.0298),"7.41%, 5.1 months","100.0%, Past 20 years, 16","Monthly, is CONFIRMED on 2025-08-31",Already confirmed,"2026-02-11 (Price: 6941.0601), 7.44% above",5.5 months,"0, 2021-04-30 (Price: 4181.1699)",2025-08-31 (Price: 6460.2598),2025-08-29 (Price: 6460.2598),164/166/164 days,7.44% above/7.44% above/7.44% above,2021-04-30 (Price: 4495.396)/2025-08-31 (Price: 6362.9129),17.02%/5.61%/10.23%,"-0.0%, 24.77%",2.5 years/4 months/9.6 months,2029-03-26/2026-02-20/2026-10-22,5.94%,4.9%,1.04%,1.9,0.25,7469.3524/7121.1444/7827.71/No Horizontal Resistance/6676.3264/8586.4727/No EMA 200 Target,5569.06/4106.4632/5495.7663/No support/No F-Track Level/No F-Track Level/5959.47,No Data (Across ALL Assets),No Data (Across ALL Assets),6287.2798
"^NDX, Long, 2025-08-31 (Price: 23415.4199)",2026-01-31 (Price: 25552.3906),"9.13%, 5.1 months","100.0%, Past 20 years, 15","Monthly, is CONFIRMED on 2025-08-31",Already confirmed,"2026-02-11 (Price: 25196.0273), 7.6% above",5.5 months,"0, 2020-08-31 (Price: 12110.7002)",2025-08-31 (Price: 23415.4199),2025-08-29 (Price: 23415.4199),164/166/164 days,7.6% above/7.6% above/7.6% above,2020-08-31 (Price: 14665.7248)/2025-08-31 (Price: 23062.2632),26.99%/6.45%/16.51%,"-0.0%, 13.1%",1.4 year/5 months/6.7 months,2027-08-29/2026-04-05/2026-06-18,9.09%,7.43%,1.66%,1.74,0.42,29192.004/27281.3057/30198.25/No Horizontal Resistance/25025.4383/33965.62/No EMA 200 Target,19278.45/10555.915/22796.2371/21108.1646/No F-Track Level/No F-Track Level/21305.43,No Data (Across ALL Assets),No Data (Across ALL Assets),22941.0605
"GS, Long, 2025-08-31 (Price: 745.25)",2026-02-11 (Price: 946.355),"26.98%, 5.5 months","100.0%, Past 20 years, 14","Monthly, is CONFIRMED on 2025-08-31",Already confirmed,"2026-02-11 (Price: 946.355), 26.98% above",5.5 months,"10, 2019-10-31 (Price: 213.38)",2025-06-30 (Price: 707.75),2025-08-04 (Price: 726.03),226/191/164 days,33.71% above/30.35% above/26.98% above,2019-10-31 (Price: 280.0331)/2025-08-31 (Price: 603.5427),53.25%/7.0%/23.74%,"-0.0%, 34.98%",2.5 years/4 months/9.8 months,2029-03-26/2026-02-20/2026-10-30,11.0%,6.57%,4.43%,1.46,0.33,889.903/922.1724/1064.37/No Horizontal Resistance/794.5775/931.1482/No EMA 200 Target,303.61/288.555/634.5288/521.2487/No F-Track Level/No F-Track Level/618.35,No Data (Across ALL Assets),No Data (Across ALL Assets),710.51
"VGT, Long, 2025-08-31 (Price: 697.02)",2026-01-31 (Price: 747.92),"7.3%, 5.1 months","100.0%, Past 20 years, 17","Monthly, is CONFIRMED on 2025-08-31",Already confirmed,"2026-02-11 (Price: 748.78), 7.43% above",5.5 months,"0, 2020-08-31 (Price: 328.15)",2025-08-31 (Price: 697.02),2025-08-29 (Price: 697.02),164/166/164 days,7.43% above/7.43% above/7.43% above,2020-08-31 (Price: 388.487)/2025-08-31 (Price: 683.1357),27.2%/4.39%/14.51%,"-0.0%, 51.21%",1.4 year/4.1 months/7.8 months,2027-08-29/2026-02-23/2026-08-04,6.69%,8.91%,-2.22%,1.41,0.55,817.8136/798.1576/918.34/No Horizontal Resistance/702.1644/946.1588/No EMA 200 Target,542.38/311.83/626.0547/551.3644/No F-Track Level/No F-Track Level/618.84,No Data (Across ALL Assets),No Data (Across ALL Assets),683.16
"^STI, Long, 2025-08-31 (Price: 4269.7002)",2026-01-31 (Price: 4905.1299),"14.88%, 5.1 months","80.0%, Past 20 years, 10","Monthly, is CONFIRMED on 2025-08-31",Already confirmed,"2026-02-11 (Price: 4984.5801), 16.74% above",5.5 months,"0, 2020-08-31 (Price: 2532.51)",2025-07-31 (Price: 4173.77),2025-08-04 (Price: 4197.23),195/191/164 days,19.43% above/18.76% above/16.74% above,2020-08-31 (Price: 3204.0382)/2025-08-31 (Price: 4078.011),18.82%/7.18%/12.34%,"4.28%, 24.61%",2.5 years/5.1 months/1.5 year,2029-03-26/2026-04-09/2027-10-22,4.4%,2.64%,1.76%,0.76,0.05,4636.8944/4796.5812/5312.01/No Horizontal Resistance/4365.0143/5171.9929/No EMA 200 Target,3067.74/2919.5734/4129.8837/3190.3392/No F-Track Level/No F-Track Level/3910.72,No Data (Across ALL Assets),No Data (Across ALL Assets),4169.2798
"AMD, Long, 2025-07-31 (Price: 176.31)",2026-02-11 (Price: 213.395),"21.03%, 6.5 months","87.5%, Past 20 years, 16","Monthly, is CONFIRMED on 2025-07-31",Already confirmed,"2026-02-11 (Price: 213.395), 21.03% above",6.5 months,"2, 2024-03-31 (Price: 180.49)",2025-05-31 (Price: 110.73),2025-07-10 (Price: 144.16),256/216/195 days,92.72% above/48.03% above/21.03% above,2024-03-31 (Price: 224.5781)/2025-07-31 (Price: 100.79),190.68%/9.18%/101.74%,"0.02%, 94.83%",2.5 years/5.1 months/10.8 months,2029-02-23/2026-03-09/2026-11-12,20.96%,6.33%,14.63%,1.29,0.43,338.0392/355.6878/178.82/No Horizontal Resistance/219.0648/251.3512/No EMA 200 Target,97.35/73.114/170.075/140.6278/No F-Track Level/No F-Track Level/123.49,No Data (Across ALL Assets),No Data (Across ALL Assets),138.77
"CNQ.TO, Long, 2025-06-15 (Price: 45.9)",2026-02-11 (Price: 55.17),"20.2%, 8 months","86.36%, Past 10 years, 22","Weekly, is CONFIRMED on 2025-06-13",Already confirmed,"2026-02-11 (Price: 55.17), 20.2% above",8 months,"2, 2024-10-06 (Price: 48.22)",2025-06-08 (Price: 43.25),2025-06-10 (Price: 44.03),248/246/241 days,27.56% above/25.3% above/20.2% above,2024-10-06 (Price: 52.4561)/2025-06-15 (Price: 42.2547),19.11%/1.41%/7.08%,"22.31%, 71.02%",3.5 months/28 days/1.8 month,2025-11-14/2025-07-25/2025-09-01,-1.83%,3.94%,-5.77%,0.27,0.24,46.5885/49.1497/47.29/51.51/65.8353/68.6522/No EMA 200 Target,37.72/13.9251/41.121/33.7618/No F-Track Level/No F-Track Level/44.38,No Data (Across ALL Assets),No Data (Across ALL Assets),43.42
"TSLA, Long, 2025-05-31 (Price: 346.46)",2026-01-31 (Price: 430.41),"24.23%, 8.2 months","83.33%, Past 20 years, 6","Monthly, is CONFIRMED on 2025-05-31",Already confirmed,"2026-02-11 (Price: 427.1949), 23.3% above",8.5 months,"6, 2021-11-30 (Price: 381.5867)",2025-04-30 (Price: 282.16),2025-05-08 (Price: 284.82),287/279/256 days,51.4% above/49.99% above/23.3% above,2021-11-30 (Price: 408.2466)/2025-05-31 (Price: 214.4383),24.23%/7.79%/18.75%,"2.38%, 35.95%",1.9 year/8.2 months/1.1 year,2028-02-15/2026-05-20/2026-12-25,26.58%,27.99%,-1.41%,0.72,1.01,869.2335/411.4212/367.54/408.5817/413.6779/490.132/No EMA 200 Target,175.79/167.4534/330.0827/262.8246/No F-Track Level/No F-Track Level/302.39,No Data (Across ALL Assets),No Data (Across ALL Assets),280.01
"DOL.TO, Long, 2025-05-31 (Price: 176.5)",2026-02-11 (Price: 188.89),"7.02%, 8.5 months","100.0%, Past 20 years, 9","Monthly, is CONFIRMED on 2025-05-31",Already confirmed,"2026-02-11 (Price: 188.89), 7.02% above",8.5 months,"2, 2022-11-30 (Price: 82.33)",2025-05-31 (Price: 176.5),2025-05-20 (Price: 171.48),256/267/256 days,7.02% above/10.15% above/7.02% above,2022-11-30 (Price: 82.963)/2025-05-31 (Price: 170.4717),24.69%/6.61%/15.78%,"0%, 12.12%",1 year/5 months/9.3 months,2026-11-03/2026-01-03/2026-07-09,8.62%,19.19%,-10.57%,2.59,1.27,209.8938/204.3517/233.0/No Horizontal Resistance/194.1559/294.0831/No EMA 200 Target,39.04/45.99/132.3972/94.2286/No F-Track Level/No F-Track Level/147.05,No Data (Across ALL Assets),No Data (Across ALL Assets),170.49
"MSE.PA, Long, 2025-02-28 (Price: 59.36)",2026-01-31 (Price: 66.41),"11.88%, 11.2 months","100.0%, Past 20 years, 8","Monthly, is CONFIRMED on 2025-02-28",Already confirmed,"2026-02-11 (Price: 67.42), 13.58% above",11.6 months,"0, 2020-02-29 (Price: 32.4)",2025-02-28 (Price: 59.36),2025-02-28 (Price: 59.36),348/348/348 days,13.58% above/13.58% above/13.58% above,2020-02-29 (Price: 36.9416)/2025-02-28 (Price: 56.3799),12.79%/4.9%/9.99%,"-0.0%, 28.4%",1.7 year/5 months/11.6 months,2027-08-03/2025-10-03/2026-07-17,5.27%,2.2%,3.07%,1.81,0.01,62.1915/65.2901/75.54/No Horizontal Resistance/58.4776/81.1364/No EMA 200 Target,52.08/33.57/44.4738/35.8188/No F-Track Level/No F-Track Level/53.71,No Data (Across ALL Assets),No Data (Across ALL Assets),56.21
"AAPL, Long, 2024-09-30 (Price: 233.0)",2026-01-31 (Price: 259.48),"11.36%, 1.4 year","100.0%, Past 20 years, 19","Monthly, is CONFIRMED on 2024-09-30",Already confirmed,"2026-02-11 (Price: 275.9), 18.41% above",1.4 year,"2, 2022-07-31 (Price: 162.51)",2024-09-30 (Price: 233.0),2024-09-30 (Price: 233.0),499/499/499 days,18.41% above/18.41% above/18.41% above,2022-07-31 (Price: 175.7774)/2024-09-30 (Price: 216.2229),49.66%/11.36%/22.23%,"0%, 40.56%",2.5 years/5 months/10.5 months,2028-04-25/2025-05-05/2025-12-30,17.15%,20.74%,-3.59%,2.12,1.01,337.2675/284.7959/275.29/No Horizontal Resistance/294.7231/309.0801/No EMA 200 Target,170.33/136.9225/189.8723/119.0319/No F-Track Level/No F-Track Level/197.37,No Data (Across ALL Assets),No Data (Across ALL Assets),228.55
"MFT.NZ, Long, 2024-07-21 (Price: 76.98)",2026-02-11 (Price: 64.45),"-16.28%, 1.6 year","91.3%, Past 10 years, 23","Weekly, is CONFIRMED on 2024-07-19",Already confirmed,"2026-02-11 (Price: 64.45), 16.28% below",1.6 year,"4, 2023-01-08 (Price: 65.96)",2024-07-07 (Price: 69.0),2024-07-16 (Price: 75.76),584/575/570 days,6.59% below/14.93% below/16.28% below,2023-01-08 (Price: 76.9682)/2024-07-21 (Price: 68.0877),13.53%/1.78%/6.21%,"5.83%, 27.74%",1.2 year/1.2 month/3.5 months,2026-04-07/2024-09-11/2024-12-20,8.44%,10.06%,-1.62%,1.12,0.58,81.6527/81.7605/83.59/85.45/119.9356/137.6171/No EMA 200 Target,67.63/38.35/73.6141/54.7158/No F-Track Level/No F-Track Level/67.82,No Data (Across ALL Assets),No Data (Across ALL Assets),75.37
"PPH, Long, 2024-03-31 (Price: 90.7)",2026-02-11 (Price: 110.29),"21.6%, 1.9 year","85.71%, Past 20 years, 21","Monthly, is CONFIRMED on 2024-03-31",Already confirmed,"2026-02-11 (Price: 110.29), 21.6% above",1.9 year,"0, 2019-03-31 (Price: 60.72)",2024-01-31 (Price: 85.3),2024-03-28 (Price: 90.7),742/685/682 days,29.3% above/21.6% above/21.6% above,2019-03-31 (Price: 86.3975)/2024-03-31 (Price: 82.9475),20.62%/2.34%/10.59%,"3.25%, 39.01%",4.4 years/5 months/1.4 year,2030-07-12/2024-11-03/2026-03-29,2.32%,2.1%,0.22%,1.05,-0.03,100.7224/100.3051/108.69/No Horizontal Resistance/96.895/110.4008/No EMA 200 Target,75.31/54.71/87.7591/80.4653/No F-Track Level/No F-Track Level/81.89,No Data (Across ALL Assets),No Data (Across ALL Assets),89.33
"AMD, Long, 2024-02-29 (Price: 192.53)",2026-02-11 (Price: 213.395),"10.84%, 2 years","87.5%, Past 20 years, 16","Monthly, is CONFIRMED on 2024-02-29",Already confirmed,"2026-02-11 (Price: 213.395), 10.84% above",2 years,"2, 2021-10-31 (Price: 120.23)",2023-12-31 (Price: 147.41),2024-02-22 (Price: 181.86),773/720/713 days,44.76% above/17.34% above/10.84% above,2021-10-31 (Price: 166.1247)/2024-02-29 (Price: 119.5121),190.68%/9.18%/101.74%,"0.02%, 94.83%",2.5 years/5.1 months/10.8 months,2027-09-24/2024-10-07/2025-06-12,20.96%,6.33%,14.63%,1.29,0.43,369.1378/388.41/235.91/No Horizontal Resistance/170.075/187.3421/No EMA 200 Target,60.06/27.54/140.6278/116.4823/No F-Track Level/No F-Track Level/124.45,No Data (Across ALL Assets),No Data (Across ALL Assets),169.27
"AMD, Long, 2024-01-31 (Price: 167.69)",2026-02-11 (Price: 213.395),"27.26%, 2.1 years","87.5%, Past 20 years, 16","Monthly, is CONFIRMED on 2024-01-31",Already confirmed,"2026-02-11 (Price: 213.395), 27.26% above",2.1 years,"2, 2021-11-30 (Price: 158.37)",2023-12-31 (Price: 147.41),2024-01-08 (Price: 146.18),773/765/742 days,44.76% above/45.98% above/27.26% above,2021-11-30 (Price: 164.46)/2024-01-31 (Price: 121.1768),190.68%/9.18%/101.74%,"0.02%, 94.83%",2.5 years/5.1 months/10.8 months,2027-08-26/2024-09-08/2025-05-14,20.96%,6.33%,14.63%,1.29,0.43,321.512/338.2978/173.28/No Horizontal Resistance/170.075/187.3421/No EMA 200 Target,60.06/27.54/140.6278/116.4823/No F-Track Level/No F-Track Level/116.01,No Data (Across ALL Assets),No Data (Across ALL Assets),144.28
"ASML, Long, 2024-01-31 (Price: 869.82)",2026-01-31 (Price: 1423.0),"63.6%, 2 years","93.33%, Past 20 years, 15","Monthly, is CONFIRMED on 2024-01-31",Already confirmed,"2026-02-11 (Price: 1435.63), 65.05% above",2.1 years,"0, 2019-01-31 (Price: 175.03)",2024-01-31 (Price: 869.82),2024-01-31 (Price: 869.82),742/742/742 days,65.05% above/65.05% above/65.05% above,2019-01-31 (Price: 1076.2209)/2024-01-31 (Price: 738.1755),63.6%/5.07%/24.95%,"28.83%, 59.07%",2 years/5.1 months/1.2 year,2026-12-08/2024-09-08/2025-10-17,10.2%,11.23%,-1.03%,0.94,0.54,1035.4337/1086.8401/1286.69/888.525/1034.6774/1091.1724/No EMA 200 Target,588.66/188.78/832.8601/749.8177/No F-Track Level/No F-Track Level/678.52,No Data (Across ALL Assets),No Data (Across ALL Assets),730.0
"TRI.TO, Short, 2026-02-08 (Price: 120.18)",No Exit Yet,"-0.62%, 3 days","89.47%, Past 10 years, 19","Weekly, is CONFIRMED on 2026-02-06",Already confirmed,"2026-02-11 (Price: 120.93), 0.62% above",3 days,"2, 2025-07-27 (Price: 278.86)",2026-02-08 (Price: 120.18),2026-02-08 (Price: 120.18),3/3/3 days,0.62% above/0.62% above/0.62% above,2025-07-27 (Price: 241.6116)/2026-02-08 (Price: 152.8065),15.6%/1.62%/5.6%,"24.19%, 18.85%",5.8 months/28 days/2.5 months,2026-10-18/2026-03-20/2026-05-27,-0.74%,4.79%,-5.53%,0.37,0.22,114.9402/113.4499/24.97/No Horizontal Support/93.0152/69.3828/No EMA 200 Target,No support/No Horizontal Support/93.0152/69.3828/No F-Track Level/No F-Track Level/No support,No Data (Across ALL Assets),No Data (Across ALL Assets),155.0
"TRI.TO, Short, 2026-01-31 (Price: 150.45)",No Exit Yet,"19.62%, 11 days","87.5%, Past 20 years, 8","Monthly, is CONFIRMED on 2026-01-31",Already confirmed,"2026-02-11 (Price: 120.93), 19.62% below",11 days,"6, 2020-01-31 (Price: 110.4777)",2025-11-30 (Price: 189.55),2026-01-30 (Price: 150.45),73/12/11 days,36.2% below/19.62% below/19.62% below,2020-01-31 (Price: 74.8934)/2026-01-31 (Price: 214.4891),23.76%/7.99%/13.25%,"41.99%, 25.96%",5.1 months/5 months/5 months,2026-09-09/2026-09-05/2026-09-05,4.94%,4.79%,0.15%,-0.02,0.22,137.075/130.5154/126.47/126.1128/131.2534/93.0152/No EMA 200 Target,No support/126.1128/131.2534/93.0152/No F-Track Level/No F-Track Level/No support,No Data (Across ALL Assets),No Data (Across ALL Assets),181.7
"INFY, Short, 2026-01-29 (Price: 17.75)",2026-02-09 (Price: 16.31),"8.11%, 11 days","92.86%, Past 4 years, 14","Daily, is CONFIRMED on 2026-01-29",Already confirmed,"2026-02-11 (Price: 15.76), 11.21% below",13 days,"2, 2025-10-15 (Price: 16.44)",2026-01-29 (Price: 17.75),2026-01-29 (Price: 17.75),13/13/13 days,11.21% below/11.21% below/11.21% below,2025-10-15 (Price: 15.753)/2026-01-29 (Price: 17.9768),7.9%/2.37%/3.92%,"7.65%, 9.24%",1.4 month/7 days/18 days,2026-03-30/2026-02-08/2026-02-24,0.04%,4.02%,-3.98%,0.78,0.26,17.8725/17.0542/16.96/16.0317/13.0115/82.7505/17.53,No support/16.0317/13.0115/No support/No F-Track Level/No F-Track Level/No EMA 200 Support,No Data (Across ALL Assets),No Data (Across ALL Assets),18.13
"PFE, Short, 2024-03-31 (Price: 27.75)",2025-12-31 (Price: 24.9),"10.27%, 1.8 year","100.0%, Past 49 years, 5","Quarterly, is CONFIRMED on 2024-03-31",Already confirmed,"2026-02-11 (Price: 27.795), 0.16% above",1.9 year,"6, 2009-03-31 (Price: 12.9222)",2023-12-31 (Price: 28.79),2024-01-11 (Price: 28.4),773/762/682 days,3.46% below/2.13% below/0.16% above,2009-03-31 (Price: 11.0247)/2024-03-31 (Price: 32.0614),28.35%/10.27%/19.31%,"0.0%, 34.93%",1.8 year/1.3 year/1.5 year,2026-10-25/2026-02-06/2026-05-22,5.19%,4.88%,0.31%,0.58,0.28,25.7464/22.3915/18.85/26.1058/21.508/20.5265/No EMA 200 Target,No support/26.1058/21.508/20.5265/No F-Track Level/No F-Track Level/No support,No Data (Across ALL Assets),No Data (Across ALL Assets),28.88
