"Symbol, Signal, Signal Date/Price[$]",Exit Signal Date/Price[$],Current Mark to Market and Holding Period,"Win Rate [%], History Tested, Number of Trades","Interval, Confirmation Status",Cancellation Level/Date,"Today Trading Date/Price[$], Today price vs Signal",Trading Days between Signal and Today Date,Signal Type,Track Level/Price($),Price on Latest Trading day vs Track Level,"Reference Upmove or Downmove start Date/Price($), end Date/Price($)",Backtested Returns(Win Trades) [%] (Max/Min/Avg),"Backtested Max Loss [%], Backtested Worst Single MTM during Hold Period [%]",Backtested Holding Period(Win Trades) (days) (Max/Min/Avg),Target Exit Date(Win Trades) (Max/Min/Avg),Backtested Strategy CAGR [%],CAGR of Buy and Hold [%],CAGR difference (Strategy - Buy and Hold) [%],Backtested Strategy Sharpe Ratio,Sharpe Ratio of Buy and Hold,Targets (Historic Rise or Fall to Pivot/Avg % Gain of Historic Winning trades/Function Specific Target/Horizontal/F-Stack 1/F-Stack 2/EMA 200) [$],Support (Recent Extrema/Horizontal/F-Stack 1/F-Stack 2/F-Track 1/F-Track 2/EMA 200) [$],Latest Past 6 Months Performance[%]/No. of Analysed Trades/Avg Holding Period (days) (Across ALL Assets),Forward Testing Win Rate[%]/No. of Analysed Trades/Avg Holding Period (days) (Across ALL Assets),Signal Open Price
"ETH-USD, Long, 2026-02-16 (Price: 1988.8394)",No Exit Yet,"0.0%, 0 days","100.0%, Past 10 years, 5","Weekly, will be confirmed as valid at the end of this week",Signal Cancelled if Price < 1748.6277 prior to 2026-02-20,"2026-02-16 (Price: 1988.8394), 0.0% below",0 days,Upmove Bounce Back,88.6% (Price: 1793.4297),10.9% above,"2025-04-13 (Price: 1386.7993), 2025-08-24 (Price: 4953.7329)",33.25%/17.26%/24.12%,"-0.0%, 44.11%",5.4 months/7 days/2.8 months,2026-10-08/2026-02-26/2026-06-17,44.95%,44.58%,0.37%,1.56,1.59,2058.8465/2468.5475/4129.0/4922.7188/5483.4169/7318.9774/3536.66,1966.04/1370.4997/No F-Stack Support/No F-Stack Support/No support/No support/No EMA 200 Support,94.52%/73/1.2 year (Across ALL Assets),63.64%/132/7.5 months (Across ALL Assets),1965.1317
"RELIANCE.NS, Long, 2026-02-16 (Price: 1437.1)",No Exit Yet,"0.0%, 0 days","90.48%, Past 20 years, 21","Weekly, will be confirmed as valid at the end of this week",Signal Cancelled if Price < 1335.5 prior to 2026-02-20,"2026-02-16 (Price: 1437.1), 0.0% below",0 days,Upmove Bounce Back,23.66% (Price: 1325.1633),8.45% above,"2020-03-29 (Price: 400.3177), 2026-01-11 (Price: 1611.8)",22.17%/4.72%/16.08%,"1.69%, 20.86%",2.6 years/14 days/6.4 months,2029-11-02/2026-03-08/2026-11-21,15.84%,11.94%,3.9%,1.68,0.6,1543.0143/1668.1857/2163.99/1610.3/1617.1679/1804.6011/1451.3,1386.1/1006.0696/1324.16/1138.1652/No support/1380.411/No EMA 200 Support,94.52%/73/1.2 year (Across ALL Assets),63.64%/132/7.5 months (Across ALL Assets),1420.1
"C6L.SI, Long, 2026-02-16 (Price: 7.0)",No Exit Yet,"0.0%, 0 days","87.5%, Past 40 years, 8","Monthly, will be confirmed as valid at the end of this month",Signal Cancelled if Price < 6.23 prior to 2026-02-27,"2026-02-16 (Price: 7.0), 0.0% below",0 days,Upmove Bounce Back,78.6% (Price: 6.2388),12.2% above,"2024-08-31 (Price: 5.86), 2025-07-31 (Price: 7.63)",36.54%/6.45%/24.21%,"1.62%, 16.22%",2.6 years/8.1 months/1.5 year,2029-11-02/2027-02-02/2028-04-08,7.09%,-1.77%,8.86%,0.77,-0.19,7.2072/8.6947/8.06/7.0067/15.4629/16.7442/No EMA 200 Target,6.35/4.7975/No F-Stack Support/No F-Stack Support/No support/No support/6.7,92.68%/41/1.5 year (Across ALL Assets),66.67%/63/10.2 months (Across ALL Assets),6.35
"IFT.NZ, Long, 2026-02-16 (Price: 10.94)",No Exit Yet,"0.0%, 0 days","85.71%, Past 31 years, 7","Monthly, will be confirmed as valid at the end of this month",Signal Cancelled if Price < 10.6 prior to 2026-02-27,"2026-02-16 (Price: 10.94), 0.0% below",0 days,Upmove Bounce Back,23.66% (Price: 10.5578),3.62% above,"2011-08-31 (Price: 1.5809), 2024-10-31 (Price: 13.34)",23.05%/20.33%/21.36%,"16.03%, 18.64%",1.6 year/5.1 months/1.1 year,2028-05-30/2026-09-25/2027-09-12,8.62%,8.22%,0.4%,0.91,0.49,12.5865/13.2768/18.0/12.825/13.8771/15.9169/11.54,10.38/7.3167/9.6206/9.1203/No support/No support/No EMA 200 Support,92.68%/41/1.5 year (Across ALL Assets),66.67%/63/10.2 months (Across ALL Assets),11.05
"NA.TO, Long, 2026-02-15 (Price: 174.78)",No Exit Yet,"0.0%, 0 days","100.0%, Past 20 years, 26","Weekly, will be confirmed as valid at the end of this week",Signal Cancelled if Price < 160.83 prior to 2026-02-20,"2026-02-15 (Price: 174.78), 0.0% below",0 days,Upmove Bounce Back,23.66% (Price: 160.7722),8.71% above,"2025-04-13 (Price: 106.67), 2025-12-28 (Price: 177.54)",20.62%/0.12%/15.67%,"0%, 55.97%",3.7 years/3 months/1.1 year,2031-05-29/2026-06-25/2027-09-11,12.24%,6.18%,6.06%,3.57,0.32,185.6513/202.168/217.3/No Horizontal Resistance/188.6608/207.1743/No EMA 200 Target,162.25/82.9367/134.0186/119.9028/No F-Track Level/No F-Track Level/151.65,94.52%/73/1.2 year (Across ALL Assets),63.64%/132/7.5 months (Across ALL Assets),169.0
"AAPL, Long, 2026-02-08 (Price: 278.12)",No Exit Yet,"-8.03%, 7 days","93.75%, Past 20 years, 16","Weekly, was CONFIRMED on 2026-02-08",Already confirmed,"2026-02-15 (Price: 255.78), 8.03% below",7 days,Upmove Bounce Back,38.2% (Price: 243.0054),5.26% above,"2025-04-13 (Price: 169.21), 2025-12-07 (Price: 288.62)",19.47%/15.33%/16.76%,"9.56%, 53.43%",1.7 year/1.4 month/7.8 months,2028-07-13/2026-04-09/2027-01-12,12.35%,17.83%,-5.48%,2.32,0.9,305.6261/324.7329/349.77/No Horizontal Resistance/289.238/325.3828/No EMA 200 Target,248.04/136.57/202.8031/187.5583/No F-Track Level/No F-Track Level/240.06,94.52%/73/1.2 year (Across ALL Assets),63.64%/132/7.5 months (Across ALL Assets),260.03
"META, Long, 2026-02-08 (Price: 661.46)",No Exit Yet,"-3.28%, 7 days","100.0%, Past 13 years, 6","Weekly, was CONFIRMED on 2026-02-08",Already confirmed,"2026-02-15 (Price: 639.77), 3.28% below",7 days,Upmove Bounce Back,23.66% (Price: 613.221),4.33% above,"2013-06-09 (Price: 22.67), 2025-08-17 (Price: 796.25)",20.56%/15.24%/17.23%,"0%, 73.01%",2.1 years/21 days/9 months,2029-02-07/2026-03-10/2027-03-06,19.03%,15.86%,3.17%,8.93,0.74,822.4594/775.4296/1125.61/No Horizontal Resistance/842.484/1305.5879/688.86,620.25/276.89/556.264/No support/No F-Track Level/No F-Track Level/No EMA 200 Support,94.52%/73/1.2 year (Across ALL Assets),63.64%/132/7.5 months (Across ALL Assets),714.6
"EFN.TO, Long, 2026-02-08 (Price: 35.44)",No Exit Yet,"-4.4%, 7 days","85.71%, Past 20 years, 7","Weekly, was CONFIRMED on 2026-02-08",Already confirmed,"2026-02-15 (Price: 33.88), 4.4% below",7 days,Upmove Bounce Back,38.2% (Price: 33.1947),2.06% above,"2025-02-09 (Price: 25.0), 2025-11-02 (Price: 38.26)",27.12%/15.2%/18.26%,"4.16%, 79.1%",4.3 years/2.6 months/1.2 year,2032-03-30/2026-05-31/2027-10-26,6.51%,10.86%,-4.35%,1.44,0.54,40.9545/41.9113/43.4/No Horizontal Resistance/45.1741/70.5281/No EMA 200 Target,34.35/12.67/29.5041/No support/No F-Track Level/No F-Track Level/35.35,94.52%/73/1.2 year (Across ALL Assets),63.64%/132/7.5 months (Across ALL Assets),34.42
"DIS, Long, 2026-01-31 (Price: 112.8)",No Exit Yet,"-6.52%, 16 days","80.0%, Past 64 years, 20","Monthly, was CONFIRMED on 2026-01-31",Already confirmed,"2026-02-16 (Price: 105.45), 6.52% below",16 days,Upmove Bounce Back,50% (Price: 102.395),2.98% above,"2025-04-30 (Price: 80.1), 2025-06-30 (Price: 124.69)",30.57%/6.96%/23.02%,"18.11%, 60.42%",4.2 years/1 month/11.1 months,2032-01-30/2026-03-15/2027-05-28,7.35%,7.97%,-0.62%,0.97,0.4,129.3139/138.7666/139.55/168.455/207.5364/245.6322/112.95,90.95/79.415/94.0946/88.5027/No F-Track Level/No F-Track Level/No EMA 200 Support,92.68%/41/1.5 year (Across ALL Assets),66.67%/63/10.2 months (Across ALL Assets),113.44
"GBPUSD=X, Long, 2026-01-31 (Price: 1.3806)",No Exit Yet,"-1.27%, 16 days","83.33%, Past 56 years, 6","Monthly, was CONFIRMED on 2026-01-31",Already confirmed,"2026-02-16 (Price: 1.363), 1.27% below",16 days,Upmove Bounce Back,23.66% (Price: 1.271),7.24% above,"2022-09-30 (Price: 1.0379), 2024-09-30 (Price: 1.3433)",3.79%/3.79%/3.79%,"0.37%, 7.17%",2.9 years/2.9 years/2.9 years,2030-03-23 (Max),4.04%,-0.96%,5.0%,0.36,-0.64,1.3879/1.4329/1.56/No Horizontal Resistance/2.4831/2.6524/No EMA 200 Target,1.24/1.1912/No F-Stack Support/No F-Stack Support/No F-Track Level/No F-Track Level/1.34,92.68%/41/1.5 year (Across ALL Assets),66.67%/63/10.2 months (Across ALL Assets),1.3475
"NZDCAD=X, Long, 2026-01-31 (Price: 0.8195)",No Exit Yet,"0.26%, 16 days","76.92%, Past 22 years, 13","Monthly, was CONFIRMED on 2026-01-31",Already confirmed,"2026-02-16 (Price: 0.8216), 0.26% above",16 days,Upmove Bounce Back,78.6% (Price: 0.8038),2.21% above,"2023-12-31 (Price: 0.7882), 2024-09-30 (Price: 0.8609)",20.75%/1.64%/9.84%,"3.81%, 24.45%",7.4 years/1 year/3.2 years,2036-08-24/2027-07-06/2030-08-26,0.56%,-0.19%,0.75%,0.44,-0.46,0.8673/0.9001/0.86/0.8586/1.0924/1.3117/No EMA 200 Target,0.79/0.7834/No F-Stack Support/No F-Stack Support/No F-Track Level/No F-Track Level/0.81,92.68%/41/1.5 year (Across ALL Assets),66.67%/63/10.2 months (Across ALL Assets),0.7896
"NVO, Long, 2026-01-31 (Price: 59.43)",No Exit Yet,"-16.59%, 16 days","100.0%, Past 44 years, 14","Monthly, was CONFIRMED on 2026-01-31",Already confirmed,"2026-02-16 (Price: 49.57), 16.59% below",16 days,Upmove Bounce Back,78.6% (Price: 43.8439),13.06% above,"2016-11-30 (Price: 15.445), 2024-06-30 (Price: 148.15)",42.36%/20.21%/26.41%,"-0.0%, 47.55%",3.3 years/4 months/1.3 year,2030-10-17/2026-07-23/2027-12-09,10.33%,9.37%,0.96%,1.75,0.5,72.7067/75.1255/139.05/139.01/157.4212/201.8641/No EMA 200 Target,47.07/45.4025/51.1046/45.3824/No F-Track Level/No F-Track Level/58.24,92.68%/41/1.5 year (Across ALL Assets),66.67%/63/10.2 months (Across ALL Assets),51.61
"AAPL, Long, 2025-12-31 (Price: 271.86)",No Exit Yet,"-5.91%, 1.6 month","100.0%, Past 45 years, 5","Quarterly, was CONFIRMED on 2025-12-31",Already confirmed,"2026-02-16 (Price: 255.78), 5.91% below",1.6 month,Upmove Bounce Back,38.2% (Price: 169.2862),51.09% above,"2016-06-30 (Price: 22.3675), 2024-12-31 (Price: 260.1)",37.72%/33.07%/35.65%,"-0.0%, 10.93%",1 year/9.1 months/10.6 months,2027-06-05/2027-01-30/2027-04-05,12.11%,12.37%,-0.26%,1.91,0.56,390.1463/368.7781/414.5/No Horizontal Resistance/289.238/325.3828/No EMA 200 Target,23.9/136.57/202.8031/187.5583/No F-Track Level/No F-Track Level/240.06,100.0%/3/1.4 year (Across ALL Assets),100.0%/1/1.5 year (Across ALL Assets),255.04
"SUM.NZ, Long, 2025-12-31 (Price: 12.29)",No Exit Yet,"-13.18%, 1.6 month","100.0%, Past 14 years, 4","Quarterly, was CONFIRMED on 2025-12-31",Already confirmed,"2026-02-16 (Price: 10.67), 13.18% below",1.6 month,Upmove Bounce Back,50% (Price: 10.74),0.65% below,"2023-06-30 (Price: 8.04), 2024-12-31 (Price: 13.44)",48.88%/41.01%/44.94%,"-0.0%, 38.76%",1.3 year/1 year/1.1 year,2027-11-08/2027-06-05/2027-07-27,11.55%,11.73%,-0.18%,0.86,0.59,12.6169/17.8131/15.53/13.345/19.8479/26.5969/No EMA 200 Target,8.8/9.1367/11.0645/No support/No F-Track Level/No F-Track Level/11.51,100.0%/3/1.4 year (Across ALL Assets),100.0%/1/1.5 year (Across ALL Assets),10.7
"TCEHY, Long, 2025-12-28 (Price: 78.08)",2026-02-08 (Price: 71.49),"-8.44%, 1.4 month","92.31%, Past 18 years, 13","Weekly, was CONFIRMED on 2025-12-28",Already confirmed,"2026-02-15 (Price: 68.3), 12.53% below",1.6 month,Upmove Bounce Back,23.66% (Price: 74.7427),8.62% below,"2024-02-25 (Price: 33.0), 2025-10-12 (Price: 87.68)",19.21%/15.1%/17.52%,"9.2%, 60.01%",4 years/21 days/10.7 months,2031-09-13/2026-01-27/2027-04-06,12.94%,13.58%,-0.64%,1.45,0.67,86.6141/91.7596/110.89/No Horizontal Resistance/91.9947/116.3817/No EMA 200 Target,77.81/36.36/76.6795/58.4956/No F-Track Level/No F-Track Level/74.58,94.52%/73/1.2 year (Across ALL Assets),63.64%/132/7.5 months (Across ALL Assets),78.76
"ASML, Long, 2025-10-31 (Price: 1059.23)",2026-01-31 (Price: 1423.0),"34.34%, 3.1 months","92.31%, Past 30 years, 13","Monthly, was CONFIRMED on 2025-10-31",Already confirmed,"2026-02-16 (Price: 1406.61), 32.8% above",3.6 months,Upmove Bounce Back,38.2% (Price: 692.3064),103.18% above,"2008-11-30 (Price: 16.4156), 2024-07-31 (Price: 1110.09)",30.95%/20.8%/23.81%,"6.56%, 49.5%",2.6 years/1 month/8.9 months,2029-07-17/2025-12-13/2026-11-21,12.71%,13.9%,-1.19%,1.74,0.62,1226.5883/1311.4327/1715.43/No Horizontal Resistance/1091.1724/1155.2236/No EMA 200 Target,662.63/561.385/1034.6774/832.8601/No F-Track Level/No F-Track Level/945.23,92.68%/41/1.5 year (Across ALL Assets),66.67%/63/10.2 months (Across ALL Assets),965.61
"SJ.TO, Long, 2025-10-31 (Price: 79.61)",2026-02-16 (Price: 98.78),"24.08%, 3.6 months","100.0%, Past 31 years, 8","Monthly, was CONFIRMED on 2025-10-31",Already confirmed,"2026-02-16 (Price: 98.78), 24.08% above",3.6 months,Upmove Bounce Back,23.66% (Price: 74.8871),31.91% above,"1996-10-31 (Price: 0.3125), 2024-07-31 (Price: 98.0)",42.38%/20.57%/27.92%,"-0.0%, 63.57%",4.1 years/2.1 months/1.7 year,2031-09-06/2026-01-30/2028-04-04,8.5%,12.52%,-4.02%,1.5,0.63,101.1286/101.8371/138.22/84.3925/95.0177/123.2166/81.32,67.6/38.015/66.807/60.0601/No F-Track Level/No F-Track Level/No EMA 200 Support,92.68%/41/1.5 year (Across ALL Assets),66.67%/63/10.2 months (Across ALL Assets),79.32
"MSFT, Long, 2025-06-30 (Price: 497.41)",2026-01-31 (Price: 430.29),"-13.49%, 7.2 months","92.31%, Past 39 years, 13","Monthly, was CONFIRMED on 2025-06-30",Already confirmed,"2026-02-16 (Price: 401.32), 19.32% below",7.7 months,Upmove Bounce Back,50% (Price: 340.89),17.73% above,"2022-11-30 (Price: 213.43), 2024-07-31 (Price: 468.35)",27.88%/6.63%/22.32%,"7.72%, 56.13%",14.2 years/3 months/1.8 year,2045-10-07/2025-11-07/2028-01-24,7.9%,16.21%,-8.31%,1.65,0.79,669.6133/608.4319/650.36/No Horizontal Resistance/517.4523/553.3726/No EMA 200 Target,375.39/216.39/386.873/350.287/No F-Track Level/No F-Track Level/487.38,92.68%/41/1.5 year (Across ALL Assets),66.67%/63/10.2 months (Across ALL Assets),457.14
"ACWX, Long, 2025-06-30 (Price: 60.94)",2026-02-16 (Price: 73.25),"20.2%, 7.7 months","100.0%, Past 17 years, 7","Monthly, was CONFIRMED on 2025-06-30",Already confirmed,"2026-02-16 (Price: 73.25), 20.2% above",7.7 months,Upmove Bounce Back,50% (Price: 48.385),51.39% above,"2022-10-31 (Price: 38.81), 2024-09-30 (Price: 57.96)",22.53%/20.09%/21.48%,"-0.0%, 23.35%",3.1 years/1.2 year/2 years,2029-12-02/2027-03-17/2028-05-07,8.75%,0.78%,7.97%,1.6,-0.09,59.9893/74.0299/72.43/No Horizontal Resistance/No Next Fib Ext/No Next Fib Ext/64.29,52.16/44.95/No F-Stack Support/No F-Stack Support/No F-Track Level/No F-Track Level/No EMA 200 Support,92.68%/41/1.5 year (Across ALL Assets),66.67%/63/10.2 months (Across ALL Assets),59.72
"IWM, Long, 2025-06-30 (Price: 215.79)",2026-01-31 (Price: 259.65),"20.33%, 7.2 months","88.89%, Past 25 years, 9","Monthly, was CONFIRMED on 2025-06-30",Already confirmed,"2026-02-16 (Price: 262.96), 21.86% above",7.7 months,Upmove Bounce Back,88.6% (Price: 171.1673),53.63% above,"2023-10-31 (Price: 161.67), 2024-11-30 (Price: 244.98)",25.23%/12.67%/20.64%,"34.06%, 36.6%",1.9 year/5 months/1.1 year,2028-03-16/2026-02-02/2027-01-24,7.1%,4.62%,2.48%,0.69,0.22,238.8148/260.3291/265.78/244.72/267.7701/348.4025/234.92,194.86/162.3167/209.2101/157.2742/No F-Track Level/No F-Track Level/No EMA 200 Support,92.68%/41/1.5 year (Across ALL Assets),66.67%/63/10.2 months (Across ALL Assets),205.32
"MAR, Long, 2025-06-30 (Price: 273.21)",2026-02-16 (Price: 353.89),"29.53%, 7.7 months","100.0%, Past 32 years, 7","Monthly, was CONFIRMED on 2025-06-30",Already confirmed,"2026-02-16 (Price: 353.89), 29.53% above",7.7 months,Upmove Bounce Back,38.2% (Price: 207.8333),70.28% above,"2020-03-31 (Price: 46.56), 2025-02-28 (Price: 307.52)",31.27%/20.88%/23.76%,"-0.0%, 58.79%",2.8 years/6 months/1.3 year,2029-06-27/2026-03-17/2027-05-08,9.12%,7.6%,1.52%,2.24,0.38,329.8191/338.1247/429.79/No Horizontal Resistance/372.972/399.3723/281.31,136.01/129.12/235.5515/198.7812/No F-Track Level/No F-Track Level/No EMA 200 Support,92.68%/41/1.5 year (Across ALL Assets),66.67%/63/10.2 months (Across ALL Assets),262.12
"PPH, Long, 2025-06-30 (Price: 87.96)",2026-01-31 (Price: 106.81),"21.43%, 7.2 months","90.0%, Past 26 years, 10","Monthly, was CONFIRMED on 2025-06-30",Already confirmed,"2026-02-16 (Price: 111.19), 26.41% above",7.7 months,Upmove Bounce Back,38.2% (Price: 78.775),41.15% above,"2015-08-31 (Price: 45.23), 2024-09-30 (Price: 99.51)",23.88%/20.36%/21.19%,"1.09%, 37.34%",6.1 years/10.1 months/3.2 years,2034-03-15/2026-09-11/2030-01-23,4.29%,2.59%,1.7%,1.41,0.03,101.4091/106.5987/120.53/No Horizontal Resistance/100.0174/110.4008/93.58,86.28/65.915/87.7591/70.617/No F-Track Level/No F-Track Level/No EMA 200 Support,92.68%/41/1.5 year (Across ALL Assets),66.67%/63/10.2 months (Across ALL Assets),87.83
"WMT, Long, 2025-06-30 (Price: 97.78)",2026-01-31 (Price: 119.14),"21.84%, 7.2 months","76.92%, Past 53 years, 13","Monthly, was CONFIRMED on 2025-06-30",Already confirmed,"2026-02-16 (Price: 133.89), 36.93% above",7.7 months,Upmove Bounce Back,23.66% (Price: 81.2141),64.86% above,"1996-02-29 (Price: 3.5), 2025-02-28 (Price: 105.3)",31.01%/7.63%/22.28%,"13.36%, 28.82%",3.7 years/7.1 months/1.5 year,2030-10-11/2026-05-04/2027-08-21,6.18%,11.88%,-5.7%,0.95,0.61,118.6365/119.5654/158.86/No Horizontal Resistance/98.8222/108.7906/104.77,40.53/42.9289/85.5556/72.7913/No F-Track Level/No F-Track Level/No EMA 200 Support,92.68%/41/1.5 year (Across ALL Assets),66.67%/63/10.2 months (Across ALL Assets),98.84
"SJ.TO, Long, 2025-06-30 (Price: 78.49)",2026-02-16 (Price: 98.78),"25.85%, 7.7 months","100.0%, Past 31 years, 8","Monthly, was CONFIRMED on 2025-06-30",Already confirmed,"2026-02-16 (Price: 98.78), 25.85% above",7.7 months,Upmove Bounce Back,38.2% (Price: 61.7578),59.95% above,"2009-03-31 (Price: 3.125), 2024-07-31 (Price: 98.0)",42.38%/20.57%/27.92%,"-0.0%, 63.57%",4.1 years/2.1 months/1.7 year,2031-05-06/2025-09-29/2027-12-03,8.5%,12.52%,-4.02%,1.5,0.63,99.7058/100.4044/135.41/84.9567/95.0177/123.2166/81.32,67.6/38.015/66.807/60.0601/No F-Track Level/No F-Track Level/No EMA 200 Support,92.68%/41/1.5 year (Across ALL Assets),66.67%/63/10.2 months (Across ALL Assets),77.78
"SBUX, Long, 2025-05-18 (Price: 85.57)",2026-02-08 (Price: 99.45),"16.22%, 8.9 months","94.44%, Past 20 years, 18","Weekly, was CONFIRMED on 2025-05-18",Already confirmed,"2026-02-15 (Price: 93.79), 9.61% above",9.1 months,Upmove Bounce Back,88.6% (Price: 73.984),26.77% above,"2022-05-15 (Price: 68.39), 2025-03-09 (Price: 117.46)",20.27%/15.1%/16.96%,"4.95%, 38.02%",3.1 years/2.6 months/1.2 year,2029-10-20/2025-09-07/2027-02-02,11.75%,6.19%,5.56%,1.3,0.31,98.3028/100.0827/115.01/117.438/142.4098/150.3462/88.01,80.3/71.675/76.529/65.8616/No F-Track Level/No F-Track Level/No EMA 200 Support,94.52%/73/1.2 year (Across ALL Assets),63.64%/132/7.5 months (Across ALL Assets),83.65
"FPH.NZ, Long, 2025-04-06 (Price: 34.58)",2026-02-08 (Price: 39.9),"15.38%, 10.3 months","100.0%, Past 20 years, 11","Weekly, was CONFIRMED on 2025-04-06",Already confirmed,"2026-02-16 (Price: 36.6), 5.84% above",10.5 months,Upmove Bounce Back,38.2% (Price: 32.1618),13.8% above,"2023-11-05 (Price: 20.29), 2025-01-26 (Price: 39.5)",19.89%/15.29%/17.03%,"-0.0%, 42.34%",2.9 years/3.3 months/1.1 year,2029-05-27/2025-08-27/2026-10-31,9.13%,8.49%,0.64%,1.13,0.45,37.9688/40.469/46.11/39.1917/40.9296/48.5677/37.19,32.55/22.5167/30.9793/26.1935/No F-Track Level/No F-Track Level/No EMA 200 Support,94.52%/73/1.2 year (Across ALL Assets),63.64%/132/7.5 months (Across ALL Assets),33.0
"XLU, Long, 2025-03-31 (Price: 39.425)",2026-01-31 (Price: 43.25),"9.7%, 10.2 months","92.31%, Past 27 years, 13","Monthly, was CONFIRMED on 2025-03-31",Already confirmed,"2026-02-16 (Price: 46.5), 17.95% above",10.7 months,Upmove Bounce Back,23.66% (Price: 36.9765),25.76% above,"2020-03-31 (Price: 21.72), 2024-11-30 (Price: 41.705)",21.37%/2.75%/14.53%,"4.79%, 46.41%",5.9 years/11.1 months/1.7 year,2033-09-01/2026-07-26/2027-09-03,5.35%,2.87%,2.48%,1.11,0.06,40.9429/45.1535/51.42/41.0733/49.4858/72.2363/42.69,29.46/29.76/35.4254/26.7354/No F-Track Level/No F-Track Level/No EMA 200 Support,92.68%/41/1.5 year (Across ALL Assets),66.67%/63/10.2 months (Across ALL Assets),39.57
"CSCO, Short, 2026-02-16 (Price: 76.85)",No Exit Yet,"-0.0%, 0 days","86.67%, Past 36 years, 15","Monthly, was CONFIRMED on 2026-02-12",No Cancellation Possible,"2026-02-16 (Price: 76.85), 0.0% below",0 days,Upmove Break Below,23.66% (Price: 77.8529),1.29% below,"2024-08-31 (Price: 44.5), 2026-02-16 (Price: 88.19)",17.87%/3.2%/8.23%,"20.18%, 17.87%",3.1 months/1 month/1.8 month,2026-06-30/2026-03-31/2026-05-05,7.38%,5.5%,1.88%,0.56,0.68,78.2794/70.5252/50.64/40.92/73.1467/64.9561/70.61,No support/40.92/73.1467/64.9561/74.9901/66.8782/No EMA 200 Support,66.67%/9/1.3 month (Across ALL Assets),50.0%/18/1.5 month (Across ALL Assets),78.12
"SFTBY, Short, 2025-12-31 (Price: 14.175)",No Exit Yet,"-3.0%, 1.6 month","100.0%, Past 13 years, 4","Quarterly, was CONFIRMED on 2025-12-31",Already confirmed,"2026-02-16 (Price: 14.6), 3.0% above",1.6 month,Upmove Break Below,50.0% (Price: 13.3475),9.38% above,"2022-06-30 (Price: 4.195), 2025-12-31 (Price: 22.5)",18.34%/16.72%/17.41%,"0.0%, 18.34%",3.1 months/3.1 months/3.1 months,2026-05-14 (Max),12.53%,5.4%,7.13%,1.47,0.38,12.7362/11.7071/3.19/4.205/14.0995/12.0968/12.69,No support/4.205/14.0995/12.0968/No F-Track Level/No F-Track Level/No EMA 200 Support,100.0%/3/5.5 months (Across ALL Assets),50.0%/10/3.9 months (Across ALL Assets),15.6175
"KWEB, Short, 2025-12-31 (Price: 34.05)",2026-02-16 (Price: 32.79),"3.7%, 1.6 month","85.71%, Past 12 years, 7","Monthly, was CONFIRMED on 2025-12-31",Already confirmed,"2026-02-16 (Price: 32.79), 3.7% below",1.6 month,Upmove Break Below,38.2% (Price: 35.4633),7.54% below,"2024-01-31 (Price: 22.68), 2025-10-31 (Price: 43.365)",10.4%/3.11%/7.13%,"19.33%, 16.82%",3.1 months/1 month/1.6 month,2026-05-14/2026-02-12/2026-03-10,5.83%,5.4%,0.43%,0.25,0.12,31.1762/31.6222/21.64/24.5062/No F-Stack Support/No F-Stack Support/No EMA 200 Target,No support/24.5062/No F-Stack Support/No F-Stack Support/No F-Track Level/No F-Track Level/No support,66.67%/9/1.3 month (Across ALL Assets),50.0%/18/1.5 month (Across ALL Assets),37.73
"NFLX, Short, 2025-12-31 (Price: 93.76)",2026-02-16 (Price: 76.87),"18.01%, 1.6 month","100.0%, Past 23 years, 6","Quarterly, was CONFIRMED on 2025-12-31",Already confirmed,"2026-02-16 (Price: 76.87), 18.01% below",1.6 month,Upmove Break Below,23.66% (Price: 106.2331),27.64% below,"2022-06-30 (Price: 16.271), 2025-06-30 (Price: 134.115)",53.32%/10.52%/29.48%,"0.0%, 53.32%",3.1 months/3 months/3 months,2026-05-14/2026-05-10/2026-05-10,11.77%,5.5%,6.27%,1.3,0.88,184.1259/66.1196/23.05/34.8663/86.4764/77.567/No EMA 200 Target,No support/34.8663/86.4764/77.567/No F-Track Level/No F-Track Level/No support,100.0%/3/5.5 months (Across ALL Assets),50.0%/10/3.9 months (Across ALL Assets),117.549
"C6L.SI, Short, 2025-12-31 (Price: 6.4)",2026-02-16 (Price: 7.0),"-9.37%, 1.6 month","92.86%, Past 40 years, 14","Monthly, was CONFIRMED on 2025-12-31",Already confirmed,"2026-02-16 (Price: 7.0), 9.37% above",1.6 month,Upmove Break Below,78.6% (Price: 7.5813),7.67% below,"2023-06-30 (Price: 6.44), 2024-08-31 (Price: 6.4)",13.97%/3.18%/6.42%,"3.38%, 13.97%",3.1 months/1 month/1.7 month,2026-05-14/2026-02-12/2026-03-14,8.07%,5.5%,2.57%,1.46,-0.19,5.9699/5.9891/6.38/4.7975/No F-Stack Support/No F-Stack Support/No EMA 200 Target,No support/4.7975/No F-Stack Support/No F-Stack Support/No F-Track Level/No F-Track Level/No support,66.67%/9/1.3 month (Across ALL Assets),50.0%/18/1.5 month (Across ALL Assets),6.49
"META, Short, 2025-11-30 (Price: 647.95)",2026-01-31 (Price: 716.5),"-10.58%, 2.1 months","100.0%, Past 13 years, 4","Monthly, was CONFIRMED on 2025-11-30",Already confirmed,"2026-02-16 (Price: 639.77), 1.26% below",2.6 months,Upmove Break Below,23.66% (Price: 628.6993),1.76% above,"2022-11-30 (Price: 88.09), 2025-08-31 (Price: 796.25)",32.63%/3.19%/14.4%,"0.0%, 32.63%",3.1 months/28 days/1.7 month,2026-04-13/2026-01-09/2026-02-11,10.6%,5.4%,5.2%,0.76,0.8,559.6344/554.6452/223.05/280.19/556.264/2054.9119/No EMA 200 Target,No support/280.19/556.264/No support/No F-Track Level/No F-Track Level/No support,66.67%/9/1.3 month (Across ALL Assets),50.0%/18/1.5 month (Across ALL Assets),656.0
