Function,Symbol,Signal,Interval,Entry Date,Entry Price,Exit Date,Exit Price,Current Price,Realised/Unrealised Profit,Holding Period,Status,Backtested Win Rate [%]
TRENDPULSE,TD.TO,Long,Weekly,2025-12-26,129.16,,,129.16,0.0000%,,Open,90.0
FRACTAL TRACK,ATM.NZ,Long,Weekly,2025-12-26,10.52,,,10.52,0.0000%,,Open,100.0
TRENDPULSE,WPM,Long,Weekly,2025-12-26,124.22,,,124.22,0.0000%,,Open,84.62
FRACTAL TRACK,TCEHY,Long,Weekly,2025-12-26,78.08,,,78.08,0.0000%,,Open,92.31
TRENDPULSE,C6L.SI,Long,Daily,2025-12-26,6.41,,,6.41,0.0000%,,Open,87.5
FRACTAL TRACK,GNE.NZ,Long,Weekly,2025-12-26,2.4,,,2.4,0.0000%,,Open,77.78
DELTADRIFT,PG,Long,Weekly,2025-12-26,144.74,,,144.74,0.0000%,,Open,100.0
FRACTAL TRACK,TRI.TO,Long,Weekly,2025-12-26,181.76,,,181.76,0.0000%,,Open,91.67
TRENDPULSE,GS,Long,Weekly,2025-12-26,907.04,,,907.04,0.0000%,,Open,100.0
TRENDPULSE,MFT.NZ,Long,Weekly,2025-12-26,69.01,,,69.01,0.0000%,,Open,90.91
TRENDPULSE,GLD,Long,Weekly,2025-12-26,416.74,,,416.74,0.0000%,,Open,85.19
TRENDPULSE,MAR,Long,Weekly,2025-12-26,315.58,,,315.58,0.0000%,,Open,81.48
TRENDPULSE,DOL.TO,Long,Weekly,2025-12-26,205.3,,,205.3,0.0000%,,Open,100.0
FRACTAL TRACK,SJ.TO,Long,Daily,2025-12-24,86.47,,,86.47,0.0000%,,Open,93.75
FRACTAL TRACK,DBC,Long,Daily,2025-12-24,22.63,,,22.7,0.3093%,,Open,100.0
DELTADRIFT,ARM,Long,Daily,2025-12-24,111.55,,,110.27,-1.1475%,,Open,83.33
FRACTAL TRACK,UBER,Long,Daily,2025-12-23,80.97,,,81.26,0.3582%,,Open,100.0
OSCILLATOR DELTA,XLU,Long,Daily,2025-12-23,42.62,,,42.78,0.3754%,,Open,80.0
DELTADRIFT,INDY,Long,Daily,2025-12-22,49.33,,,49.12,-0.4257%,,Open,72.73
DELTADRIFT,UBER,Long,Daily,2025-12-22,81.26,,,81.26,0.0000%,,Open,100.0
TRENDPULSE,TRI.TO,Long,Daily,2025-12-22,182.89,,,181.76,-0.6179%,,Open,100.0
TRENDPULSE,WPM.TO,Long,Daily,2025-12-22,168.04,,,166.29,-1.0414%,,Open,78.95
TRENDPULSE,WPM.TO,Long,Weekly,2025-12-21,164.88,,,166.29,0.8552%,,Open,86.67
TRENDPULSE,ABNB,Long,Weekly,2025-12-21,135.28,,,136.82,1.1384%,,Open,80.0
TRENDPULSE,RHHBY,Long,Weekly,2025-12-21,51.2,,,52.5,2.5391%,,Open,87.5
TRENDPULSE,UPS,Long,Weekly,2025-12-21,101.92,,,100.54,-1.3540%,,Open,84.0
FRACTAL TRACK,CVS,Long,Weekly,2025-12-21,77.72,,,79.61,2.4318%,,Open,90.91
FRACTAL TRACK,ASML,Long,Daily,2025-12-19,1056.02,,,1072.75,1.5843%,,Open,100.0
FRACTAL TRACK,NU,Long,Daily,2025-12-19,16.34,,,16.76,2.5704%,,Open,100.0
FRACTAL TRACK,PLTR,Long,Daily,2025-12-19,193.38,,,188.71,-2.4149%,,Open,100.0
FRACTAL TRACK,CVS,Long,Weekly,2025-12-19,77.72,,,79.61,2.4318%,,Open,90.91
TRENDPULSE,WPM.TO,Long,Weekly,2025-12-19,164.88,,,166.29,0.8552%,,Open,86.67
TRENDPULSE,INFY,Long,Daily,2025-12-19,20.22,,,18.79,-7.0722%,,Open,100.0
TRENDPULSE,ABNB,Long,Weekly,2025-12-19,135.28,,,136.82,1.1384%,,Open,80.0
FRACTAL TRACK,IBKR,Long,Daily,2025-12-19,64.26,,,66.16,2.9567%,,Open,93.33
FRACTAL TRACK,TSM,Long,Daily,2025-12-19,288.95,,,302.84,4.8071%,,Open,95.0
TRENDPULSE,RHHBY,Long,Weekly,2025-12-19,51.2,,,52.5,2.5391%,,Open,87.5
FRACTAL TRACK,BIPC.TO,Long,Daily,2025-12-19,63.51,,,63.45,-0.0945%,,Open,93.33
TRENDPULSE,CSCO,Long,Daily,2025-12-19,78.42,,,78.16,-0.3315%,,Open,88.24
TRENDPULSE,WPM,Long,Daily,2025-12-19,119.7,2025-12-26,124.22,124.22,3.7761%,7.0,Closed,96.3
FRACTAL TRACK,VGT,Long,Daily,2025-12-19,755.54,,,767.17,1.5393%,,Open,100.0
FRACTAL TRACK,XLE,Long,Daily,2025-12-18,44.13,,,44.2,0.1586%,,Open,90.0
TRENDPULSE,WPM.TO,Long,Daily,2025-12-18,159.04,2025-12-24,166.29,166.29,4.5586%,6.0,Closed,78.95
OSCILLATOR DELTA,CEN.NZ,Long,Daily,2025-12-18,9.27,,,9.39,1.2945%,,Open,81.82
FRACTAL TRACK,PFE,Long,Daily,2025-12-18,25.04,,,25.09,0.1997%,,Open,93.33
TRENDPULSE,MCD,Long,Daily,2025-12-18,319.65,,,310.68,-2.8062%,,Open,83.33
FRACTAL TRACK,FXI,Long,Daily,2025-12-18,38.21,,,38.93,1.8843%,,Open,100.0
FRACTAL TRACK,CNQ.TO,Long,Daily,2025-12-18,43.41,,,45.07,3.8240%,,Open,100.0
FRACTAL TRACK,FRW.NZ,Long,Daily,2025-12-18,14.2,,,14.04,-1.1268%,,Open,88.89
FRACTAL TRACK,LYFT,Long,Daily,2025-12-17,19.18,,,19.67,2.5547%,,Open,92.31
DELTADRIFT,CAD=X,Long,Daily,2025-12-16,1.3769,,,1.3671,-0.7117%,,Open,81.82
FRACTAL TRACK,NVDA,Long,Daily,2025-12-16,177.72,,,190.53,7.2080%,,Open,95.0
FRACTAL TRACK,META,Long,Daily,2025-12-16,657.15,,,663.29,0.9343%,,Open,80.0
TRENDPULSE,XLY,Long,Daily,2025-12-16,121.93,,,122.05,0.0984%,,Open,94.12
FRACTAL TRACK,MSE.PA,Long,Daily,2025-12-15,64.11,,,64.26,0.2340%,,Open,100.0
TRENDPULSE,^TNX,Long,Daily,2025-12-15,4.182,,,4.136,-1.1000%,,Open,90.62
FRACTAL TRACK,IFT.NZ,Long,Daily,2025-12-15,11.3,,,11.31,0.0885%,,Open,84.21
FRACTAL TRACK,BYD.TO,Long,Daily,2025-12-15,222.94,,,221.38,-0.6997%,,Open,85.71
TRENDPULSE,MFT.NZ,Long,Weekly,2025-12-14,67.4,,,69.01,2.3887%,,Open,90.91
TRENDPULSE,TD.TO,Long,Weekly,2025-12-14,125.8,,,129.16,2.6709%,,Open,90.0
TRENDPULSE,WMT,Long,Weekly,2025-12-14,116.7,,,111.74,-4.2502%,,Open,86.36
FRACTAL TRACK,MSFT,Long,Weekly,2025-12-14,478.53,,,487.71,1.9184%,,Open,100.0
TRENDPULSE,MA,Long,Daily,2025-12-12,571.93,,,579.6,1.3411%,,Open,96.15
FRACTAL TRACK,ATM.NZ,Long,Daily,2025-12-12,10.16,,,10.52,3.5433%,,Open,92.31
FRACTAL TRACK,SBUX,Long,Daily,2025-12-12,85.35,2025-12-23,83.86,83.86,-1.7458%,11.0,Closed,100.0
FRACTAL TRACK,IHI,Long,Daily,2025-12-12,62.19,,,62.82,1.0130%,,Open,93.75
FRACTAL TRACK,XLU,Long,Daily,2025-12-12,42.83,,,42.78,-0.1167%,,Open,100.0
FRACTAL TRACK,MSFT,Long,Weekly,2025-12-12,478.53,,,487.71,1.9184%,,Open,100.0
DELTADRIFT,NFLX,Long,Daily,2025-12-12,95.19,,,94.47,-0.7564%,,Open,81.82
FRACTAL TRACK,IEI,Long,Daily,2025-12-12,119.36,,,119.46,0.0838%,,Open,85.71
TRENDPULSE,WMT,Long,Weekly,2025-12-12,116.7,,,111.74,-4.2502%,,Open,86.36
FRACTAL TRACK,LYFT,Long,Daily,2025-12-12,20.37,,,19.67,-3.4364%,,Open,92.31
FRACTAL TRACK,UBER,Long,Daily,2025-12-12,85.11,,,81.26,-4.5236%,,Open,100.0
TRENDPULSE,TD.TO,Long,Weekly,2025-12-12,125.8,,,129.16,2.6709%,,Open,90.0
FRACTAL TRACK,GILD,Long,Daily,2025-12-12,120.4,,,124.7,3.5714%,,Open,100.0
TRENDPULSE,MFT.NZ,Long,Weekly,2025-12-12,67.4,,,69.01,2.3887%,,Open,90.91
FRACTAL TRACK,BRK-B,Long,Daily,2025-12-12,499.52,,,498.3,-0.2442%,,Open,87.5
FRACTAL TRACK,XLV,Long,Daily,2025-12-11,153.58,,,156.05,1.6083%,,Open,100.0
FRACTAL TRACK,AMZN,Long,Daily,2025-12-11,230.28,,,232.52,0.9727%,,Open,100.0
FRACTAL TRACK,CEN.NZ,Long,Daily,2025-12-11,9.36,,,9.39,0.3205%,,Open,90.91
TRENDPULSE,SBUX,Long,Daily,2025-12-11,84.74,,,85.08,0.4012%,,Open,91.67
DELTADRIFT,XLU,Long,Daily,2025-12-11,43.04,,,42.78,-0.6041%,,Open,91.67
TRENDPULSE,ABNB,Long,Daily,2025-12-11,128.0,2025-12-17,133.78,133.78,4.5156%,6.0,Closed,88.89
FRACTAL TRACK,NIFTY_MIDCAP_100.NS,Long,Daily,2025-12-11,59578.0508,,,60314.4492,1.2360%,,Open,92.86
FRACTAL TRACK,PPH,Long,Daily,2025-12-11,100.16,,,104.43,4.2632%,,Open,86.67
TRENDPULSE,ETH-USD,Long,Daily,2025-12-10,3325.3901,,,2935.3257,-11.7299%,,Open,92.86
FRACTAL TRACK,CAD=X,Long,Daily,2025-12-10,1.3845,,,1.3671,-1.2568%,,Open,90.91
TRENDPULSE,MX.TO,Long,Daily,2025-12-10,54.01,,,55.0,1.8330%,,Open,95.45
DELTADRIFT,TCEHY,Long,Daily,2025-12-10,77.33,2025-12-19,79.06,79.06,2.2372%,9.0,Closed,77.78
DELTADRIFT,STI,Long,Daily,2025-12-10,7.86,,,6.31,-19.7201%,,Open,75.0
TRENDPULSE,ETH-USD,Long,Daily,2025-12-10,3350.5095,,,2935.3257,-12.3917%,,Open,92.86
TRENDPULSE,ABNB,Long,Daily,2025-12-10,127.57,2025-12-17,133.78,133.78,4.8679%,7.0,Closed,88.89
OSCILLATOR DELTA,^VIX,Long,Daily,2025-12-08,16.66,,,13.6,-18.3673%,,Open,76.36
TRENDPULSE,^TNX,Long,Daily,2025-12-08,4.172,,,4.136,-0.8629%,,Open,90.62
OSCILLATOR DELTA,CVS,Long,Daily,2025-12-08,76.53,,,79.61,4.0246%,,Open,75.68
TRENDPULSE,BNS.TO,Long,Daily,2025-12-08,99.39,2025-12-15,100.55,100.55,1.1671%,7.0,Closed,93.1
TRENDPULSE,IFT.NZ,Long,Weekly,2025-12-07,11.78,,,11.31,-3.9898%,,Open,100.0
FRACTAL TRACK,UBER,Long,Weekly,2025-12-07,91.32,,,81.26,-11.0162%,,Open,87.5
FRACTAL TRACK,BN.TO,Long,Weekly,2025-12-07,64.54,,,63.75,-1.2240%,,Open,96.3
FRACTAL TRACK,IBKR,Long,Weekly,2025-12-07,64.5,,,66.16,2.5736%,,Open,100.0
FRACTAL TRACK,JNK,Long,Weekly,2025-12-07,97.29,,,97.16,-0.1336%,,Open,100.0
FRACTAL TRACK,IWM,Long,Weekly,2025-12-07,250.77,,,251.42,0.2592%,,Open,97.56
TRENDPULSE,BAC,Long,Weekly,2025-12-07,53.95,,,56.17,4.1149%,,Open,76.47
TRENDPULSE,FBU.NZ,Long,Weekly,2025-12-07,3.64,,,3.63,-0.2747%,,Open,88.89
TRENDPULSE,BNS.TO,Long,Weekly,2025-12-07,99.26,,,101.31,2.0653%,,Open,100.0
TRENDPULSE,MCD,Long,Weekly,2025-12-07,311.23,,,310.68,-0.1767%,,Open,100.0
FRACTAL TRACK,MA,Long,Weekly,2025-12-07,545.52,,,579.6,6.2473%,,Open,93.33
FRACTAL TRACK,XLY,Long,Weekly,2025-12-07,119.73,,,122.05,1.9377%,,Open,96.43
FRACTAL TRACK,COIN,Long,Weekly,2025-12-07,269.73,,,236.9,-12.1714%,,Open,100.0
TRENDPULSE,MCD,Long,Weekly,2025-12-05,311.23,,,310.68,-0.1767%,,Open,100.0
FRACTAL TRACK,UBER,Long,Weekly,2025-12-05,91.32,,,81.26,-11.0162%,,Open,87.5
DELTADRIFT,GNE.NZ,Long,Daily,2025-12-05,2.36,2025-12-12,2.39,2.39,1.2712%,7.0,Closed,92.86
FRACTAL TRACK,MA,Long,Weekly,2025-12-05,545.52,,,579.6,6.2473%,,Open,93.33
FRACTAL TRACK,COIN,Long,Weekly,2025-12-05,269.73,,,236.9,-12.1714%,,Open,100.0
TRENDPULSE,TCS.NS,Long,Daily,2025-12-05,3238.2,2025-12-24,3319.0,3319.0,2.4952%,19.0,Closed,96.97
FRACTAL TRACK,JNK,Long,Weekly,2025-12-05,97.29,,,97.16,-0.1336%,,Open,100.0
TRENDPULSE,IFT.NZ,Long,Weekly,2025-12-05,11.78,,,11.31,-3.9898%,,Open,97.3
TRENDPULSE,BAC,Long,Weekly,2025-12-05,53.95,,,56.17,4.1149%,,Open,81.82
FRACTAL TRACK,IBKR,Long,Weekly,2025-12-05,64.5,,,66.16,2.5736%,,Open,100.0
TRENDPULSE,TD.TO,Long,Daily,2025-12-05,122.2,2025-12-15,126.75,126.75,3.7234%,10.0,Closed,80.65
TRENDPULSE,BNS.TO,Long,Weekly,2025-12-05,99.26,,,101.31,2.0653%,,Open,90.32
FRACTAL TRACK,IWM,Long,Weekly,2025-12-05,250.77,,,251.42,0.2592%,,Open,97.56
TRENDPULSE,WMT,Long,Daily,2025-12-05,115.11,,,111.74,-2.9276%,,Open,96.88
TRENDPULSE,ENZL,Long,Weekly,2025-12-05,45.995,,,45.73,-0.5761%,,Open,81.82
FRACTAL TRACK,BN.TO,Long,Weekly,2025-12-05,64.54,,,63.75,-1.2240%,,Open,96.3
SIGMASHELL,NVO,Long,Daily,2025-12-04,47.99,,,52.4,9.1894%,,Open,80.0
FRACTAL TRACK,DOL.TO,Long,Daily,2025-12-04,200.08,,,205.3,2.6090%,,Open,89.74
FRACTAL TRACK,FPH.NZ,Long,Daily,2025-12-04,38.2,,,37.86,-0.8901%,,Open,95.45
TRENDPULSE,KXS.TO,Long,Daily,2025-12-04,178.88,,,175.27,-2.0181%,,Open,85.29
TRENDPULSE,WMT,Long,Daily,2025-12-04,114.84,2025-12-17,115.66,115.66,0.7140%,13.0,Closed,96.88
FRACTAL TRACK,SJ.TO,Long,Daily,2025-12-04,85.5,,,86.47,1.1345%,,Open,95.56
FRACTAL TRACK,JPY=X,Long,Daily,2025-12-03,155.807,,,156.09,0.1816%,,Open,100.0
FRACTAL TRACK,ETH-USD,Long,Daily,2025-12-03,3162.0698,,,2935.3257,-7.1707%,,Open,96.08
TRENDPULSE,MAR,Long,Daily,2025-12-03,306.65,2025-12-26,315.58,315.58,2.9121%,23.0,Closed,100.0
FRACTAL TRACK,ETH-USD,Long,Daily,2025-12-03,3191.5718,,,2935.3257,-8.0288%,,Open,96.08
TRENDPULSE,WMT,Long,Daily,2025-12-03,114.41,2025-12-17,115.66,115.66,1.0926%,14.0,Closed,96.88
SIGMASHELL,CVS,Long,Daily,2025-12-03,75.0,,,79.61,6.1467%,,Open,100.0
OSCILLATOR DELTA,MCY.NZ,Long,Daily,2025-12-03,6.37,,,6.39,0.3140%,,Open,83.33
TRENDPULSE,WIPRO.NS,Long,Daily,2025-12-03,254.69,2025-12-09,257.41,257.41,1.0680%,6.0,Closed,84.62
OSCILLATOR DELTA,NVDA,Long,Daily,2025-12-02,181.46,,,190.53,4.9983%,,Open,86.84
FRACTAL TRACK,SUM.NZ,Long,Daily,2025-12-02,12.48,,,12.28,-1.6026%,,Open,96.55
TRENDPULSE,AAPL,Long,Daily,2025-12-02,286.19,,,273.4,-4.4691%,,Open,81.25
SIGMASHELL,MCY.NZ,Long,Daily,2025-12-02,6.3,,,6.39,1.4286%,,Open,75.0
SIGMASHELL,IFT.NZ,Long,Daily,2025-12-02,11.75,,,11.31,-3.7447%,,Open,100.0
TRENDPULSE,CNR.TO,Long,Daily,2025-12-01,133.81,2025-12-08,136.2,136.2,1.7861%,7.0,Closed,86.11
OSCILLATOR DELTA,BABA,Long,Daily,2025-12-01,164.26,,,152.24,-7.3177%,,Open,76.19
OSCILLATOR DELTA,IFT.NZ,Long,Daily,2025-12-01,11.6,,,11.31,-2.5000%,,Open,86.96
TRENDPULSE,SLV,Long,Daily,2025-12-01,52.52,2025-12-12,56.1,56.1,6.8165%,11.0,Closed,100.0
FRACTAL TRACK,RELIANCE.NS,Long,Monthly,2025-11-30,1567.5,,,1559.2,-0.5295%,,Open,88.46
TRENDPULSE,CSCO,Long,Monthly,2025-11-30,76.94,,,78.16,1.5857%,,Open,81.82
TRENDPULSE,XLV,Long,Monthly,2025-11-30,157.65,,,156.05,-1.0149%,,Open,86.21
FRACTAL TRACK,TSLA,Long,Weekly,2025-11-30,430.17,,,475.19,10.4656%,,Open,80.65
TRENDPULSE,EFN.TO,Long,Weekly,2025-11-30,37.23,,,36.59,-1.7190%,,Open,88.89
FRACTAL TRACK,WIPRO.NS,Long,Monthly,2025-11-30,249.53,,,266.3,6.7206%,,Open,88.0
TRENDPULSE,^NSEI,Long,Monthly,2025-11-30,26202.9492,,,26042.3008,-0.6131%,,Open,100.0
FRACTAL TRACK,PG,Long,Weekly,2025-11-30,148.16,,,144.74,-2.3083%,,Open,97.73
TRENDPULSE,SJ.TO,Long,Monthly,2025-11-30,87.09,,,86.47,-0.7119%,,Open,80.95
TRENDPULSE,NA.TO,Long,Monthly,2025-11-30,168.95,,,176.1,4.2320%,,Open,93.33
TRENDPULSE,ATZ.TO,Long,Weekly,2025-11-30,110.5,,,116.69,5.6018%,,Open,100.0
TRENDPULSE,HDFCBANK.NS,Long,Monthly,2025-11-30,1007.6,,,992.1,-1.5383%,,Open,90.0
TRENDPULSE,GOOG,Long,Weekly,2025-11-30,320.12,,,314.96,-1.6119%,,Open,100.0
TRENDPULSE,IEI,Long,Monthly,2025-11-30,120.26,,,119.46,-0.6652%,,Open,91.67
TRENDPULSE,XIU.TO,Long,Monthly,2025-11-30,46.43,,,47.36,2.0030%,,Open,87.5
BASELINEDIVERGENCE,SPY,Long,Weekly,2025-11-30,683.39,,,690.31,1.0126%,,Open,90.48
TRENDPULSE,HDFCBANK.NS,Long,Daily,2025-11-28,1007.6,,,992.1,-1.5383%,,Open,100.0
FRACTAL TRACK,PG,Long,Weekly,2025-11-28,148.16,,,144.74,-2.3083%,,Open,97.73
TRENDPULSE,TD,Long,Daily,2025-11-28,83.93,2025-12-10,91.26,91.26,8.7335%,12.0,Closed,82.35
TRENDPULSE,NA.TO,Long,Daily,2025-11-28,168.95,2025-12-10,173.13,173.13,2.4741%,12.0,Closed,93.1
TRENDPULSE,WPM.TO,Long,Daily,2025-11-28,153.47,2025-12-16,157.61,157.61,2.6976%,18.0,Closed,93.33
TRENDPULSE,ATZ.TO,Long,Weekly,2025-11-28,110.5,,,116.69,5.6018%,,Open,100.0
TRENDPULSE,WPM,Long,Daily,2025-11-28,110.05,2025-12-16,114.44,114.44,3.9891%,18.0,Closed,97.22
FRACTAL TRACK,SFTBY,Long,Daily,2025-11-28,53.81,2025-12-05,62.05,62.05,15.3131%,7.0,Closed,96.55
OSCILLATOR DELTA,TFII.TO,Long,Daily,2025-11-28,121.87,2025-12-03,129.88,129.88,6.5726%,5.0,Closed,85.19
FRACTAL TRACK,SFTBY,Long,Daily,2025-11-28,53.44,2025-12-05,62.05,62.05,16.1115%,7.0,Closed,96.55
FRACTAL TRACK,DBC,Long,Daily,2025-11-28,23.06,,,22.7,-1.5611%,,Open,100.0
FRACTAL TRACK,NVDA,Long,Daily,2025-11-28,177.0,,,190.53,7.6441%,,Open,95.92
TRENDPULSE,EFN.TO,Long,Weekly,2025-11-28,37.23,,,36.59,-1.7190%,,Open,88.89
FRACTAL TRACK,TSLA,Long,Weekly,2025-11-28,430.17,,,475.19,10.4656%,,Open,80.65
TRENDPULSE,DBC,Long,Daily,2025-11-28,23.06,,,22.7,-1.5611%,,Open,85.71
BASELINEDIVERGENCE,SPY,Long,Weekly,2025-11-28,683.39,,,690.31,1.0126%,,Open,90.48
TRENDPULSE,GOOG,Long,Weekly,2025-11-28,320.12,,,314.96,-1.6119%,,Open,100.0
FRACTAL TRACK,MSFT,Long,Daily,2025-11-28,492.01,,,487.71,-0.8740%,,Open,100.0
FRACTAL TRACK,BPCL.NS,Long,Daily,2025-11-27,363.95,,,366.0,0.5633%,,Open,87.88
FRACTAL TRACK,BPCL.NS,Long,Daily,2025-11-27,364.7,,,366.0,0.3565%,,Open,87.88
DELTADRIFT,UBER,Long,Daily,2025-11-26,85.66,2025-12-03,90.68,90.68,5.8604%,7.0,Closed,100.0
OSCILLATOR DELTA,MSFT,Long,Daily,2025-11-26,485.5,,,487.71,0.4552%,,Open,81.48
FRACTAL TRACK,FSF.NZ,Long,Daily,2025-11-26,7.7,,,8.2,6.4935%,,Open,100.0
TRENDPULSE,IWM,Long,Daily,2025-11-26,247.3,2025-12-09,251.39,251.39,1.6539%,13.0,Closed,92.59
SIGMASHELL,TRI.TO,Long,Daily,2025-11-26,188.16,,,181.76,-3.4014%,,Open,87.5
TRENDPULSE,GDX,Long,Daily,2025-11-26,81.55,2025-12-16,84.83,84.83,4.0221%,20.0,Closed,86.21
DELTADRIFT,MSFT,Long,Daily,2025-11-26,485.5,,,487.71,0.4552%,,Open,70.0
OSCILLATOR DELTA,IBKR,Long,Daily,2025-11-26,64.19,,,66.16,3.0690%,,Open,83.33
OSCILLATOR DELTA,USO,Long,Daily,2025-11-26,70.04,,,68.48,-2.2273%,,Open,73.33
OSCILLATOR DELTA,NZDUSD=X,Long,Daily,2025-11-26,0.5688,,,0.5827,2.4437%,,Open,72.41
DELTADRIFT,FSF.NZ,Long,Daily,2025-11-26,7.7,2025-12-02,7.821,7.821,1.5714%,6.0,Closed,100.0
OSCILLATOR DELTA,NZDUSD=X,Long,Daily,2025-11-26,0.5624,,,0.5827,3.6095%,,Open,72.41
FRACTAL TRACK,WPM,Long,Daily,2025-11-25,102.5,2025-12-10,112.83,112.83,10.0780%,15.0,Closed,100.0
FRACTAL TRACK,FXI,Long,Daily,2025-11-25,39.6,,,38.93,-1.6919%,,Open,100.0
FRACTAL TRACK,EEM,Long,Daily,2025-11-25,53.85,,,54.8,1.7642%,,Open,100.0
TRENDPULSE,ATZ.TO,Long,Daily,2025-11-25,109.14,2025-12-05,113.29,113.29,3.8025%,10.0,Closed,91.89
FRACTAL TRACK,^NDX,Long,Daily,2025-11-25,25018.3594,,,25644.3906,2.5023%,,Open,100.0
FRACTAL TRACK,SPY,Long,Daily,2025-11-25,675.02,,,690.31,2.2651%,,Open,100.0
FRACTAL TRACK,SOXX,Long,Daily,2025-11-25,283.58,,,306.04,7.9202%,,Open,95.12
FRACTAL TRACK,GS,Long,Daily,2025-11-25,802.32,,,907.04,13.0521%,,Open,96.88
FRACTAL TRACK,GDX,Long,Daily,2025-11-25,77.8,2025-12-11,86.26,86.26,10.8740%,16.0,Closed,96.0
TRENDPULSE,MCY.NZ,Long,Daily,2025-11-25,6.5,,,6.39,-1.6923%,,Open,90.2
FRACTAL TRACK,VGT,Long,Daily,2025-11-25,739.21,,,767.17,3.7824%,,Open,100.0
FRACTAL TRACK,^NZ50,Long,Daily,2025-11-25,13480.4297,,,13529.0596,0.3607%,,Open,100.0
FRACTAL TRACK,BAC,Long,Daily,2025-11-25,52.48,,,56.17,7.0313%,,Open,96.3
FRACTAL TRACK,QQQ,Long,Daily,2025-11-25,608.89,,,623.89,2.4635%,,Open,100.0
BAND MATRIX,USO,Long,Daily,2025-11-25,69.25,,,68.48,-1.1119%,,Open,80.0
FRACTAL TRACK,WPM.TO,Long,Daily,2025-11-25,144.58,2025-12-11,161.5,161.5,11.7029%,16.0,Closed,97.3
FRACTAL TRACK,UBER,Long,Daily,2025-11-25,83.69,2025-12-08,92.57,92.57,10.6106%,13.0,Closed,100.0
FRACTAL TRACK,ASHR,Long,Daily,2025-11-25,32.25,,,33.11,2.6667%,,Open,91.3
FRACTAL TRACK,IFT.NZ,Long,Daily,2025-11-25,11.78,,,11.31,-3.9898%,,Open,88.64
FRACTAL TRACK,LYFT,Long,Daily,2025-11-25,19.63,2025-12-02,22.24,22.24,13.2960%,7.0,Closed,96.0
FRACTAL TRACK,^GSPC,Long,Daily,2025-11-25,6765.8799,,,6929.9399,2.4248%,,Open,100.0
FRACTAL TRACK,^NZ50,Long,Daily,2025-11-25,13572.0195,,,13529.0596,-0.3165%,,Open,100.0
BAND MATRIX,USCI,Long,Daily,2025-11-25,76.97,,,78.35,1.7929%,,Open,100.0
TRENDPULSE,AAPL,Long,Daily,2025-11-25,276.97,2025-12-05,278.78,278.78,0.6535%,10.0,Closed,81.25
FRACTAL TRACK,AMZN,Long,Daily,2025-11-25,229.67,,,232.52,1.2409%,,Open,100.0
FRACTAL TRACK,KWEB,Long,Daily,2025-11-25,37.74,,,34.83,-7.7107%,,Open,100.0
FRACTAL TRACK,USCI,Long,Daily,2025-11-25,76.97,,,78.35,1.7929%,,Open,96.3
FRACTAL TRACK,^BVSP,Long,Daily,2025-11-25,155910.0,,,160897.0,3.1986%,,Open,100.0
FRACTAL TRACK,IBKR,Long,Daily,2025-11-25,63.17,,,66.16,4.7333%,,Open,100.0
FRACTAL TRACK,EWJ,Long,Daily,2025-11-24,81.74,,,80.97,-0.9420%,,Open,100.0
TRENDPULSE,XLV,Long,Daily,2025-11-24,155.26,,,156.05,0.5088%,,Open,90.91
DELTADRIFT,ORCL,Long,Daily,2025-11-24,200.28,2025-12-04,214.33,214.33,7.0152%,10.0,Closed,71.43
DELTADRIFT,COIN,Long,Daily,2025-11-24,255.97,2025-12-03,276.92,276.92,8.1846%,9.0,Closed,85.71
OSCILLATOR DELTA,IBIT,Long,Daily,2025-11-24,50.57,,,49.61,-1.8984%,,Open,90.0
FRACTAL TRACK,DIA,Long,Daily,2025-11-24,464.44,,,487.03,4.8639%,,Open,94.44
OSCILLATOR DELTA,BABA,Long,Daily,2025-11-24,160.73,,,152.24,-5.2822%,,Open,76.19
FRACTAL TRACK,EFA,Long,Daily,2025-11-24,92.73,,,96.57,4.1411%,,Open,100.0
OSCILLATOR DELTA,SONY,Long,Daily,2025-11-24,29.01,,,25.82,-10.9962%,,Open,85.71
DELTADRIFT,IBKR,Long,Daily,2025-11-24,62.43,2025-12-04,65.95,65.95,5.6383%,10.0,Closed,100.0
DELTADRIFT,PLTR,Long,Daily,2025-11-24,162.25,2025-12-03,176.08,176.08,8.5239%,9.0,Closed,85.71
FRACTAL TRACK,XLY,Long,Daily,2025-11-24,228.51,,,122.05,-46.5888%,,Open,96.55
TRENDPULSE,CEN.NZ,Long,Daily,2025-11-24,9.72,,,9.39,-3.3951%,,Open,70.27
FRACTAL TRACK,^DJI,Long,Daily,2025-11-24,46448.2695,,,48710.9688,4.8714%,,Open,94.12
TRENDPULSE,RY.TO,Long,Daily,2025-11-24,211.39,2025-11-28,216.14,216.14,2.2470%,4.0,Closed,95.83
FRACTAL TRACK,SONY,Long,Daily,2025-11-24,29.01,,,25.82,-10.9962%,,Open,89.47
FRACTAL TRACK,FBU.NZ,Long,Daily,2025-11-24,3.35,,,3.63,8.3582%,,Open,90.0
TRENDPULSE,KXS.TO,Long,Daily,2025-11-24,175.83,,,175.27,-0.3185%,,Open,85.29
TRENDPULSE,UPS,Long,Weekly,2025-11-23,94.66,,,100.54,6.2117%,,Open,91.43
TRENDPULSE,XLV,Long,Weekly,2025-11-23,154.61,,,156.05,0.9314%,,Open,100.0
FRACTAL TRACK,KXS.TO,Long,Weekly,2025-11-23,176.3,,,175.27,-0.5842%,,Open,82.35
FRACTAL TRACK,GBPSGD=X,Long,Weekly,2025-11-23,1.7105,,,1.7345,1.4031%,,Open,100.0
OSCILLATOR DELTA,BTC-USD,Long,Daily,2025-11-23,86805.0078,2025-11-27,91496.7969,91496.7969,5.4050%,4.0,Closed,84.21
DELTADRIFT,ETH-USD,Long,Daily,2025-11-23,2801.676,2025-11-25,2957.9363,2957.9363,5.5774%,2.0,Closed,90.91
FRACTAL TRACK,GBPUSD=X,Long,Weekly,2025-11-23,1.3085,,,1.35,3.1716%,,Open,100.0
TRENDPULSE,CNQ.TO,Long,Weekly,2025-11-23,47.11,,,45.07,-4.3303%,,Open,70.0
OSCILLATOR DELTA,WMT,Long,Daily,2025-11-21,105.32,,,111.74,6.0957%,,Open,94.44
TRENDPULSE,MTY.TO,Long,Daily,2025-11-21,36.56,2025-11-28,37.84,37.84,3.5011%,7.0,Closed,88.24
FRACTAL TRACK,BIPC.TO,Long,Daily,2025-11-21,62.44,,,63.45,1.6176%,,Open,95.0
BAND MATRIX,QQQ,Long,Daily,2025-11-20,585.67,,,623.89,6.5259%,,Open,100.0
BAND MATRIX,^NDX,Long,Daily,2025-11-20,24054.3809,,,25644.3906,6.6101%,,Open,100.0
BAND MATRIX,EFA,Long,Daily,2025-11-20,91.24,,,96.57,5.8417%,,Open,75.0
BAND MATRIX,MSFT,Long,Daily,2025-11-20,478.43,,,487.71,1.9397%,,Open,100.0
FRACTAL TRACK,BN.TO,Long,Daily,2025-11-20,61.6,,,63.75,3.4903%,,Open,93.18
OSCILLATOR DELTA,EFN.TO,Long,Daily,2025-11-20,36.25,,,36.59,0.9379%,,Open,79.17
BAND MATRIX,DIA,Long,Daily,2025-11-20,458.1,,,487.03,6.3152%,,Open,100.0
FRACTAL TRACK,FRW.NZ,Long,Daily,2025-11-20,13.84,,,14.04,1.4451%,,Open,91.67
FRACTAL TRACK,JPM,Long,Daily,2025-11-20,298.38,,,327.91,9.8968%,,Open,100.0
FRACTAL TRACK,TSM,Long,Daily,2025-11-20,277.5,2025-12-10,310.14,310.14,11.7622%,20.0,Closed,100.0
BAND MATRIX,^DJI,Long,Daily,2025-11-20,45752.2617,,,48710.9688,6.4668%,,Open,85.71
FRACTAL TRACK,ATM.NZ,Long,Daily,2025-11-19,10.75,,,10.52,-2.1395%,,Open,95.83
OSCILLATOR DELTA,PG,Long,Daily,2025-11-19,146.99,,,144.74,-1.5307%,,Open,79.31
DELTADRIFT,SFTBY,Long,Daily,2025-11-19,60.98,,,56.76,-6.9203%,,Open,76.92
DELTADRIFT,BTC-USD,Long,Daily,2025-11-19,91465.9922,,,87498.9688,-4.3372%,,Open,90.91
DELTADRIFT,ARM,Long,Daily,2025-11-18,136.04,2025-12-05,141.31,141.31,3.8739%,17.0,Closed,80.0
FRACTAL TRACK,TSLA,Long,Daily,2025-11-18,397.71,2025-12-03,446.74,446.74,12.3281%,15.0,Closed,100.0
BAND MATRIX,^GSPC,Long,Daily,2025-11-18,6600.1699,,,6929.9399,4.9964%,,Open,100.0
FRACTAL TRACK,BABA,Long,Daily,2025-11-18,158.35,,,152.24,-3.8585%,,Open,100.0
FRACTAL TRACK,ORCL,Long,Daily,2025-11-18,218.2,,,197.99,-9.2621%,,Open,100.0
TRENDPULSE,ATZ.TO,Long,Daily,2025-11-18,99.89,2025-11-24,108.23,108.23,8.3492%,6.0,Closed,91.89
SIGMASHELL,NVO,Long,Daily,2025-11-18,47.615,,,52.4,10.0494%,,Open,80.0
SIGMASHELL,NVO,Long,Daily,2025-11-18,47.55,,,52.4,10.1998%,,Open,80.0
BAND MATRIX,C6L.SI,Long,Daily,2025-11-18,6.48,,,6.41,-1.0802%,,Open,100.0
BAND MATRIX,SPY,Long,Daily,2025-11-18,658.04,,,690.31,4.9040%,,Open,85.71
BAND MATRIX,SOXX,Long,Daily,2025-11-18,276.98,,,306.04,10.4917%,,Open,75.0
FRACTAL TRACK,EFN.TO,Long,Daily,2025-11-18,35.13,,,36.59,4.1560%,,Open,90.38
FRACTAL TRACK,TSLA,Long,Daily,2025-11-18,401.25,2025-12-03,446.74,446.74,11.3371%,15.0,Closed,100.0
FRACTAL TRACK,EFN.TO,Long,Daily,2025-11-18,35.05,,,36.59,4.3937%,,Open,90.38
TRENDPULSE,SUM.NZ,Long,Daily,2025-11-18,12.6,,,12.28,-2.5397%,,Open,90.0
FRACTAL TRACK,BABA,Long,Daily,2025-11-18,159.72,,,152.24,-4.6832%,,Open,100.0
FRACTAL TRACK,ORCL,Long,Daily,2025-11-18,220.49,,,197.99,-10.2045%,,Open,100.0
BAND MATRIX,^GSPC,Long,Daily,2025-11-18,6617.3198,,,6929.9399,4.7243%,,Open,100.0
BAND MATRIX,SOXX,Long,Daily,2025-11-18,275.39,,,306.04,11.1297%,,Open,75.0
BAND MATRIX,SPY,Long,Daily,2025-11-18,660.08,,,690.31,4.5797%,,Open,85.71
BAND MATRIX,BN.TO,Long,Daily,2025-11-17,60.2,,,63.75,5.8970%,,Open,87.5
BAND MATRIX,IFT.NZ,Long,Daily,2025-11-17,11.87,,,11.31,-4.7178%,,Open,100.0
BAND MATRIX,HOOD,Long,Daily,2025-11-17,115.97,,,118.13,1.8626%,,Open,80.0
BAND MATRIX,EFN.TO,Long,Daily,2025-11-17,35.37,,,36.59,3.4493%,,Open,81.82
BAND MATRIX,IWM,Long,Daily,2025-11-17,232.76,,,251.42,8.0168%,,Open,83.33
BASELINEDIVERGENCE,NVDA,Long,Weekly,2025-11-16,190.17,,,190.53,0.1893%,,Open,91.01
TRENDPULSE,^BVSP,Long,Weekly,2025-11-16,157739.0,,,160897.0,2.0020%,,Open,94.44
FRACTAL TRACK,BYD.TO,Long,Weekly,2025-11-16,217.11,,,221.38,1.9667%,,Open,97.06
TRENDPULSE,BRK-B,Long,Weekly,2025-11-16,508.94,,,498.3,-2.0906%,,Open,96.77
TRENDPULSE,BPCL.NS,Long,Weekly,2025-11-16,371.15,,,366.0,-1.3876%,,Open,81.25
TRENDPULSE,BPCL.NS,Long,Weekly,2025-11-14,371.15,,,366.0,-1.3876%,,Open,81.25
FRACTAL TRACK,BYD.TO,Long,Weekly,2025-11-14,217.11,,,221.38,1.9667%,,Open,97.06
TRENDPULSE,^BVSP,Long,Weekly,2025-11-14,157738.6875,,,160897.0,2.0022%,,Open,94.44
TRENDPULSE,BRK-B,Long,Weekly,2025-11-14,508.94,,,498.3,-2.0906%,,Open,96.77
OSCILLATOR DELTA,BYD.TO,Long,Daily,2025-11-13,224.5,,,221.38,-1.3898%,,Open,75.0
FRACTAL TRACK,BIPC.TO,Long,Daily,2025-11-13,64.33,,,63.45,-1.3679%,,Open,95.0
TRENDPULSE,SJ.TO,Long,Daily,2025-11-13,85.97,,,86.47,0.5816%,,Open,80.56
OSCILLATOR DELTA,CVS,Long,Daily,2025-11-12,80.26,,,79.61,-0.8099%,,Open,75.68
DELTADRIFT,TRI.TO,Long,Daily,2025-11-12,193.75,2025-12-08,179.74,179.74,-7.2310%,26.0,Closed,80.0
TRENDPULSE,XLV,Long,Daily,2025-11-12,152.82,2025-11-28,157.65,157.65,3.1606%,16.0,Closed,90.91
TRENDPULSE,DIS,Long,Daily,2025-11-12,116.65,,,113.56,-2.6489%,,Open,73.68
OSCILLATOR DELTA,EBO.NZ,Long,Daily,2025-11-12,28.6,,,28.04,-1.9580%,,Open,73.53
TRENDPULSE,GS,Long,Daily,2025-11-12,838.97,2025-12-11,911.03,911.03,8.5891%,29.0,Closed,75.86
TRENDPULSE,IFT.NZ,Long,Daily,2025-11-12,12.67,,,11.31,-10.7340%,,Open,96.67
FRACTAL TRACK,CVS,Long,Daily,2025-11-12,80.26,,,79.61,-0.8099%,,Open,100.0
TRENDPULSE,XLF,Long,Daily,2025-11-12,53.67,2025-12-16,54.64,54.64,1.8073%,34.0,Closed,92.31
TRENDPULSE,NIFTY_MIDCAP_100.NS,Long,Daily,2025-11-12,60902.3008,,,60314.4492,-0.9652%,,Open,91.67
TRENDPULSE,TCS.NS,Long,Daily,2025-11-11,3047.0,2025-11-17,3102.2,3102.2,1.8116%,6.0,Closed,96.97
FRACTAL TRACK,AMD,Long,Daily,2025-11-11,237.52,,,214.99,-9.4855%,,Open,100.0
TRENDPULSE,NIFTY_MIDCAP_100.NS,Long,Daily,2025-11-11,60427.0,2025-11-17,61180.5,61180.5,1.2470%,6.0,Closed,91.67
OSCILLATOR DELTA,NKE,Long,Daily,2025-11-11,63.15,,,60.93,-3.5154%,,Open,80.56
TRENDPULSE,INDA,Long,Daily,2025-11-11,54.74,,,53.84,-1.6441%,,Open,85.71
FRACTAL TRACK,META,Long,Daily,2025-11-11,627.08,,,663.29,5.7744%,,Open,92.0
OSCILLATOR DELTA,ATD.TO,Long,Daily,2025-11-11,70.4,2025-11-25,74.41,74.41,5.6960%,14.0,Closed,91.18
OSCILLATOR DELTA,NOVA.F,Long,Daily,2025-11-11,42.4,,,44.2,4.2453%,,Open,100.0
FRACTAL TRACK,ARM,Long,Daily,2025-11-11,149.74,,,110.27,-26.3590%,,Open,91.67
FRACTAL TRACK,JD,Long,Daily,2025-11-11,31.61,,,29.4,-6.9915%,,Open,95.24
TRENDPULSE,RHHBY,Long,Daily,2025-11-11,45.43,2025-11-21,49.01,49.01,7.8803%,10.0,Closed,88.0
FRACTAL TRACK,TCS.NS,Long,Daily,2025-11-11,3047.0,,,3280.0,7.6469%,,Open,100.0
FRACTAL TRACK,IWM,Long,Daily,2025-11-11,244.24,2025-12-17,247.24,247.24,1.2283%,36.0,Closed,100.0
OSCILLATOR DELTA,MTY.TO,Long,Daily,2025-11-10,34.02,2025-11-17,38.27,38.27,12.4927%,7.0,Closed,72.97
DELTADRIFT,META,Long,Daily,2025-11-10,631.76,2025-12-04,661.53,661.53,4.7122%,24.0,Closed,75.0
FRACTAL TRACK,ENZL,Long,Daily,2025-11-10,45.6841,,,45.73,0.1005%,,Open,100.0
DELTADRIFT,ORCL,Long,Daily,2025-11-10,240.83,2025-11-21,198.76,198.76,-17.4688%,11.0,Closed,71.43
FRACTAL TRACK,USCI,Long,Daily,2025-11-10,79.1348,,,78.35,-0.9917%,,Open,96.3
TRENDPULSE,FPH.NZ,Long,Daily,2025-11-10,38.12,,,37.86,-0.6821%,,Open,75.86
OSCILLATOR DELTA,HOOD,Long,Daily,2025-11-10,135.88,2025-11-13,121.53,121.53,-10.5608%,3.0,Closed,78.26
FRACTAL TRACK,ENZL,Long,Daily,2025-11-10,45.68,,,45.73,0.1095%,,Open,100.0
TRENDPULSE,JPM,Long,Daily,2025-11-10,316.89,2025-12-26,327.91,327.91,3.4775%,46.0,Closed,97.62
OSCILLATOR DELTA,META,Long,Daily,2025-11-10,631.76,2025-12-05,673.42,673.42,6.5943%,25.0,Closed,72.41
TRENDPULSE,BPCL.NS,Long,Weekly,2025-11-09,367.15,,,366.0,-0.3132%,,Open,81.25
BASELINEDIVERGENCE,NVDA,Long,Weekly,2025-11-09,188.15,,,190.53,1.2649%,,Open,91.01
TRENDPULSE,SJ.TO,Long,Weekly,2025-11-09,83.75,,,86.47,3.2478%,,Open,93.94
DELTADRIFT,ETH-USD,Long,Daily,2025-11-08,3400.376,2025-11-21,2765.6992,2765.6992,-18.6649%,13.0,Closed,90.91
FRACTAL TRACK,TLT,Long,Daily,2025-11-07,89.57,,,87.74,-2.0431%,,Open,94.12
FRACTAL TRACK,IEI,Long,Daily,2025-11-07,119.6,,,119.46,-0.1171%,,Open,92.31
FRACTAL TRACK,MA,Long,Daily,2025-11-07,551.97,,,579.6,5.0057%,,Open,93.1
FRACTAL TRACK,RHHBY,Long,Daily,2025-11-07,41.98,,,52.5,25.0596%,,Open,100.0
TRENDPULSE,FPH.NZ,Long,Daily,2025-11-07,38.5,2025-11-10,38.12,38.12,-0.9870%,3.0,Closed,75.86
TRENDPULSE,XLE,Long,Daily,2025-11-07,89.54,2025-11-14,92.02,92.02,2.7697%,7.0,Closed,93.75
FRACTAL TRACK,EFN.TO,Long,Daily,2025-11-07,36.81,,,36.59,-0.5977%,,Open,90.38
BASELINEDIVERGENCE,NVDA,Long,Weekly,2025-11-07,188.15,,,190.53,1.2649%,,Open,91.01
OSCILLATOR DELTA,RHHBY,Long,Daily,2025-11-07,41.98,,,52.5,25.0596%,,Open,71.88
FRACTAL TRACK,RHHBY,Long,Daily,2025-11-06,41.22,,,52.5,27.3654%,,Open,100.0
FRACTAL TRACK,BTC-USD,Long,Daily,2025-11-06,101301.2891,,,87498.9688,-13.6250%,,Open,93.75
TRENDPULSE,FPH.NZ,Long,Daily,2025-11-06,38.14,,,37.86,-0.7341%,,Open,75.86
TRENDPULSE,LYFT,Long,Daily,2025-11-06,21.25,2025-11-13,23.8,23.8,12.0000%,7.0,Closed,91.43
OSCILLATOR DELTA,NVO,Long,Daily,2025-11-06,46.51,2025-11-11,49.15,49.15,5.6762%,5.0,Closed,85.29
FRACTAL TRACK,MSE.PA,Long,Daily,2025-11-06,62.41,,,64.26,2.9643%,,Open,97.5
FRACTAL TRACK,MA,Long,Daily,2025-11-06,553.28,,,579.6,4.7571%,,Open,93.1
FRACTAL TRACK,BABA,Long,Daily,2025-11-06,167.61,,,152.24,-9.1701%,,Open,100.0
FRACTAL TRACK,XLE,Long,Daily,2025-11-06,88.27,,,44.2,-49.9264%,,Open,95.0
TRENDPULSE,PPH,Long,Daily,2025-11-06,94.3,2025-11-14,98.86,98.86,4.8356%,8.0,Closed,96.0
FRACTAL TRACK,EFN.TO,Long,Daily,2025-11-06,36.82,,,36.59,-0.6247%,,Open,90.38
DELTADRIFT,ATD.TO,Long,Daily,2025-11-06,69.75,2025-11-21,72.02,72.02,3.2545%,15.0,Closed,90.0
OSCILLATOR DELTA,RHHBY,Long,Daily,2025-11-06,41.22,,,52.5,27.3654%,,Open,71.88
FRACTAL TRACK,TLT,Long,Daily,2025-11-06,89.76,,,87.74,-2.2504%,,Open,94.12
FRACTAL TRACK,XLU,Long,Daily,2025-11-06,88.46,,,42.78,-51.6392%,,Open,96.43
TRENDPULSE,JPM,Long,Daily,2025-11-06,313.42,2025-12-17,314.98,314.98,0.4977%,41.0,Closed,97.62
FRACTAL TRACK,IEI,Long,Daily,2025-11-06,119.53,,,119.46,-0.0586%,,Open,92.31
FRACTAL TRACK,FXI,Long,Daily,2025-11-06,40.14,,,38.93,-3.0144%,,Open,100.0
TRENDPULSE,MAR,Long,Daily,2025-11-05,283.07,2025-11-13,287.43,287.43,1.5403%,8.0,Closed,100.0
TRENDPULSE,SJ.TO,Long,Daily,2025-11-05,82.96,2025-11-27,86.36,86.36,4.0984%,22.0,Closed,80.56
FRACTAL TRACK,RHHBY,Long,Daily,2025-11-05,40.7,2025-11-11,45.51,45.51,11.8182%,6.0,Closed,100.0
OSCILLATOR DELTA,XLF,Long,Daily,2025-11-05,52.6,,,55.62,5.7414%,,Open,85.71
FRACTAL TRACK,WMT,Long,Daily,2025-11-05,101.47,,,111.74,10.1212%,,Open,90.62
FRACTAL TRACK,NIO,Long,Daily,2025-11-05,7.29,,,5.1,-30.0412%,,Open,100.0
FRACTAL TRACK,GNE.NZ,Long,Daily,2025-11-05,2.53,2025-11-20,2.47,2.47,-2.3715%,15.0,Closed,84.62
FRACTAL TRACK,GILD,Long,Daily,2025-11-05,122.58,,,124.7,1.7295%,,Open,100.0
TRENDPULSE,PPH,Long,Daily,2025-11-05,93.68,,,104.43,11.4752%,,Open,96.0
OSCILLATOR DELTA,MAR,Long,Daily,2025-11-05,283.07,,,315.58,11.4848%,,Open,90.32
FRACTAL TRACK,XLU,Long,Daily,2025-11-05,88.85,,,42.78,-51.8514%,,Open,96.43
FRACTAL TRACK,EFN.TO,Long,Daily,2025-11-05,37.65,2025-11-18,35.13,35.13,-6.6932%,13.0,Closed,90.38
FRACTAL TRACK,WMT,Long,Daily,2025-11-04,102.27,2025-12-03,114.41,114.41,11.8705%,29.0,Closed,90.62
OSCILLATOR DELTA,MAR,Long,Daily,2025-11-04,272.24,2025-11-25,304.12,304.12,11.7103%,21.0,Closed,90.32
TRENDPULSE,SUM.NZ,Long,Daily,2025-11-04,11.85,2025-11-05,11.76,11.76,-0.7595%,1.0,Closed,90.0
TRENDPULSE,MEL.NZ,Long,Daily,2025-11-04,6.03,2025-11-05,5.87,5.87,-2.6534%,1.0,Closed,91.3
FRACTAL TRACK,HDFCBANK.NS,Long,Daily,2025-11-04,985.25,,,992.1,0.6953%,,Open,89.74
OSCILLATOR DELTA,XLF,Long,Daily,2025-11-04,52.42,,,55.62,6.1045%,,Open,85.71
SIGMASHELL,TRI.TO,Long,Daily,2025-11-04,206.63,,,181.76,-12.0360%,,Open,87.5
FRACTAL TRACK,GILD,Long,Daily,2025-11-04,123.0,,,124.7,1.3821%,,Open,100.0
FRACTAL TRACK,NIO,Long,Daily,2025-11-04,7.16,,,5.1,-28.7709%,,Open,100.0
DELTADRIFT,RHHBY,Long,Daily,2025-11-03,40.16,2025-11-06,41.22,41.22,2.6394%,3.0,Closed,72.73
FRACTAL TRACK,MX.TO,Long,Daily,2025-11-03,52.3,,,55.0,5.1625%,,Open,100.0
SIGMASHELL,NVO,Long,Daily,2025-11-03,49.11,,,52.4,6.6992%,,Open,80.0
FRACTAL TRACK,BIPC.TO,Long,Daily,2025-11-03,64.43,,,63.45,-1.5210%,,Open,95.0
DELTADRIFT,RHHBY,Long,Daily,2025-11-03,40.15,2025-11-07,41.98,41.98,4.5579%,4.0,Closed,72.73
FRACTAL TRACK,LYFT,Long,Daily,2025-11-03,20.95,2025-11-10,23.72,23.72,13.2220%,7.0,Closed,96.0
FRACTAL TRACK,SONY,Long,Daily,2025-11-03,27.95,,,25.82,-7.6208%,,Open,89.47
FRACTAL TRACK,DIS,Long,Weekly,2025-11-02,112.62,,,113.56,0.8347%,,Open,92.86
TRENDPULSE,^DJI,Long,Weekly,2025-11-02,47562.8711,,,48710.9688,2.4139%,,Open,93.75
FRACTAL TRACK,CNU.NZ,Long,Weekly,2025-11-02,9.36,,,9.41,0.5342%,,Open,100.0
TRENDPULSE,NIFTY_MIDCAP_100.NS,Long,Weekly,2025-11-02,59825.8984,,,60314.4492,0.8166%,,Open,89.13
FRACTAL TRACK,BTC-USD,Long,Daily,2025-11-01,110064.0156,,,87498.9688,-20.5017%,,Open,93.75
FRACTAL TRACK,BRK-B,Long,Monthly,2025-10-31,477.54,,,498.3,4.3473%,,Open,92.31
OSCILLATOR DELTA,SPOT,Long,Daily,2025-10-31,655.32,2025-11-20,589.23,589.23,-10.0851%,20.0,Closed,89.47
TRENDPULSE,RY.TO,Long,Monthly,2025-10-31,205.47,2025-11-03,207.22,207.22,0.8517%,3.0,Closed,87.5
TRENDPULSE,PPH,Long,Monthly,2025-10-31,92.54,2025-11-03,92.84,92.84,0.3242%,3.0,Closed,72.73
FRACTAL TRACK,NVO,Long,Monthly,2025-10-31,49.46,,,52.4,5.9442%,,Open,84.0
TRENDPULSE,TSM,Long,Monthly,2025-10-31,300.43,2025-11-03,304.86,304.86,1.4746%,3.0,Closed,100.0
TRENDPULSE,QQQ,Long,Monthly,2025-10-31,629.07,2025-11-03,632.08,632.08,0.4785%,3.0,Closed,100.0
TRENDPULSE,BAC,Long,Monthly,2025-10-31,53.45,,,56.17,5.0889%,,Open,75.0
FRACTAL TRACK,SJ.TO,Long,Monthly,2025-10-31,79.61,,,86.47,8.6170%,,Open,91.67
TRENDPULSE,^DJI,Long,Weekly,2025-10-31,47562.8711,,,48710.9688,2.4139%,,Open,100.0
FRACTAL TRACK,CNQ.TO,Long,Monthly,2025-10-31,44.87,,,45.07,0.4457%,,Open,91.67
TRENDPULSE,XIU.TO,Long,Monthly,2025-10-31,45.14,2025-11-03,45.2,45.2,0.1329%,3.0,Closed,100.0
FRACTAL TRACK,TFII.TO,Long,Monthly,2025-10-31,126.04,,,144.98,15.0270%,,Open,90.0
FRACTAL TRACK,DIS,Long,Weekly,2025-10-31,112.62,,,113.56,0.8347%,,Open,90.32
TRENDPULSE,^NDX,Long,Monthly,2025-10-31,25858.1309,,,25644.3906,-0.8266%,,Open,100.0
TRENDPULSE,ACWX,Long,Monthly,2025-10-31,66.35,,,67.49,1.7182%,,Open,75.0
BAND MATRIX,ATD.TO,Long,Daily,2025-10-31,71.28,,,74.04,3.8721%,,Open,80.0
TRENDPULSE,JPM,Long,Daily,2025-10-31,311.12,2025-11-03,309.35,309.35,-0.5689%,3.0,Closed,93.75
TRENDPULSE,^NDX,Long,Monthly,2025-10-31,25858.127,,,25644.3906,-0.8266%,,Open,100.0
TRENDPULSE,NIFTY_MIDCAP_100.NS,Long,Weekly,2025-10-31,59825.8984,,,60314.4492,0.8166%,,Open,84.38
TRENDPULSE,MSE.PA,Long,Monthly,2025-10-31,62.93,,,64.26,2.1135%,,Open,100.0
TRENDPULSE,FRW.NZ,Long,Monthly,2025-10-31,14.72,,,14.04,-4.6196%,,Open,95.65
TRENDPULSE,CSCO,Long,Daily,2025-10-31,73.11,2025-11-03,74.45,74.45,1.8329%,3.0,Closed,88.89
TRENDPULSE,^GSPC,Long,Monthly,2025-10-31,6840.2002,,,6929.9399,1.3119%,,Open,88.89
TRENDPULSE,CVS,Long,Monthly,2025-10-31,78.15,,,79.61,1.8682%,,Open,77.78
TRENDPULSE,BNS.TO,Long,Monthly,2025-10-31,91.99,2025-11-03,92.36,92.36,0.4022%,3.0,Closed,100.0
OSCILLATOR DELTA,NFLX,Long,Daily,2025-10-31,1118.86,,,94.47,-91.5566%,,Open,86.21
OSCILLATOR DELTA,SPOT,Long,Daily,2025-10-31,655.04,2025-11-20,589.23,589.23,-10.0467%,20.0,Closed,76.47
FRACTAL TRACK,ASML,Long,Monthly,2025-10-31,1059.23,,,1072.75,1.2764%,,Open,85.71
OSCILLATOR DELTA,JPM,Long,Daily,2025-10-31,311.12,,,327.91,5.3966%,,Open,83.33
TRENDPULSE,GOOG,Long,Monthly,2025-10-31,281.82,,,314.96,11.7593%,,Open,85.71
TRENDPULSE,XLU,Long,Monthly,2025-10-31,89.1,2025-11-03,89.15,89.15,0.0561%,3.0,Closed,83.33
TRENDPULSE,BDGI.TO,Long,Monthly,2025-10-31,73.59,2025-11-03,73.49,73.49,-0.1359%,3.0,Closed,92.86
TRENDPULSE,EFA,Long,Monthly,2025-10-31,94.49,2025-11-03,94.53,94.53,0.0423%,3.0,Closed,83.33
TRENDPULSE,^NZ50,Long,Monthly,2025-10-31,13548.3203,,,13529.0596,-0.1422%,,Open,83.33
TRENDPULSE,VGT,Long,Monthly,2025-10-31,793.21,2025-11-03,795.95,795.95,0.3454%,3.0,Closed,88.89
BAND MATRIX,GBPUSD=X,Long,Daily,2025-10-30,1.3195,,,1.35,2.3115%,,Open,90.91
FRACTAL TRACK,GLD,Long,Daily,2025-10-30,370.13,2025-12-22,408.23,408.23,10.2937%,53.0,Closed,100.0
DELTADRIFT,NFLX,Long,Daily,2025-10-30,1089.0,2025-11-11,1136.4399,1136.4399,4.3563%,12.0,Closed,72.73
FRACTAL TRACK,WPM.TO,Long,Daily,2025-10-30,137.22,,,166.29,21.1850%,,Open,97.3
DELTADRIFT,WPM.TO,Long,Daily,2025-10-29,132.75,2025-11-10,143.39,143.39,8.0151%,12.0,Closed,70.0
OSCILLATOR DELTA,NFLX,Long,Daily,2025-10-29,1100.41,,,94.47,-91.4150%,,Open,77.78
TRENDPULSE,HDFCBANK.NS,Long,Daily,2025-10-29,1007.85,,,992.1,-1.5627%,,Open,100.0
FRACTAL TRACK,SLV,Long,Daily,2025-10-29,43.23,2025-11-12,48.32,48.32,11.7742%,14.0,Closed,84.0
TRENDPULSE,BDGI.TO,Long,Daily,2025-10-29,72.71,2025-11-03,73.49,73.49,1.0728%,5.0,Closed,82.35
FRACTAL TRACK,NFLX,Long,Daily,2025-10-29,1100.41,,,94.47,-91.4150%,,Open,93.94
OSCILLATOR DELTA,USCI,Long,Daily,2025-10-29,78.16,,,78.35,0.2431%,,Open,96.0
TRENDPULSE,QQQ,Long,Daily,2025-10-28,632.92,2025-11-03,632.08,632.08,-0.1327%,6.0,Closed,100.0
TRENDPULSE,^NDX,Long,Daily,2025-10-28,26012.1504,,,25644.3906,-1.4138%,,Open,100.0
TRENDPULSE,NZDCAD=X,Long,Daily,2025-10-28,0.8079,2025-11-03,0.8019,0.8019,-0.7427%,6.0,Closed,100.0
FRACTAL TRACK,ATD.TO,Long,Daily,2025-10-28,73.51,,,74.04,0.7210%,,Open,97.78
TRENDPULSE,HOOD,Long,Daily,2025-10-27,145.86,2025-10-28,146.25,146.25,0.2674%,1.0,Closed,100.0
TRENDPULSE,MSE.PA,Long,Weekly,2025-10-26,63.0002,,,64.26,1.9997%,,Open,100.0
TRENDPULSE,QQQ,Long,Weekly,2025-10-26,617.1,,,623.89,1.1003%,,Open,100.0
TRENDPULSE,ACWX,Long,Weekly,2025-10-26,66.54,,,67.49,1.4277%,,Open,77.78
FRACTAL TRACK,TRI.TO,Long,Weekly,2025-10-26,227.55,,,181.76,-20.1230%,,Open,100.0
TRENDPULSE,JNK,Long,Weekly,2025-10-26,97.74,,,97.16,-0.5934%,,Open,85.71
TRENDPULSE,UPS,Long,Weekly,2025-10-26,87.22,2025-11-18,93.0726,93.0726,6.7102%,23.0,Closed,72.73
TRENDPULSE,DIA,Long,Weekly,2025-10-26,472.21,2025-12-22,483.46,483.46,2.3824%,57.0,Closed,100.0
FRACTAL TRACK,JETS,Long,Weekly,2025-10-26,25.54,,,28.41,11.2373%,,Open,100.0
TRENDPULSE,EFN.TO,Long,Weekly,2025-10-26,37.71,,,36.59,-2.9700%,,Open,90.0
TRENDPULSE,^BVSP,Long,Weekly,2025-10-26,146172.0,2025-11-18,156240.8125,156240.8125,6.8883%,23.0,Closed,91.67
FRACTAL TRACK,ETH-USD,Long,Weekly,2025-10-26,4157.9893,,,2935.4324,-29.4026%,,Open,83.33
TRENDPULSE,^NDX,Long,Weekly,2025-10-26,25358.1602,2025-11-03,25972.9434,25972.9434,2.4244%,8.0,Closed,100.0
FRACTAL TRACK,IEI,Long,Weekly,2025-10-26,120.2,,,119.46,-0.6156%,,Open,96.43
FRACTAL TRACK,WPM.TO,Long,Daily,2025-10-24,137.43,,,166.29,20.9998%,,Open,96.3
TRENDPULSE,SUM.NZ,Long,Daily,2025-10-24,11.9,2025-10-28,11.74,11.74,-1.3445%,4.0,Closed,100.0
FRACTAL TRACK,ETH-USD,Long,Weekly,2025-10-24,3939.7068,,,2935.4324,-25.4911%,,Open,83.33
FRACTAL TRACK,JETS,Long,Weekly,2025-10-24,25.54,,,28.41,11.2373%,,Open,100.0
FRACTAL TRACK,IEI,Long,Weekly,2025-10-24,120.2,,,119.46,-0.6156%,,Open,96.43
FRACTAL TRACK,NVDA,Long,Daily,2025-10-24,186.26,,,190.53,2.2925%,,Open,92.86
FRACTAL TRACK,TRI.TO,Long,Weekly,2025-10-24,227.55,,,181.76,-20.1230%,,Open,100.0
FRACTAL TRACK,IBKR,Long,Daily,2025-10-24,68.75,,,66.16,-3.7673%,,Open,100.0
FRACTAL TRACK,WPM,Long,Daily,2025-10-24,98.15,,,124.22,26.5614%,,Open,100.0
FRACTAL TRACK,SJ.TO,Long,Daily,2025-10-24,78.46,,,86.47,10.2090%,,Open,100.0
FRACTAL TRACK,HOOD,Long,Daily,2025-10-24,139.79,,,118.13,-15.4947%,,Open,100.0
FRACTAL TRACK,MX.TO,Long,Daily,2025-10-23,50.3,,,55.0,9.3439%,,Open,96.15
FRACTAL TRACK,MEL.NZ,Long,Daily,2025-10-22,5.98,,,5.55,-7.1906%,,Open,95.45
OSCILLATOR DELTA,MX.TO,Long,Daily,2025-10-22,48.71,2025-10-31,55.2,55.2,13.3238%,9.0,Closed,75.0
FRACTAL TRACK,IBKR,Long,Daily,2025-10-21,66.27,2025-11-03,73.08,73.08,10.2761%,13.0,Closed,100.0
FRACTAL TRACK,GNE.NZ,Long,Daily,2025-10-21,2.47,,,2.4,-2.8340%,,Open,78.57
FRACTAL TRACK,BYD.TO,Long,Daily,2025-10-21,212.17,2025-11-26,235.85,235.85,11.1609%,36.0,Closed,100.0
OSCILLATOR DELTA,SPOT,Long,Daily,2025-10-21,689.21,2025-11-05,620.0,620.0,-10.0419%,15.0,Closed,76.47
FRACTAL TRACK,HOOD,Long,Daily,2025-10-21,131.84,,,118.13,-10.3990%,,Open,100.0
FRACTAL TRACK,WIPRO.NS,Long,Daily,2025-10-21,241.36,,,266.3,10.3331%,,Open,90.32
FRACTAL TRACK,PPH,Long,Daily,2025-10-21,92.1,,,104.43,13.3876%,,Open,92.59
FRACTAL TRACK,NOVA.F,Long,Daily,2025-10-21,47.0,,,44.2,-5.9574%,,Open,96.43
FRACTAL TRACK,PFE,Long,Daily,2025-10-21,24.85,,,25.09,0.9658%,,Open,93.33
OSCILLATOR DELTA,XLE,Long,Daily,2025-10-20,86.89,2025-11-11,91.53,91.53,5.3401%,22.0,Closed,84.62
OSCILLATOR DELTA,MA,Long,Daily,2025-10-20,566.36,,,579.6,2.3377%,,Open,92.31
OSCILLATOR DELTA,INFY,Long,Daily,2025-10-20,16.91,2025-12-19,20.22,20.22,19.5742%,60.0,Closed,82.35
FRACTAL TRACK,UBER,Long,Daily,2025-10-20,93.7,,,81.26,-13.2764%,,Open,100.0
FRACTAL TRACK,XLE,Long,Daily,2025-10-20,86.89,,,44.2,-49.1311%,,Open,100.0
OSCILLATOR DELTA,UBER,Long,Daily,2025-10-20,93.7,2025-11-03,99.72,99.72,6.4248%,14.0,Closed,80.0
FRACTAL TRACK,MCY.NZ,Long,Daily,2025-10-20,6.65,,,6.39,-3.9098%,,Open,96.0
OSCILLATOR DELTA,BRK-B,Long,Daily,2025-10-20,494.08,,,498.3,0.8541%,,Open,94.44
FRACTAL TRACK,TCS.NS,Long,Weekly,2025-10-19,2962.2,,,3280.0,10.7285%,,Open,95.65
FRACTAL TRACK,ETH-USD,Long,Daily,2025-10-19,3984.6497,,,2935.4324,-26.3315%,,Open,95.56
FRACTAL TRACK,IFT.NZ,Long,Daily,2025-10-17,12.43,2025-11-18,11.6,11.6,-6.6774%,32.0,Closed,91.11
BAND MATRIX,CNQ.TO,Long,Daily,2025-10-17,42.19,,,45.07,6.8263%,,Open,71.43
FRACTAL TRACK,TCS.NS,Long,Weekly,2025-10-17,2962.2,,,3280.0,10.7285%,,Open,95.65
TRENDPULSE,UPS,Long,Daily,2025-10-17,86.41,2025-10-20,86.91,86.91,0.5786%,3.0,Closed,84.62
DELTADRIFT,TRI.TO,Long,Weekly,2025-10-17,222.18,,,181.76,-18.1925%,,Open,100.0
FRACTAL TRACK,ENZL,Long,Daily,2025-10-16,45.42,,,45.73,0.6825%,,Open,89.47
FRACTAL TRACK,MSE.PA,Long,Daily,2025-10-16,62.76,,,64.26,2.3901%,,Open,96.77
FRACTAL TRACK,DOL.TO,Long,Daily,2025-10-16,180.73,,,205.3,13.5949%,,Open,88.89
FRACTAL TRACK,TCEHY,Long,Daily,2025-10-16,79.68,,,78.08,-2.0080%,,Open,100.0
FRACTAL TRACK,BAC,Long,Daily,2025-10-16,50.44,,,56.17,11.3600%,,Open,88.46
FRACTAL TRACK,NVO,Long,Daily,2025-10-16,56.09,,,52.4,-6.5787%,,Open,94.12
FRACTAL TRACK,DIA,Long,Daily,2025-10-16,459.56,,,487.03,5.9775%,,Open,90.91
FRACTAL TRACK,JPM,Long,Daily,2025-10-16,298.54,,,327.91,9.8379%,,Open,90.0
DELTADRIFT,CNU.NZ,Long,Daily,2025-10-16,9.11,,,9.41,3.2931%,,Open,81.82
FRACTAL TRACK,^DJI,Long,Daily,2025-10-16,45952.2383,,,48710.9688,6.0035%,,Open,89.66
FRACTAL TRACK,XLV,Long,Daily,2025-10-16,142.32,,,156.05,9.6473%,,Open,100.0
FRACTAL TRACK,FPH.NZ,Long,Daily,2025-10-16,36.47,,,37.86,3.8114%,,Open,95.45
OSCILLATOR DELTA,BTI,Long,Daily,2025-10-16,51.14,,,57.27,11.9867%,,Open,75.0
FRACTAL TRACK,CNU.NZ,Long,Daily,2025-10-16,9.11,,,9.41,3.2931%,,Open,81.82
OSCILLATOR DELTA,GBPUSD=X,Long,Daily,2025-10-16,1.3404,,,1.35,0.7162%,,Open,72.73
FRACTAL TRACK,GBPUSD=X,Long,Daily,2025-10-16,1.3404,,,1.35,0.7162%,,Open,92.0
FRACTAL TRACK,GS,Long,Daily,2025-10-16,758.09,2025-11-12,838.97,838.97,10.6689%,27.0,Closed,100.0
FRACTAL TRACK,AMZN,Long,Daily,2025-10-16,214.47,,,232.52,8.4161%,,Open,90.91
OSCILLATOR DELTA,MA,Long,Daily,2025-10-15,562.81,,,579.6,2.9832%,,Open,92.31
FRACTAL TRACK,FRW.NZ,Long,Daily,2025-10-15,13.06,,,14.04,7.5038%,,Open,87.5
TRENDPULSE,ATD.TO,Long,Daily,2025-10-15,73.4,2025-12-01,75.38,75.38,2.6975%,47.0,Closed,100.0
OSCILLATOR DELTA,BTI,Long,Daily,2025-10-15,50.75,2025-11-05,53.88,53.88,6.1675%,21.0,Closed,75.0
OSCILLATOR DELTA,DOL.TO,Long,Daily,2025-10-15,176.2,2025-10-23,186.14,186.14,5.6413%,8.0,Closed,90.0
FRACTAL TRACK,TFII.TO,Long,Daily,2025-10-15,125.17,,,144.98,15.8265%,,Open,94.12
TRENDPULSE,WIPRO.NS,Long,Daily,2025-10-15,250.21,2025-10-16,253.81,253.81,1.4388%,1.0,Closed,92.31
FRACTAL TRACK,ASHR,Long,Daily,2025-10-14,32.15,,,33.11,2.9860%,,Open,94.12
FRACTAL TRACK,NIO,Long,Daily,2025-10-14,6.8,,,5.1,-25.0000%,,Open,92.86
FRACTAL TRACK,ATD.TO,Long,Daily,2025-10-14,73.09,,,74.04,1.2998%,,Open,97.78
FRACTAL TRACK,KWEB,Long,Daily,2025-10-14,39.15,,,34.83,-11.0345%,,Open,100.0
FRACTAL TRACK,^BVSP,Long,Daily,2025-10-14,141683.0,,,160897.0,13.5613%,,Open,95.45
TRENDPULSE,HDB,Long,Daily,2025-10-14,35.11,2025-10-15,36.05,36.05,2.6773%,1.0,Closed,100.0
OSCILLATOR DELTA,TRI.TO,Long,Daily,2025-10-14,217.14,2025-11-07,192.99,192.99,-11.1219%,24.0,Closed,100.0
TRENDPULSE,WMT,Long,Daily,2025-10-14,107.21,2025-10-15,109.03,109.03,1.6976%,1.0,Closed,100.0
BAND MATRIX,XLE,Long,Daily,2025-10-14,86.37,,,44.2,-48.8248%,,Open,71.43
FRACTAL TRACK,XLF,Long,Daily,2025-10-14,53.24,,,55.62,4.4703%,,Open,96.43
FRACTAL TRACK,XLY,Long,Daily,2025-10-14,234.35,,,122.05,-47.9198%,,Open,96.0
OSCILLATOR DELTA,EWJ,Long,Daily,2025-10-14,80.04,,,80.97,1.1619%,,Open,78.57
FRACTAL TRACK,BABA,Long,Daily,2025-10-14,162.86,,,152.24,-6.5209%,,Open,93.75
FRACTAL TRACK,JETS,Long,Daily,2025-10-14,25.41,,,28.41,11.8064%,,Open,96.0
FRACTAL TRACK,MCD,Long,Daily,2025-10-13,300.11,,,310.68,3.5220%,,Open,81.25
FRACTAL TRACK,EURUSD=X,Long,Daily,2025-10-13,1.1602,,,1.1785,1.5773%,,Open,93.33
BAND MATRIX,XLF,Long,Daily,2025-10-13,52.66,,,55.62,5.6210%,,Open,81.82
FRACTAL TRACK,WPM,Long,Daily,2025-10-13,108.99,,,124.22,13.9738%,,Open,100.0
BASELINEDIVERGENCE,NVDA,Long,Weekly,2025-10-12,183.16,,,190.53,4.0238%,,Open,87.18
BASELINEDIVERGENCE,QQQ,Long,Weekly,2025-10-12,589.5,,,623.89,5.8338%,,Open,86.49
BAND MATRIX,IHI,Long,Weekly,2025-10-12,58.83,,,62.82,6.7823%,,Open,100.0
BASELINEDIVERGENCE,HDFCBANK.NS,Long,Weekly,2025-10-12,980.9,,,992.1,1.1418%,,Open,85.44
BASELINEDIVERGENCE,ARM,Long,Weekly,2025-10-12,154.81,,,110.27,-28.7708%,,Open,85.71
FRACTAL TRACK,BTC-USD,Long,Daily,2025-10-12,115169.7656,,,87498.9688,-24.0261%,,Open,92.59
FRACTAL TRACK,ATM.NZ,Long,Weekly,2025-10-12,10.21,,,10.52,3.0362%,,Open,89.47
TRENDPULSE,BDGI.TO,Long,Weekly,2025-10-12,65.01,2025-10-15,66.49,66.49,2.2766%,3.0,Closed,79.17
FRACTAL TRACK,C6L.SI,Long,Weekly,2025-10-12,6.64,,,6.41,-3.4639%,,Open,88.89
BAND MATRIX,EURUSD=X,Long,Daily,2025-10-10,1.1631,,,1.1785,1.3240%,,Open,77.78
BASELINEDIVERGENCE,ARM,Long,Weekly,2025-10-10,154.81,,,110.27,-28.7708%,,Open,85.71
FRACTAL TRACK,ATM.NZ,Long,Weekly,2025-10-10,10.21,,,10.52,3.0362%,,Open,89.47
BAND MATRIX,JPM,Long,Daily,2025-10-10,300.89,,,327.91,8.9800%,,Open,81.82
BASELINEDIVERGENCE,QQQ,Long,Weekly,2025-10-10,589.5,,,623.89,5.8338%,,Open,86.49
FRACTAL TRACK,ETH-USD,Long,Weekly,2025-10-10,4369.1436,,,2935.4324,-32.8145%,,Open,83.33
TRENDPULSE,RELIANCE.NS,Long,Daily,2025-10-10,1381.7,2025-10-14,1382.1,1382.1,0.0289%,4.0,Closed,80.0
TRENDPULSE,BDGI.TO,Long,Weekly,2025-10-10,65.01,,,74.83,15.1054%,,Open,79.17
BAND MATRIX,EURUSD=X,Long,Daily,2025-10-10,1.1566,,,1.1785,1.8935%,,Open,77.78
FRACTAL TRACK,C6L.SI,Long,Weekly,2025-10-10,6.64,,,6.41,-3.4639%,,Open,88.89
BAND MATRIX,GS,Long,Daily,2025-10-10,764.36,,,907.04,18.6666%,,Open,80.0
BAND MATRIX,HYG,Long,Daily,2025-10-10,79.95,,,80.6,0.8130%,,Open,80.0
TRENDPULSE,MEL.NZ,Long,Weekly,2025-10-10,5.98,,,5.55,-7.1906%,,Open,100.0
TRENDPULSE,RHHBY,Long,Weekly,2025-10-10,45.66,,,52.5,14.9803%,,Open,83.33
BASELINEDIVERGENCE,HDFCBANK.NS,Long,Weekly,2025-10-10,980.9,,,992.1,1.1418%,,Open,85.44
BAND MATRIX,IHI,Long,Weekly,2025-10-10,58.83,,,62.82,6.7823%,,Open,100.0
TRENDPULSE,MEL.NZ,Long,Daily,2025-10-09,6.02,2025-10-10,5.98,5.98,-0.6645%,1.0,Closed,85.0
TRENDPULSE,HDFCBANK.NS,Long,Daily,2025-10-08,978.7,2025-10-09,977.1,977.1,-0.1635%,1.0,Closed,100.0
TRENDPULSE,WIPRO.NS,Long,Daily,2025-10-08,244.27,2025-10-09,246.4,246.4,0.8720%,1.0,Closed,92.31
TRENDPULSE,CNQ.TO,Long,Daily,2025-10-07,45.72,2025-10-09,45.88,45.88,0.3500%,2.0,Closed,91.67
BAND MATRIX,SPOT,Long,Daily,2025-10-07,680.44,,,584.35,-14.1217%,,Open,71.43
TRENDPULSE,SUM.NZ,Long,Daily,2025-10-07,11.24,2025-10-09,11.5,11.5,2.3132%,2.0,Closed,100.0
TRENDPULSE,PYPL,Long,Daily,2025-10-07,74.61,2025-10-09,75.75,75.75,1.5279%,2.0,Closed,75.0
OSCILLATOR DELTA,HDB,Long,Daily,2025-10-06,34.83,,,36.46,4.6799%,,Open,77.27
TRENDPULSE,GS,Long,Daily,2025-10-06,796.78,2025-10-09,779.96,779.96,-2.1110%,3.0,Closed,88.89
FRACTAL TRACK,NU,Long,Daily,2025-10-06,15.38,,,16.76,8.9727%,,Open,100.0
FRACTAL TRACK,WMT,Long,Daily,2025-10-06,102.7,,,111.74,8.8023%,,Open,90.48
TRENDPULSE,MAR,Long,Daily,2025-10-06,271.94,2025-10-09,266.14,266.14,-2.1328%,3.0,Closed,100.0
TRENDPULSE,GLD,Long,Daily,2025-10-06,364.38,2025-10-09,365.43,365.43,0.2882%,3.0,Closed,87.5
FRACTAL TRACK,BRK-B,Long,Daily,2025-10-06,500.02,2025-10-13,491.93,491.93,-1.6179%,7.0,Closed,92.86
FRACTAL TRACK,USCI,Long,Daily,2025-10-06,77.76,,,78.35,0.7587%,,Open,100.0
TRENDPULSE,ACWX,Long,Daily,2025-10-06,66.37,2025-10-09,65.57,65.57,-1.2054%,3.0,Closed,88.89
TRENDPULSE,TSM,Long,Weekly,2025-10-05,292.19,2025-10-09,299.88,299.88,2.6318%,4.0,Closed,90.0
BAND MATRIX,TRI.TO,Long,Weekly,2025-10-05,213.48,,,181.76,-14.8585%,,Open,100.0
ALTITUDE ALPHA,NVDA,Long,Weekly,2025-10-05,187.62,,,190.53,1.5510%,,Open,84.62
TRENDPULSE,NVDA,Long,Weekly,2025-10-05,187.62,2025-10-09,192.57,192.57,2.6383%,4.0,Closed,81.82
TRENDPULSE,TCEHY,Long,Weekly,2025-10-05,86.51,2025-10-09,85.33,85.33,-1.3640%,4.0,Closed,90.91
FRACTAL TRACK,^TNX,Long,Weekly,2025-10-05,4.119,,,4.136,0.4127%,,Open,84.85
TRENDPULSE,COIN,Long,Daily,2025-10-03,380.02,2025-10-09,387.0,387.0,1.8367%,6.0,Closed,80.0
TRENDPULSE,^NSEI,Long,Daily,2025-10-03,24894.25,2025-10-09,25181.8008,25181.8008,1.1551%,6.0,Closed,100.0
FRACTAL TRACK,JNK,Long,Daily,2025-10-03,97.47,,,97.16,-0.3180%,,Open,84.0
OSCILLATOR DELTA,IHI,Long,Daily,2025-10-03,60.63,,,62.82,3.6121%,,Open,85.71
FRACTAL TRACK,HYG,Long,Daily,2025-10-03,80.84,,,80.6,-0.2969%,,Open,100.0
TRENDPULSE,KXS.TO,Long,Daily,2025-10-03,183.5,2025-10-09,185.61,185.61,1.1499%,6.0,Closed,82.35
OSCILLATOR DELTA,MAR,Long,Daily,2025-10-03,267.57,2025-11-05,283.07,283.07,5.7929%,33.0,Closed,76.19
OSCILLATOR DELTA,NVO,Long,Daily,2025-10-02,58.74,2025-10-28,52.05,52.05,-11.3892%,26.0,Closed,71.43
TRENDPULSE,BTC-USD,Long,Daily,2025-10-02,120681.2578,2025-10-07,121451.3828,121451.3828,0.6381%,5.0,Closed,95.65
FRACTAL TRACK,TFII.TO,Long,Daily,2025-10-02,125.06,,,144.98,15.9284%,,Open,94.12
FRACTAL TRACK,RINF,Long,Daily,2025-10-02,32.3,,,32.06,-0.7430%,,Open,100.0
TRENDPULSE,MA,Long,Daily,2025-10-02,577.33,2025-10-09,564.55,564.55,-2.2136%,7.0,Closed,88.89
TRENDPULSE,IBIT,Long,Daily,2025-10-02,68.77,2025-10-09,68.74,68.74,-0.0436%,7.0,Closed,100.0
FRACTAL TRACK,EFN.TO,Long,Daily,2025-10-02,36.62,2025-11-06,36.82,36.82,0.5461%,35.0,Closed,93.94
FRACTAL TRACK,ORCL,Long,Daily,2025-10-02,288.78,,,197.99,-31.4392%,,Open,96.88
TRENDPULSE,XLV,Long,Daily,2025-10-02,143.19,2025-10-08,144.51,144.51,0.9219%,6.0,Closed,92.86
SIGMASHELL,PG,Long,Daily,2025-10-02,152.05,,,144.74,-4.8076%,,Open,76.19
OSCILLATOR DELTA,AIA.NZ,Long,Daily,2025-10-02,8.0,,,8.28,3.5000%,,Open,73.68
BAND MATRIX,META,Long,Daily,2025-10-02,727.05,,,663.29,-8.7697%,,Open,80.0
TRENDPULSE,AIA.NZ,Long,Daily,2025-10-01,7.89,2025-10-09,8.05,8.05,2.0279%,8.0,Closed,79.17
TRENDPULSE,^GSPC,Long,Daily,2025-10-01,6711.2002,2025-10-09,6735.1099,6735.1099,0.3563%,8.0,Closed,100.0
TRENDPULSE,RHHBY,Long,Daily,2025-10-01,44.83,2025-10-08,45.32,45.32,1.0930%,7.0,Closed,83.33
TRENDPULSE,MSE.PA,Long,Daily,2025-10-01,62.02,2025-10-07,62.37,62.37,0.5643%,6.0,Closed,100.0
TRENDPULSE,PPH,Long,Daily,2025-10-01,94.26,2025-10-09,93.45,93.45,-0.8593%,8.0,Closed,90.0
TRENDPULSE,MX.TO,Long,Monthly,2025-09-30,55.33,2025-10-09,53.05,53.05,-4.1207%,9.0,Closed,88.89
ALTITUDE ALPHA,SPY,Long,Quarterly,2025-09-30,666.18,,,690.31,3.6221%,,Open,100.0
FRACTAL TRACK,IEI,Long,Quarterly,2025-09-30,119.51,,,119.46,-0.0418%,,Open,100.0
FRACTAL TRACK,AIA.NZ,Long,Monthly,2025-09-30,7.88,,,8.28,5.0761%,,Open,95.24
FRACTAL TRACK,INDY,Long,Quarterly,2025-09-30,50.9,,,49.12,-3.4971%,,Open,100.0
ALTITUDE ALPHA,SOXX,Long,Quarterly,2025-09-30,271.12,,,306.04,12.8799%,,Open,71.43
TRENDPULSE,ACWX,Long,Monthly,2025-09-30,65.01,2025-10-09,65.57,65.57,0.8614%,9.0,Closed,75.0
ALTITUDE ALPHA,EFN.TO,Long,Quarterly,2025-09-30,36.04,,,36.59,1.5261%,,Open,75.0
TRENDPULSE,SPY,Long,Monthly,2025-09-30,666.18,2025-10-09,671.16,671.16,0.7475%,9.0,Closed,100.0
TRENDPULSE,SFTBY,Long,Monthly,2025-09-30,63.3,2025-10-09,74.64,74.64,17.9147%,9.0,Closed,75.0
ALTITUDE ALPHA,ETH-USD,Long,Quarterly,2025-09-30,4145.9575,,,2935.4324,-29.1977%,,Open,75.0
FRACTAL TRACK,INDA,Long,Quarterly,2025-09-30,52.06,,,53.84,3.4191%,,Open,100.0
FRACTAL TRACK,ATD.TO,Long,Quarterly,2025-09-30,74.25,,,74.04,-0.2828%,,Open,100.0
TRENDPULSE,CNR.TO,Long,Daily,2025-09-30,131.24,2025-10-08,134.51,134.51,2.4916%,8.0,Closed,87.5
TRENDPULSE,FBU.NZ,Long,Monthly,2025-09-30,3.37,2025-10-09,3.35,3.35,-0.5935%,9.0,Closed,75.0
TRENDPULSE,KWEB,Long,Monthly,2025-09-30,42.01,2025-10-09,41.34,41.34,-1.5949%,9.0,Closed,100.0
FRACTAL TRACK,BPCL.NS,Long,Quarterly,2025-09-30,339.65,,,366.0,7.7580%,,Open,100.0
TRENDPULSE,WPM.TO,Long,Monthly,2025-09-30,155.74,2025-10-09,144.98,144.98,-6.9090%,9.0,Closed,70.0
ALTITUDE ALPHA,TSM,Long,Quarterly,2025-09-30,279.29,,,302.84,8.4321%,,Open,75.0
ALTITUDE ALPHA,^GSPC,Long,Quarterly,2025-09-30,6688.46,,,6929.9399,3.6104%,,Open,86.67
TRENDPULSE,EEM,Long,Monthly,2025-09-30,53.4,2025-10-09,53.93,53.93,0.9925%,9.0,Closed,80.0
TRENDPULSE,HOOD,Long,Daily,2025-09-30,143.18,2025-10-09,152.46,152.46,6.4814%,9.0,Closed,100.0
ALTITUDE ALPHA,IBKR,Long,Quarterly,2025-09-30,68.81,,,66.16,-3.8512%,,Open,100.0
ALTITUDE ALPHA,TCEHY,Long,Monthly,2025-09-30,85.15,,,78.08,-8.3030%,,Open,77.78
TRENDPULSE,GLD,Long,Daily,2025-09-29,352.46,2025-10-08,372.3,372.3,5.6290%,9.0,Closed,87.5
TRENDPULSE,TD.TO,Long,Weekly,2025-09-28,110.35,2025-10-09,112.02,112.02,1.5134%,11.0,Closed,93.33
TRENDPULSE,^DJI,Long,Weekly,2025-09-28,46247.2891,2025-10-09,46358.4219,46358.4219,0.2403%,11.0,Closed,100.0
TRENDPULSE,SONY,Long,Daily,2025-09-26,29.78,2025-10-09,29.84,29.84,0.2015%,13.0,Closed,81.82
TRENDPULSE,XLE,Long,Daily,2025-09-26,91.99,2025-10-09,87.76,87.76,-4.5983%,13.0,Closed,75.0
TRENDPULSE,USO,Long,Daily,2025-09-24,76.39,2025-10-09,72.51,72.51,-5.0792%,15.0,Closed,90.0
TRENDPULSE,SPY,Long,Daily,2025-09-22,666.84,2025-10-08,673.11,673.11,0.9403%,16.0,Closed,100.0
TRENDPULSE,RHHBY,Long,Daily,2025-09-22,42.66,2025-10-06,45.36,45.36,6.3291%,14.0,Closed,83.33
TRENDPULSE,EEM,Long,Weekly,2025-09-21,53.01,2025-10-09,53.93,53.93,1.7355%,18.0,Closed,86.67
TRENDPULSE,WPM,Long,Weekly,2025-09-21,107.65,2025-10-09,103.38,103.38,-3.9666%,18.0,Closed,78.57
TRENDPULSE,WPM.TO,Long,Weekly,2025-09-21,148.53,2025-10-09,144.98,144.98,-2.3901%,18.0,Closed,78.95
TRENDPULSE,ORCL,Long,Weekly,2025-09-21,308.66,2025-10-09,296.96,296.96,-3.7906%,18.0,Closed,93.75
TRENDPULSE,VGT,Long,Weekly,2025-09-21,741.17,2025-10-09,767.64,767.64,3.5714%,18.0,Closed,100.0
TRENDPULSE,JNK,Long,Weekly,2025-09-21,98.09,2025-10-09,96.94,96.94,-1.1724%,18.0,Closed,85.71
TRENDPULSE,TSM,Long,Weekly,2025-09-21,264.87,2025-10-09,299.88,299.88,13.2178%,18.0,Closed,90.0
TRENDPULSE,AIA.NZ,Long,Weekly,2025-09-21,7.85,2025-10-09,8.05,8.05,2.5478%,18.0,Closed,100.0
TRENDPULSE,GDX,Long,Weekly,2025-09-21,72.36,2025-10-09,75.61,75.61,4.4914%,18.0,Closed,93.33
TRENDPULSE,NVDA,Long,Weekly,2025-09-21,176.67,2025-10-09,192.57,192.57,8.9998%,18.0,Closed,81.82
TRENDPULSE,^NDX,Long,Weekly,2025-09-21,24626.25,2025-10-09,25098.1758,25098.1758,1.9164%,18.0,Closed,100.0
TRENDPULSE,BPCL.NS,Long,Weekly,2025-09-21,329.55,2025-10-09,344.0,344.0,4.3848%,18.0,Closed,85.71
TRENDPULSE,FPH.NZ,Long,Daily,2025-09-19,38.32,2025-10-09,37.58,37.58,-1.9311%,20.0,Closed,78.26
TRENDPULSE,^GSPC,Long,Daily,2025-09-19,6664.3599,2025-10-07,6714.5898,6714.5898,0.7537%,18.0,Closed,100.0
TRENDPULSE,BAC,Long,Daily,2025-09-19,52.25,2025-10-09,49.79,49.79,-4.7081%,20.0,Closed,76.92
TRENDPULSE,JPM,Long,Daily,2025-09-19,314.78,2025-10-09,305.53,305.53,-2.9386%,20.0,Closed,93.75
TRENDPULSE,IWM,Long,Daily,2025-09-18,244.84,2025-10-09,245.13,245.13,0.1184%,21.0,Closed,81.82
TRENDPULSE,XLF,Long,Daily,2025-09-18,54.13,2025-10-09,53.32,53.32,-1.4964%,21.0,Closed,84.62
TRENDPULSE,XLE,Long,Daily,2025-09-17,89.99,2025-10-09,87.76,87.76,-2.4781%,22.0,Closed,75.0
TRENDPULSE,INFY,Long,Daily,2025-09-17,17.68,2025-10-09,17.06,17.06,-3.5068%,22.0,Closed,100.0
TRENDPULSE,PG,Long,Daily,2025-09-17,160.33,2025-10-09,150.58,150.58,-6.0812%,22.0,Closed,75.0
TRENDPULSE,WIPRO.NS,Long,Daily,2025-09-17,254.15,2025-10-09,246.4,246.4,-3.0494%,22.0,Closed,92.31
TRENDPULSE,SUM.NZ,Long,Daily,2025-09-17,11.13,2025-10-09,11.5,11.5,3.3243%,22.0,Closed,100.0
TRENDPULSE,INDA,Long,Daily,2025-09-16,53.87,2025-10-09,52.81,52.81,-1.9677%,23.0,Closed,75.0
TRENDPULSE,^DJI,Long,Weekly,2025-09-14,45834.2188,2025-10-09,46358.4219,46358.4219,1.1437%,25.0,Closed,100.0
TRENDPULSE,DIA,Long,Weekly,2025-09-14,459.32,2025-10-09,463.5,463.5,0.9100%,25.0,Closed,100.0
TRENDPULSE,EWJ,Long,Weekly,2025-09-14,80.76,2025-10-09,81.55,81.55,0.9782%,25.0,Closed,73.33
TRENDPULSE,^NZ50,Long,Weekly,2025-09-14,13227.9004,2025-10-09,13568.4805,13568.4805,2.5747%,25.0,Closed,100.0
TRENDPULSE,BYD.TO,Long,Weekly,2025-09-14,236.56,2025-10-09,221.86,221.86,-6.2141%,25.0,Closed,93.33
TRENDPULSE,GOOG,Long,Weekly,2025-09-14,241.38,2025-10-09,242.21,242.21,0.3439%,25.0,Closed,100.0
TRENDPULSE,JD,Long,Weekly,2025-09-14,33.67,2025-10-09,33.97,33.97,0.8910%,25.0,Closed,80.0
TRENDPULSE,KWEB,Long,Weekly,2025-09-14,40.63,2025-10-09,41.34,41.34,1.7475%,25.0,Closed,100.0
TRENDPULSE,MCY.NZ,Long,Daily,2025-09-11,6.87,2025-10-09,6.6,6.6,-3.9301%,28.0,Closed,85.0
TRENDPULSE,AIA.NZ,Long,Daily,2025-09-11,7.72,2025-10-07,7.91,7.91,2.4611%,26.0,Closed,79.17
TRENDPULSE,ORCL,Long,Daily,2025-09-10,328.33,2025-10-09,296.96,296.96,-9.5544%,29.0,Closed,87.5
TRENDPULSE,MEL.NZ,Long,Daily,2025-09-08,5.87,2025-10-09,6.02,6.02,2.5554%,31.0,Closed,85.0
TRENDPULSE,FPH.NZ,Long,Daily,2025-09-08,38.18,2025-10-09,37.58,37.58,-1.5715%,31.0,Closed,78.26
TRENDPULSE,IHI,Long,Daily,2025-09-08,62.53,2025-10-09,60.05,60.05,-3.9661%,31.0,Closed,71.43
TRENDPULSE,GDX,Long,Weekly,2025-09-07,66.34,2025-10-05,77.08,77.08,16.1893%,28.0,Closed,93.33
TRENDPULSE,FPH.NZ,Long,Daily,2025-09-05,37.89,2025-10-09,37.58,37.58,-0.8182%,34.0,Closed,78.26
TRENDPULSE,RHHBY,Long,Daily,2025-09-04,42.74,2025-10-06,45.36,45.36,6.1301%,32.0,Closed,83.33
TRENDPULSE,MEL.NZ,Long,Daily,2025-09-03,5.9,2025-10-09,6.02,6.02,2.0339%,36.0,Closed,85.0
TRENDPULSE,PG,Long,Daily,2025-09-02,157.99,2025-10-09,150.58,150.58,-4.6902%,37.0,Closed,75.0
TRENDPULSE,XLE,Long,Daily,2025-09-02,90.52,2025-10-09,87.76,87.76,-3.0490%,37.0,Closed,75.0
TRENDPULSE,SBUX,Long,Daily,2025-09-02,89.78,2025-10-09,79.78,79.78,-11.1383%,37.0,Closed,80.0
TRENDPULSE,MEL.NZ,Long,Daily,2025-09-01,5.84,2025-10-09,6.02,6.02,3.0822%,38.0,Closed,85.0
TRENDPULSE,XIU.TO,Long,Monthly,2025-08-31,42.76,2025-10-09,45.08,45.08,5.4256%,39.0,Closed,100.0
TRENDPULSE,QQQ,Long,Monthly,2025-08-31,570.4,2025-10-09,610.7,610.7,7.0652%,39.0,Closed,100.0
TRENDPULSE,^NDX,Long,Monthly,2025-08-31,23415.4199,2025-10-09,25098.1758,25098.1758,7.1865%,39.0,Closed,100.0
TRENDPULSE,RY.TO,Long,Weekly,2025-08-31,199.58,2025-10-09,203.81,203.81,2.1195%,39.0,Closed,78.95
TRENDPULSE,RHHBY,Long,Weekly,2025-08-31,40.77,2025-10-09,45.53,45.53,11.6753%,39.0,Closed,83.33
TRENDPULSE,GS,Long,Monthly,2025-08-31,745.25,2025-10-09,779.96,779.96,4.6575%,39.0,Closed,100.0
TRENDPULSE,VGT,Long,Monthly,2025-08-31,697.02,2025-10-09,767.64,767.64,10.1317%,39.0,Closed,88.89
TRENDPULSE,^GSPC,Long,Monthly,2025-08-31,6460.2598,2025-10-09,6735.1099,6735.1099,4.2545%,39.0,Closed,88.89
TRENDPULSE,IEI,Long,Weekly,2025-08-31,119.69,2025-10-09,119.29,119.29,-0.3342%,39.0,Closed,85.71
TRENDPULSE,AMZN,Long,Monthly,2025-08-31,229.0,2025-10-09,227.74,227.74,-0.5502%,39.0,Closed,100.0
TRENDPULSE,BABA,Long,Weekly,2025-08-31,135.0,2025-10-05,188.03,188.03,39.2815%,35.0,Closed,87.5
TRENDPULSE,ABNB,Long,Daily,2025-08-29,130.53,2025-10-09,120.15,120.15,-7.9522%,41.0,Closed,84.62
TRENDPULSE,CNU.NZ,Long,Daily,2025-08-28,9.81,2025-10-09,9.26,9.26,-5.6065%,42.0,Closed,80.0
TRENDPULSE,FRW.NZ,Long,Weekly,2025-08-24,12.1,2025-10-09,13.48,13.48,11.4050%,46.0,Closed,100.0
TRENDPULSE,DIA,Long,Weekly,2025-08-24,456.64,2025-10-09,463.5,463.5,1.5023%,46.0,Closed,100.0
TRENDPULSE,MA,Long,Daily,2025-08-21,591.92,2025-10-09,564.55,564.55,-4.6239%,49.0,Closed,88.89
TRENDPULSE,FPH.NZ,Long,Daily,2025-08-21,38.45,2025-10-09,37.58,37.58,-2.2627%,49.0,Closed,78.26
TRENDPULSE,PPH,Long,Daily,2025-08-20,88.77,2025-10-06,93.72,93.72,5.5762%,47.0,Closed,90.0
TRENDPULSE,DOL.TO,Long,Daily,2025-08-19,196.9,2025-10-09,175.41,175.41,-10.9142%,51.0,Closed,100.0
TRENDPULSE,PFE,Long,Weekly,2025-08-17,25.14,2025-10-09,25.24,25.24,0.3978%,53.0,Closed,85.71
TRENDPULSE,VGT,Long,Weekly,2025-08-17,700.05,2025-10-05,755.67,755.67,7.9451%,49.0,Closed,100.0
TRENDPULSE,SFTBY,Long,Weekly,2025-08-17,55.7,2025-10-09,74.64,74.64,34.0036%,53.0,Closed,90.0
TRENDPULSE,AAPL,Long,Weekly,2025-08-17,231.59,2025-10-09,254.04,254.04,9.6939%,53.0,Closed,87.5
TRENDPULSE,GILD,Long,Daily,2025-08-11,120.47,2025-10-09,116.74,116.74,-3.0962%,59.0,Closed,86.67
TRENDPULSE,BTI,Long,Weekly,2025-08-10,57.24,2025-10-09,51.36,51.36,-10.2725%,60.0,Closed,87.5
TRENDPULSE,DOL.TO,Long,Daily,2025-08-06,194.0,2025-10-09,175.41,175.41,-9.5825%,64.0,Closed,100.0
TRENDPULSE,EFN.TO,Long,Weekly,2025-08-03,35.99,2025-10-09,36.31,36.31,0.8891%,67.0,Closed,90.0
TRENDPULSE,BDGI.TO,Long,Monthly,2025-07-31,52.29,2025-10-09,64.68,64.68,23.6948%,70.0,Closed,92.86
TRENDPULSE,AMD,Long,Monthly,2025-07-31,176.31,2025-10-09,232.89,232.89,32.0912%,70.0,Closed,81.82
TRENDPULSE,ORCL,Long,Monthly,2025-07-31,253.77,2025-10-09,296.96,296.96,17.0193%,70.0,Closed,85.71
TRENDPULSE,GILD,Long,Monthly,2025-07-31,112.29,2025-10-09,116.74,116.74,3.9630%,70.0,Closed,80.0
TRENDPULSE,TRI.TO,Long,Monthly,2025-07-31,278.08,2025-10-09,210.48,210.48,-24.3096%,70.0,Closed,75.0
TRENDPULSE,SLV,Long,Monthly,2025-07-31,33.32,2025-10-09,44.71,44.71,34.1837%,70.0,Closed,75.0
TRENDPULSE,SFTBY,Long,Monthly,2025-07-31,38.15,2025-10-09,74.64,74.64,95.6488%,70.0,Closed,75.0
TRENDPULSE,EEM,Long,Monthly,2025-07-31,48.56,2025-10-09,53.93,53.93,11.0585%,70.0,Closed,80.0
TRENDPULSE,EFN.TO,Long,Monthly,2025-07-31,36.04,2025-10-09,36.31,36.31,0.7492%,70.0,Closed,100.0
TRENDPULSE,DBC,Long,Daily,2025-07-29,22.69,2025-10-09,22.55,22.55,-0.6170%,72.0,Closed,81.82
TRENDPULSE,NVDA,Long,Weekly,2025-07-27,173.5,2025-10-09,192.57,192.57,10.9914%,74.0,Closed,81.82
TRENDPULSE,NVO,Long,Daily,2025-07-24,70.73,2025-10-09,58.68,58.68,-17.0366%,77.0,Closed,85.71
TRENDPULSE,NOVA.F,Long,Daily,2025-07-24,59.6,2025-10-09,50.6,50.6,-15.1007%,77.0,Closed,100.0
TRENDPULSE,PG,Long,Daily,2025-07-23,158.28,2025-10-09,150.58,150.58,-4.8648%,78.0,Closed,75.0
TRENDPULSE,GNE.NZ,Long,Weekly,2025-07-20,2.38,2025-10-09,2.47,2.47,3.7815%,81.0,Closed,81.82
TRENDPULSE,CAD=X,Long,Weekly,2025-07-20,1.3736,2025-10-09,1.3955,1.3955,1.5944%,81.0,Closed,72.41
TRENDPULSE,NVDA,Long,Weekly,2025-07-20,172.41,2025-10-09,192.57,192.57,11.6931%,81.0,Closed,81.82
TRENDPULSE,PFE,Long,Weekly,2025-07-13,25.65,2025-10-09,25.24,25.24,-1.5984%,88.0,Closed,85.71
FRACTAL TRACK,MCD,Long,Weekly,2025-07-13,299.91,2025-10-05,300.98,300.98,0.3568%,84.0,Closed,89.47
TRENDPULSE,BPCL.NS,Long,Weekly,2025-07-06,346.2,2025-10-09,344.0,344.0,-0.6355%,95.0,Closed,85.71
TRENDPULSE,WMT,Long,Weekly,2025-07-06,98.36,2025-10-05,102.07,102.07,3.7719%,91.0,Closed,84.62
PULSEGAUGE,AAPL,Long,Weekly,2025-07-06,213.55,2025-10-05,258.02,258.02,20.8242%,91.0,Closed,87.5
TRENDPULSE,MAR,Long,Weekly,2025-07-06,280.03,2025-10-09,266.14,266.14,-4.9602%,95.0,Closed,82.35
TRENDPULSE,UPS,Long,Weekly,2025-07-06,104.13,2025-10-09,85.28,85.28,-18.1024%,95.0,Closed,72.73
PULSEGAUGE,ASML,Long,Weekly,2025-07-06,794.5,2025-10-05,1032.22,1032.22,29.9207%,91.0,Closed,75.0
PULSEGAUGE,IBKR,Long,Weekly,2025-07-06,57.98,2025-10-05,70.36,70.36,21.3522%,91.0,Closed,71.43
PULSEGAUGE,NVDA,Long,Weekly,2025-07-06,159.34,2025-10-09,192.57,192.57,20.8548%,95.0,Closed,87.5
PULSEGAUGE,FRW.NZ,Long,Weekly,2025-07-06,11.31,2025-10-05,13.95,13.95,23.3422%,91.0,Closed,87.5
TRENDPULSE,EURUSD=X,Long,Weekly,2025-07-06,1.1771,2025-10-09,1.1632,1.1632,-1.1809%,95.0,Closed,76.92
TRENDPULSE,UPS,Long,Daily,2025-07-02,105.54,2025-10-09,85.28,85.28,-19.1965%,99.0,Closed,84.62
TRENDPULSE,FPH.NZ,Long,Daily,2025-07-02,37.5,2025-10-09,37.58,37.58,0.2133%,99.0,Closed,78.26
TRENDPULSE,HDFCBANK.NS,Long,Weekly,2025-06-29,1007.45,2025-10-09,977.1,977.1,-3.0126%,102.0,Closed,92.31
TRENDPULSE,CSCO,Long,Weekly,2025-06-29,68.65,2025-10-09,69.96,69.96,1.9082%,102.0,Closed,77.78
TRENDPULSE,RELIANCE.NS,Long,Daily,2025-06-27,1515.4,2025-10-09,1377.8,1377.8,-9.0801%,104.0,Closed,80.0
TRENDPULSE,MX.TO,Long,Weekly,2025-06-22,51.26,2025-10-05,53.82,53.82,4.9941%,105.0,Closed,80.0
TRENDPULSE,RHHBY,Long,Weekly,2025-06-15,41.32,2025-10-09,45.53,45.53,10.1888%,116.0,Closed,83.33
TRENDPULSE,NOVA.F,Long,Weekly,2025-06-15,68.5,2025-10-09,50.6,50.6,-26.1314%,116.0,Closed,90.0
TRENDPULSE,MEL.NZ,Long,Daily,2025-06-11,5.89,2025-10-09,6.02,6.02,2.2071%,120.0,Closed,85.0
TRENDPULSE,TCS.NS,Long,Daily,2025-06-10,3462.8999,2025-10-09,3061.7,3061.7,-11.5857%,121.0,Closed,89.47
TRENDPULSE,MA,Long,Weekly,2025-06-08,590.12,2025-10-09,564.55,564.55,-4.3330%,123.0,Closed,93.75
TRENDPULSE,NVO,Long,Weekly,2025-06-08,74.63,2025-10-09,58.68,58.68,-21.3721%,123.0,Closed,78.57
TRENDPULSE,HDFCBANK.NS,Long,Weekly,2025-06-08,989.35,2025-10-09,977.1,977.1,-1.2382%,123.0,Closed,92.31
TRENDPULSE,CEN.NZ,Long,Weekly,2025-06-01,9.16,2025-10-09,9.04,9.04,-1.3100%,130.0,Closed,100.0
TRENDPULSE,BTC-USD,Long,Monthly,2025-05-31,104638.0938,2025-10-09,121565.1875,121565.1875,16.1768%,131.0,Closed,100.0
TRENDPULSE,NFLX,Long,Monthly,2025-05-31,1207.23,2025-10-09,1231.0699,1231.0699,1.9748%,131.0,Closed,100.0
TRENDPULSE,HDB,Long,Monthly,2025-05-31,37.695,2025-10-09,34.77,34.77,-7.7596%,131.0,Closed,80.0
TRENDPULSE,GOOG,Long,Monthly,2025-05-31,172.85,2025-10-09,242.21,242.21,40.1273%,131.0,Closed,85.71
TRENDPULSE,PG,Long,Daily,2025-05-27,167.76,2025-10-09,150.58,150.58,-10.2408%,135.0,Closed,75.0
TRENDPULSE,BRK-B,Long,Weekly,2025-05-04,539.8,2025-10-09,496.74,496.74,-7.9770%,158.0,Closed,92.86
TRENDPULSE,HDB,Long,Monthly,2025-04-30,36.345,2025-10-09,34.77,34.77,-4.3335%,162.0,Closed,80.0
TRENDPULSE,SONY,Long,Monthly,2025-03-31,25.39,2025-10-09,29.84,29.84,17.5266%,192.0,Closed,72.73
TRENDPULSE,JPM,Long,Quarterly,2025-03-31,245.3,2025-10-09,305.53,305.53,24.5536%,192.0,Closed,100.0
TRENDPULSE,TCEHY,Long,Monthly,2025-03-31,63.84,2025-10-09,85.33,85.33,33.6623%,192.0,Closed,100.0
TRENDPULSE,SONY,Long,Quarterly,2025-03-31,25.39,2025-10-09,29.84,29.84,17.5266%,192.0,Closed,83.33
FRACTAL TRACK,HDB,Long,Monthly,2025-03-31,33.22,2025-10-09,34.77,34.77,4.6659%,192.0,Closed,85.71
TRENDPULSE,GILD,Long,Quarterly,2025-03-31,112.05,2025-10-09,116.74,116.74,4.1856%,192.0,Closed,100.0
TRENDPULSE,BRK-B,Long,Monthly,2025-03-31,532.58,2025-10-09,496.74,496.74,-6.7295%,192.0,Closed,71.43
FRACTAL TRACK,GBPSGD=X,Long,Monthly,2025-03-31,1.7372,2025-10-09,1.736,1.736,-0.0691%,192.0,Closed,100.0
TRENDPULSE,BRK-B,Long,Weekly,2025-03-30,526.31,2025-10-09,496.74,496.74,-5.6184%,193.0,Closed,92.86
TRENDPULSE,GBPSGD=X,Long,Weekly,2025-03-16,1.7306,2025-10-09,1.736,1.736,0.3120%,207.0,Closed,75.0
TRENDPULSE,PFE,Long,Weekly,2025-03-02,26.43,2025-10-09,25.24,25.24,-4.5025%,221.0,Closed,85.71
TRENDPULSE,FBU.NZ,Long,Monthly,2025-02-28,3.39,2025-10-09,3.35,3.35,-1.1799%,223.0,Closed,75.0
TRENDPULSE,MA,Long,Monthly,2025-02-28,576.31,2025-10-09,564.55,564.55,-2.0406%,223.0,Closed,100.0
TRENDPULSE,EBO.NZ,Long,Weekly,2025-02-09,41.55,2025-10-09,29.71,29.71,-28.4958%,242.0,Closed,78.57
TRENDPULSE,MAR,Long,Weekly,2025-02-09,303.97,2025-10-09,266.14,266.14,-12.4453%,242.0,Closed,82.35
TRENDPULSE,IHI,Long,Weekly,2025-02-02,63.81,2025-10-09,60.05,60.05,-5.8925%,249.0,Closed,100.0
TRENDPULSE,SBUX,Long,Weekly,2025-02-02,107.68,2025-10-09,79.78,79.78,-25.9101%,249.0,Closed,85.71
TRENDPULSE,BYD.TO,Long,Weekly,2025-02-02,238.35,2025-10-09,221.86,221.86,-6.9184%,249.0,Closed,93.33
TRENDPULSE,AIA.NZ,Long,Monthly,2025-01-31,8.64,2025-10-09,8.05,8.05,-6.8287%,251.0,Closed,100.0
TRENDPULSE,WIPRO.NS,Long,Monthly,2025-01-31,311.9,2025-10-09,246.4,246.4,-21.0003%,251.0,Closed,75.0
TRENDPULSE,UPS,Long,Weekly,2025-01-26,133.03,2025-10-09,85.28,85.28,-35.8942%,256.0,Closed,72.73
TRENDPULSE,USDCHF=X,Long,Weekly,2025-01-12,0.9121,2025-10-09,0.8015,0.8015,-12.1259%,270.0,Closed,79.31
TRENDPULSE,AMZN,Long,Monthly,2024-12-31,219.39,2025-10-09,227.74,227.74,3.8060%,282.0,Closed,100.0
TRENDPULSE,XLY,Long,Monthly,2024-12-31,224.35,2025-10-09,235.22,235.22,4.8451%,282.0,Closed,72.73
TRENDPULSE,CAD=X,Long,Weekly,2024-12-29,1.441,2025-10-09,1.3955,1.3955,-3.1575%,284.0,Closed,72.41
TRENDPULSE,PFE,Long,Weekly,2024-12-29,26.62,2025-10-09,25.24,25.24,-5.1841%,284.0,Closed,85.71
TRENDPULSE,^TNX,Long,Weekly,2024-12-29,4.619,2025-10-09,4.148,4.148,-10.1970%,284.0,Closed,82.35
TRENDPULSE,AAPL,Long,Weekly,2024-12-08,242.84,2025-10-09,254.04,254.04,4.6121%,305.0,Closed,87.5
TRENDPULSE,UPS,Long,Weekly,2024-11-24,134.82,2025-10-09,85.28,85.28,-36.7453%,319.0,Closed,72.73
TRENDPULSE,WIPRO.NS,Long,Monthly,2024-10-31,275.9,2025-10-09,246.4,246.4,-10.6923%,343.0,Closed,75.0
TRENDPULSE,CNU.NZ,Long,Monthly,2024-09-30,8.72,2025-10-09,9.26,9.26,6.1927%,374.0,Closed,100.0
TRENDPULSE,BNS.TO,Long,Monthly,2024-09-30,73.69,2025-10-09,89.2,89.2,21.0476%,374.0,Closed,100.0
TRENDPULSE,ORCL,Long,Monthly,2024-09-30,170.4,2025-10-09,296.96,296.96,74.2723%,374.0,Closed,85.71
TRENDPULSE,NIFTY_MIDCAP_100.NS,Long,Quarterly,2024-09-30,60153.8008,2025-10-09,58429.8516,58429.8516,-2.8659%,374.0,Closed,100.0
TRENDPULSE,AAPL,Long,Monthly,2024-09-30,233.0,2025-10-09,254.04,254.04,9.0300%,374.0,Closed,92.86
TRENDPULSE,ENZL,Long,Monthly,2024-09-30,49.42,2025-10-09,46.575,46.575,-5.7568%,374.0,Closed,80.0
TRENDPULSE,JD,Long,Weekly,2024-09-29,39.9,2025-10-09,33.97,33.97,-14.8622%,375.0,Closed,80.0
TRENDPULSE,IFT.NZ,Long,Weekly,2024-09-15,12.21,2025-10-09,12.39,12.39,1.4742%,389.0,Closed,93.75
TRENDPULSE,FPH.NZ,Long,Weekly,2024-09-08,37.4,2025-10-09,37.58,37.58,0.4813%,396.0,Closed,100.0
TRENDPULSE,WIPRO.NS,Long,Monthly,2024-08-31,269.2,2025-10-09,246.4,246.4,-8.4695%,404.0,Closed,75.0
TRENDPULSE,IEI,Long,Monthly,2024-08-31,118.72,2025-10-09,119.29,119.29,0.4801%,404.0,Closed,80.0
TRENDPULSE,TCS.NS,Long,Monthly,2024-08-31,4553.75,2025-10-09,3061.7,3061.7,-32.7653%,404.0,Closed,100.0
TRENDPULSE,INFY,Long,Monthly,2024-08-31,23.28,2025-10-09,17.06,17.06,-26.7182%,404.0,Closed,100.0
TRENDPULSE,PPH,Long,Weekly,2024-08-25,98.11,2025-10-09,93.45,93.45,-4.7498%,410.0,Closed,86.67
TRENDPULSE,AAPL,Long,Monthly,2024-07-31,222.08,2025-10-09,254.04,254.04,14.3912%,435.0,Closed,92.86
TRENDPULSE,MFT.NZ,Long,Weekly,2024-07-21,76.98,2025-10-09,62.5,62.5,-18.8101%,445.0,Closed,80.0
TRENDPULSE,UPS,Long,Weekly,2024-07-21,145.18,2025-10-09,85.28,85.28,-41.2591%,445.0,Closed,72.73
FRACTAL TRACK,FPH.NZ,Long,Quarterly,2024-06-30,30.08,2025-10-09,37.58,37.58,24.9335%,466.0,Closed,100.0
TRENDPULSE,SOXX,Long,Quarterly,2024-06-30,246.63,2025-10-09,290.19,290.19,17.6621%,466.0,Closed,100.0
TRENDPULSE,IFT.NZ,Long,Quarterly,2024-06-30,11.2,2025-10-09,12.39,12.39,10.6250%,466.0,Closed,100.0
TRENDPULSE,TSM,Long,Quarterly,2024-06-30,173.81,2025-10-09,299.88,299.88,72.5332%,466.0,Closed,100.0
TRENDPULSE,NIFTY_MIDCAP_100.NS,Long,Quarterly,2024-06-30,55736.8984,2025-10-09,58429.8516,58429.8516,4.8315%,466.0,Closed,100.0
TRENDPULSE,JPM,Long,Quarterly,2024-06-30,202.26,2025-10-09,305.53,305.53,51.0580%,466.0,Closed,100.0
TRENDPULSE,MEL.NZ,Long,Monthly,2024-05-31,6.76,2025-10-09,6.02,6.02,-10.9467%,496.0,Closed,75.0
TRENDPULSE,PPH,Long,Monthly,2024-03-31,90.7,2025-10-09,93.45,93.45,3.0320%,557.0,Closed,72.73
TRENDPULSE,NIFTY_MIDCAP_100.NS,Long,Quarterly,2024-03-31,48075.75,2025-10-09,58429.8516,58429.8516,21.5371%,557.0,Closed,100.0
TRENDPULSE,TFII.TO,Long,Monthly,2024-03-31,216.0,2025-10-09,127.3,127.3,-41.0648%,557.0,Closed,83.33
TRENDPULSE,NOVA.F,Long,Monthly,2024-03-31,118.5,2025-10-09,50.6,50.6,-57.2996%,557.0,Closed,83.33
TRENDPULSE,TSM,Long,Quarterly,2024-03-31,136.05,2025-10-09,299.88,299.88,120.4190%,557.0,Closed,100.0
TRENDPULSE,SFTBY,Long,Monthly,2024-03-31,29.71,2025-10-09,74.64,74.64,151.2285%,557.0,Closed,75.0
TRENDPULSE,NOVA.F,Long,Monthly,2024-02-29,110.5,2025-10-09,50.6,50.6,-54.2081%,588.0,Closed,83.33
TRENDPULSE,RELIANCE.NS,Long,Monthly,2024-02-29,1460.8,2025-10-09,1377.8,1377.8,-5.6818%,588.0,Closed,100.0
TRENDPULSE,AMD,Long,Monthly,2024-02-29,192.53,2025-10-09,232.89,232.89,20.9630%,588.0,Closed,81.82
TRENDPULSE,ATD.TO,Long,Weekly,2024-02-18,82.0,2025-10-09,72.67,72.67,-11.3780%,599.0,Closed,81.82
TRENDPULSE,CNR.TO,Long,Weekly,2024-02-11,173.01,2025-10-09,133.96,133.96,-22.5709%,606.0,Closed,91.67
TRENDPULSE,ASML,Long,Monthly,2024-01-31,869.82,2025-10-09,980.54,980.54,12.7291%,617.0,Closed,81.82
TRENDPULSE,AMD,Long,Monthly,2024-01-31,167.69,2025-10-09,232.89,232.89,38.8813%,617.0,Closed,81.82
TRENDPULSE,CNR.TO,Long,Monthly,2023-12-31,166.55,2025-10-09,133.96,133.96,-19.5677%,648.0,Closed,85.71
TRENDPULSE,BYD.TO,Long,Monthly,2023-12-31,278.49,2025-10-09,221.86,221.86,-20.3347%,648.0,Closed,100.0
TRENDPULSE,ATD.TO,Long,Monthly,2023-12-31,78.03,2025-10-09,72.67,72.67,-6.8692%,648.0,Closed,83.33
TRENDPULSE,^BVSP,Long,Monthly,2023-12-31,134185.0,2025-10-09,141708.1875,141708.1875,5.6066%,648.0,Closed,100.0
TRENDPULSE,UPS,Long,Weekly,2023-07-23,187.3,2025-10-09,85.28,85.28,-54.4688%,809.0,Closed,72.73
FRACTAL TRACK,SLV,Long,Quarterly,2023-03-31,22.12,2025-10-09,44.71,44.71,102.1248%,923.0,Closed,75.0
TRENDPULSE,GILD,Long,Quarterly,2022-12-31,85.85,2025-10-09,116.74,116.74,35.9814%,1013.0,Closed,100.0
TRENDPULSE,SONY,Long,Quarterly,2021-03-31,21.202,2025-10-09,29.84,29.84,40.7414%,1653.0,Closed,83.33
TRENDPULSE,AMZN,Long,Quarterly,2020-12-31,162.8465,2025-10-09,227.74,227.74,39.8495%,1743.0,Closed,100.0
TRENDPULSE,FPH.NZ,Long,Quarterly,2020-06-30,35.6,2025-10-09,37.58,37.58,5.5618%,1927.0,Closed,100.0
