Symbol,Target for which Price has achieved over 90 percent of gain %,Current Trading Date/Price[$],Entry Signal Date/Price[$],Number of Trades/Historic Win Rate [%],Next Two Target % from Latest Trading Price,"% Gain, Holding Period (days)",Backtested Returns(Win Trades) [%] (Best/Worst/Avg),Remaining Potential Exit Prices [$],Interval,Function,Latest Past 6 Months Performance[%]/No. of Analysed Trades/Avg Holding Period (days) (Across ALL Assets),Forward Testing Win Rate[%]/No. of Analysed Trades/Avg Holding Period (days) (Across ALL Assets),SignalType
GDX,79.0895 (Historic Rise or Fall to Pivot),2025-10-14 (Price: 78.45),2025-09-21 (Price: 72.36),15/93.33%,3.07%/15.97%,"8.42%, 17 days",27.5%/0.94%/11.74%,80.8551 (Avg % Gain of Historic Winning trades)/93.79 (Exit Rule)/90.9746 (F-Stack 2),Weekly,TRENDPULSE,79.27%/193/90 days (Across ALL Assets),82.46%/268/77 days (Across ALL Assets),target
SUM.NZ,11.6965 (Avg % Gain of Historic Winning trades),2025-10-15 (Price: 11.65),2025-09-17 (Price: 11.13),9/100.0%,2.78%/14.55%,"4.67%, 20 days",8.54%/0.69%/5.09%,11.9737 (Historic Rise or Fall to Pivot)/13.345 (Horizontal)/19.8479 (F-Stack 1)/26.5969 (F-Stack 2),Daily,TRENDPULSE,78.12%/329/31 days (Across ALL Assets),85.01%/647/27 days (Across ALL Assets),target
SFTBY,70.9 (Exit Rule),2025-10-14 (Price: 69.27),2025-08-17 (Price: 55.7),10/90.0%,No Next Target,"24.36%, 42 days",20.54%/0.54%/10.4%,No Next Target,Weekly,TRENDPULSE,79.27%/193/90 days (Across ALL Assets),82.46%/268/77 days (Across ALL Assets),target
SLV,47.5817 (F-Stack 1),2025-10-14 (Price: 46.8),2025-07-31 (Price: 33.32),12/75.0%,16.74%,"40.46%, 54 days",28.53%/2.87%/17.6%,54.635 (F-Stack 2),Monthly,TRENDPULSE,72.34%/94/220 days (Across ALL Assets),78.1%/105/179 days (Across ALL Assets),target
AMD,219.0648 (F-Stack 1),2025-10-14 (Price: 218.09),2025-07-31 (Price: 176.31),11/81.82%,15.25%/51.4%,"23.7%, 54 days",157.84%/42.09%/87.28%,337.6689 (Historic Rise or Fall to Pivot)/330.1934 (Avg % Gain of Historic Winning trades)/251.3512 (F-Stack 2),Monthly,TRENDPULSE,72.34%/94/220 days (Across ALL Assets),78.1%/105/179 days (Across ALL Assets),target
GNE.NZ,2.5019 (Historic Rise or Fall to Pivot),2025-10-15 (Price: 2.5),2025-07-20 (Price: 2.38),11/81.82%,1.6%/43.0%,"5.04%, 62 days",9.3%/0.78%/4.56%,2.54 (Exit Rule)/3.575 (Horizontal),Weekly,TRENDPULSE,79.27%/193/90 days (Across ALL Assets),82.46%/268/77 days (Across ALL Assets),target
IBKR,70.8805 (Avg % Gain of Historic Winning trades),2025-10-15 (Price: 69.36),2025-07-06 (Price: 57.98),7/71.43%,47.49%,"19.63%, 72 days",24.77%/20.14%/22.25%,102.297 (F-Stack 2),Weekly,PULSEGAUGE,68.75%/16/139 days (Across ALL Assets),70.63%/126/138 days (Across ALL Assets),target
GLD,373.7894 (Avg % Gain of Historic Winning trades),2025-10-15 (Price: 380.79),2025-07-06 (Price: 307.14),8/75.0%,11.48%/11.48%,"23.98%, 72 days",23.71%/20.15%/21.7%,424.4974 (Exit Rule)/424.4974 (F-Stack 1)/624.146 (F-Stack 2),Weekly,PULSEGAUGE,68.75%/16/139 days (Across ALL Assets),70.63%/126/138 days (Across ALL Assets),target
SOXX,285.4342 (F-Stack 2),2025-10-14 (Price: 279.03),2025-06-22 (Price: 225.11),12/100.0%,No Next Target,"23.95%, 82 days",10.42%/3.62%/6.22%,No Next Target,Weekly,TRENDPULSE,79.27%/193/90 days (Across ALL Assets),82.46%/268/77 days (Across ALL Assets),target
ARM,164.08 (Horizontal),2025-10-15 (Price: 168.16),2025-05-25 (Price: 127.18),14/85.71%,3.97%/29.69%,"32.22%, 102 days",30.87%/3.18%/21.53%,174.8343 (Historic Rise or Fall to Pivot)/218.0854 (Exit Rule)/218.0854 (F-Stack 1)/235.5107 (F-Stack 2),Weekly,BASELINEDIVERGENCE,75.86%/29/94 days (Across ALL Assets),85.71%/56/77 days (Across ALL Assets),target
GS,794.5775 (F-Stack 1),2025-10-14 (Price: 770.76),2025-05-02 (Price: 566.1),9/88.89%,11.35%,"36.15%, 117 days",8.8%/0.89%/4.44%,858.2074 (F-Stack 2),Daily,TRENDPULSE,78.12%/329/31 days (Across ALL Assets),85.01%/647/27 days (Across ALL Assets),target
WPM.TO,152.6243 (Historic Rise or Fall to Pivot),2025-10-14 (Price: 152.16),2025-04-30 (Price: 115.11),10/70.0%,No Next Target,"32.19%, 120 days",50.73%/14.74%/29.84%,No Next Target,Monthly,TRENDPULSE,72.34%/94/220 days (Across ALL Assets),78.1%/105/179 days (Across ALL Assets),target
GOOG,244.607 (F-Stack 2),2025-10-15 (Price: 246.19),2025-04-20 (Price: 153.36),4/75.0%,No Next Target,"60.53%, 127 days",10.34%/7.02%/8.66%,No Next Target,Weekly,DELTADRIFT,97.3%/37/36 days (Across ALL Assets),90.24%/123/61 days (Across ALL Assets),target
XIU.TO,44.7619 (Exit Rule)/44.7619 (F-Stack 1),2025-10-14 (Price: 45.13),2025-04-03 (Price: 37.01),8/87.5%,19.35%,"21.94%, 138 days",13.34%/1.05%/6.42%,53.8646 (F-Stack 2),Daily,SIGMASHELL,81.94%/144/78 days (Across ALL Assets),76.23%/324/84 days (Across ALL Assets),target
ARM,164.08 (Horizontal),2025-10-14 (Price: 168.16),2025-04-01 (Price: 106.98),8/100.0%,29.69%/29.69%,"57.19%, 140 days",192.88%/7.72%/51.82%,218.0854 (Exit Rule)/218.0854 (F-Stack 1)/235.5107 (F-Stack 2),Daily,SIGMASHELL,81.94%/144/78 days (Across ALL Assets),76.23%/324/84 days (Across ALL Assets),target
GS,794.5775 (Exit Rule)/794.5775 (F-Stack 1),2025-10-14 (Price: 770.76),2025-04-01 (Price: 548.45),10/80.0%,11.35%,"40.53%, 140 days",112.92%/4.77%/22.6%,858.2074 (F-Stack 2),Daily,SIGMASHELL,81.94%/144/78 days (Across ALL Assets),76.23%/324/84 days (Across ALL Assets),target
SOXX,282.7583 (F-Stack 2),2025-10-14 (Price: 279.03),2025-04-01 (Price: 188.27),9/77.78%,No Next Target,"48.21%, 140 days",35.87%/2.72%/15.79%,No Next Target,Daily,SIGMASHELL,81.94%/144/78 days (Across ALL Assets),76.23%/324/84 days (Across ALL Assets),target
JPM,309.9611 (Historic Rise or Fall to Pivot)/308.293 (Avg % Gain of Historic Winning trades),2025-10-14 (Price: 302.08),2025-03-31 (Price: 245.3),4/100.0%,8.08%,"23.15%, 142 days",50.77%/9.1%/25.68%,326.5 (Exit Rule),Quarterly,TRENDPULSE,90.0%/20/554 days (Across ALL Assets),100.0%/1/136 days (Across ALL Assets),target
MSFT,517.4523 (F-Stack 1),2025-10-15 (Price: 513.57),2025-03-16 (Price: 388.56),4/100.0%,6.67%/7.75%,"32.17%, 152 days",58.94%/17.96%/40.99%,547.8307 (Avg % Gain of Historic Winning trades)/553.3726 (F-Stack 2),Weekly,BAND MATRIX,100.0%/10/531 days (Across ALL Assets),81.32%/91/288 days (Across ALL Assets),target
GOOG,244.607 (F-Stack 2),2025-10-14 (Price: 246.19),2025-03-14 (Price: 167.62),11/90.91%,No Next Target,"46.87%, 152 days",23.63%/0.45%/8.0%,No Next Target,Daily,SIGMASHELL,81.94%/144/78 days (Across ALL Assets),76.23%/324/84 days (Across ALL Assets),target
MSFT,517.4523 (Exit Rule)/517.4523 (F-Stack 1),2025-10-14 (Price: 513.57),2025-03-13 (Price: 378.77),15/93.33%,7.75%,"35.59%, 153 days",30.52%/2.95%/14.73%,553.3726 (F-Stack 2),Daily,SIGMASHELL,81.94%/144/78 days (Across ALL Assets),76.23%/324/84 days (Across ALL Assets),target
GS,794.5775 (F-Stack 1),2025-10-14 (Price: 770.76),2025-03-13 (Price: 524.81),8/87.5%,11.35%,"46.86%, 153 days",5.86%/2.47%/4.37%,858.2074 (F-Stack 2),Daily,DELTADRIFT,75.78%/161/10 days (Across ALL Assets),80.16%/499/11 days (Across ALL Assets),target
USCI,77.0513 (Avg % Gain of Historic Winning trades),2025-10-14 (Price: 76.74),2025-01-31 (Price: 69.03),6/83.33%,7.84%/18.06%,"11.17%, 183 days",21.23%/4.09%/11.62%,90.6 (Exit Rule)/82.7534 (F-Stack 2),Monthly,TRENDPULSE,72.34%/94/220 days (Across ALL Assets),78.1%/105/179 days (Across ALL Assets),target
NIFTY_MIDCAP_100.NS,60272.5678 (Historic Rise or Fall to Pivot),2025-10-15 (Price: 58872.6484),2024-03-31 (Price: 48075.75),7/100.0%,3.71%/14.95%,"22.46%, 402 days",71.71%/4.14%/27.0%,61056.2025 (Avg % Gain of Historic Winning trades)/67673.34 (Exit Rule)/69983.5191 (F-Stack 2),Quarterly,TRENDPULSE,90.0%/20/554 days (Across ALL Assets),100.0%/1/136 days (Across ALL Assets),target
XIU.TO,44.7619 (F-Stack 2),2025-10-14 (Price: 45.13),2024-02-29 (Price: 32.54),7/100.0%,No Next Target,"38.69%, 424 days",13.41%/2.94%/9.9%,No Next Target,Monthly,TRENDPULSE,72.34%/94/220 days (Across ALL Assets),78.1%/105/179 days (Across ALL Assets),target
XIU.TO,44.7619 (F-Stack 2),2025-10-14 (Price: 45.13),2023-10-05 (Price: 29.12),13/84.62%,No Next Target,"54.98%, 528 days",3.63%/1.18%/2.01%,No Next Target,Daily,DELTADRIFT,75.78%/161/10 days (Across ALL Assets),80.16%/499/11 days (Across ALL Assets),target
XIU.TO,44.7619 (F-Stack 2),2025-10-15 (Price: 45.13),2023-06-11 (Price: 30.19),8/75.0%,No Next Target,"49.49%, 612 days",22.27%/20.44%/21.16%,No Next Target,Weekly,PULSEGAUGE,68.75%/16/139 days (Across ALL Assets),70.63%/126/138 days (Across ALL Assets),target
SLV,47.5817 (F-Stack 1)/52.1458 (F-Stack 2),2025-10-15 (Price: 46.8),2023-03-31 (Price: 22.12),4/75.0%,No Next Target,"111.57%, 663 days",48.48%/48.48%/48.48%,No Next Target,Quarterly,FRACTAL TRACK,90.0%/10/1207 days (Across ALL Assets),52.17%/23/344 days (Across ALL Assets),target
GILD,115.7 (Avg % Gain of Historic Winning trades)/123.4541 (F-Stack 1),2025-10-14 (Price: 118.48),2022-12-31 (Price: 85.85),5/100.0%,18.53%,"38.01%, 727 days",74.14%/4.33%/34.77%,140.4376 (F-Stack 2),Quarterly,TRENDPULSE,90.0%/20/554 days (Across ALL Assets),100.0%/1/136 days (Across ALL Assets),target
AMZN,213.1321 (F-Stack 2),2025-10-14 (Price: 216.39),2022-11-08 (Price: 89.98),11/72.73%,No Next Target,"140.49%, 765 days",10.78%/3.39%/5.99%,No Next Target,Daily,DELTADRIFT,75.78%/161/10 days (Across ALL Assets),80.16%/499/11 days (Across ALL Assets),target
XIU.TO,44.7619 (F-Stack 2),2025-10-14 (Price: 45.13),2022-04-25 (Price: 32.19),5/80.0%,No Next Target,"40.2%, 906 days",19.56%/9.39%/14.2%,No Next Target,Daily,BAND MATRIX,72.6%/73/119 days (Across ALL Assets),76.11%/247/112 days (Across ALL Assets),target
AMZN,223.9628 (Historic Rise or Fall to Pivot)/213.1321 (F-Stack 2),2025-10-14 (Price: 216.39),2020-12-31 (Price: 162.8465),4/100.0%,14.88%/20.76%,"32.88%, 1249 days",98.54%/43.24%/60.47%,261.3198 (Avg % Gain of Historic Winning trades)/248.59 (Exit Rule),Quarterly,TRENDPULSE,90.0%/20/554 days (Across ALL Assets),100.0%/1/136 days (Across ALL Assets),target
^BVSP,142660.6127 (Historic Rise or Fall to Pivot),2025-10-15 (Price: 142603.6562),2025-10-14 (Price: 141683.0),22/95.45%,4.44%/6.1%,"0.65%, 1 days",10.39%/1.2%/5.12%,148937.1696 (Avg % Gain of Historic Winning trades)/151299.8 (Exit Rule)/173653.968 (F-Stack 1)/192289.6 (F-Stack 2),Daily,FRACTAL TRACK,88.67%/203/184 days (Across ALL Assets),74.39%/82/142 days (Across ALL Assets),target
CNR.TO,136.3584 (Historic Rise or Fall to Pivot),2025-10-15 (Price: 136.43),2025-09-30 (Price: 131.24),16/87.5%,1.86%/25.4%,"3.95%, 11 days",11.3%/0.17%/3.04%,138.97 (Exit Rule)/171.0825 (Horizontal)/218.156 (F-Stack 1)/349.4971 (F-Stack 2),Daily,TRENDPULSE,78.12%/329/31 days (Across ALL Assets),85.01%/647/27 days (Across ALL Assets),target
TSM,307.4081 (Historic Rise or Fall to Pivot)/304.2562 (Avg % Gain of Historic Winning trades)/303.32 (Exit Rule),2025-10-15 (Price: 304.71),2025-09-21 (Price: 264.87),10/90.0%,9.71%,"15.04%, 17 days",40.88%/5.34%/14.87%,334.306 (F-Stack 2),Weekly,TRENDPULSE,79.27%/193/90 days (Across ALL Assets),82.46%/268/77 days (Across ALL Assets),target
GDX,80.8551 (Avg % Gain of Historic Winning trades),2025-10-15 (Price: 81.47),2025-09-21 (Price: 72.36),15/93.33%,11.67%/15.12%,"12.59%, 17 days",27.5%/0.94%/11.74%,93.79 (Exit Rule)/90.9746 (F-Stack 2),Weekly,TRENDPULSE,79.27%/193/90 days (Across ALL Assets),82.46%/268/77 days (Across ALL Assets),target
SOXX,285.4342 (F-Stack 2),2025-10-15 (Price: 287.64),2025-07-06 (Price: 243.34),8/75.0%,3.39%,"18.2%, 72 days",23.76%/20.32%/22.21%,297.3858 (Avg % Gain of Historic Winning trades),Weekly,PULSEGAUGE,68.75%/16/139 days (Across ALL Assets),70.63%/126/138 days (Across ALL Assets),target
WMT,108.7906 (F-Stack 1),2025-10-15 (Price: 109.03),2025-07-06 (Price: 98.36),13/84.62%,26.4%,"10.85%, 72 days",10.45%/2.77%/5.85%,137.8139 (F-Stack 2),Weekly,TRENDPULSE,79.27%/193/90 days (Across ALL Assets),82.46%/268/77 days (Across ALL Assets),target
AMD,251.3512 (F-Stack 2),2025-10-15 (Price: 238.6),2025-06-25 (Price: 143.4),11/81.82%,No Next Target,"66.39%, 80 days",19.83%/2.08%/8.86%,No Next Target,Daily,TRENDPULSE,78.12%/329/31 days (Across ALL Assets),85.01%/647/27 days (Across ALL Assets),target
ARM,174.8343 (Historic Rise or Fall to Pivot),2025-10-15 (Price: 170.67),2025-05-25 (Price: 127.18),14/85.71%,27.78%/27.78%,"34.2%, 102 days",30.87%/3.18%/21.53%,218.0854 (Exit Rule)/218.0854 (F-Stack 1)/235.5107 (F-Stack 2),Weekly,BASELINEDIVERGENCE,75.86%/29/94 days (Across ALL Assets),85.71%/56/77 days (Across ALL Assets),target
SOXX,285.4342 (F-Stack 2),2025-10-15 (Price: 287.64),2025-05-05 (Price: 188.57),18/83.33%,No Next Target,"52.54%, 117 days",8.34%/0.76%/3.42%,No Next Target,Daily,TRENDPULSE,78.12%/329/31 days (Across ALL Assets),85.01%/647/27 days (Across ALL Assets),target
BNS.TO,92.969 (F-Stack 1),2025-10-15 (Price: 90.59),2025-04-29 (Price: 68.53),12/83.33%,11.22%,"32.19%, 121 days",3.58%/0.38%/2.17%,100.7509 (F-Stack 2),Daily,TRENDPULSE,78.12%/329/31 days (Across ALL Assets),85.01%/647/27 days (Across ALL Assets),target
AMD,219.0648 (F-Stack 1)/273.8526 (F-Stack 2),2025-10-15 (Price: 238.6),2025-04-13 (Price: 93.4),4/75.0%,No Next Target,"155.46%, 132 days",23.04%/16.47%/20.25%,No Next Target,Weekly,DELTADRIFT,97.3%/37/36 days (Across ALL Assets),90.24%/123/61 days (Across ALL Assets),target
GOOG,244.607 (F-Stack 2),2025-10-15 (Price: 251.71),2025-03-24 (Price: 169.93),9/100.0%,No Next Target,"48.13%, 147 days",8.82%/3.05%/4.98%,No Next Target,Daily,TRENDPULSE,78.12%/329/31 days (Across ALL Assets),85.01%/647/27 days (Across ALL Assets),target
SOXX,301.3628 (F-Stack 2),2025-10-15 (Price: 287.64),2025-03-16 (Price: 201.12),5/100.0%,18.37%,"43.02%, 152 days",184.44%/3.33%/69.29%,340.476 (Avg % Gain of Historic Winning trades),Weekly,BAND MATRIX,100.0%/10/531 days (Across ALL Assets),81.32%/91/288 days (Across ALL Assets),target
GS,794.5775 (Exit Rule)/794.5775 (F-Stack 1),2025-10-15 (Price: 767.93),2025-03-07 (Price: 559.67),10/80.0%,11.76%,"37.21%, 158 days",112.92%/4.77%/22.6%,858.2074 (F-Stack 2),Daily,SIGMASHELL,81.94%/144/78 days (Across ALL Assets),76.23%/324/84 days (Across ALL Assets),target
SOXX,301.3628 (F-Stack 2),2025-10-15 (Price: 287.64),2025-03-07 (Price: 203.85),11/81.82%,No Next Target,"41.1%, 158 days",5.56%/2.14%/4.0%,No Next Target,Daily,DELTADRIFT,75.78%/161/10 days (Across ALL Assets),80.16%/499/11 days (Across ALL Assets),target
SOXX,301.3628 (F-Stack 2),2025-10-15 (Price: 287.64),2025-03-03 (Price: 201.15),9/77.78%,No Next Target,"43.0%, 162 days",35.87%/2.72%/15.79%,No Next Target,Daily,SIGMASHELL,81.94%/144/78 days (Across ALL Assets),76.23%/324/84 days (Across ALL Assets),target
GS,794.5775 (F-Stack 1),2025-10-15 (Price: 767.93),2024-12-19 (Price: 553.99),10/80.0%,11.76%,"38.62%, 214 days",88.68%/0.34%/20.37%,858.2074 (F-Stack 2),Daily,BAND MATRIX,72.6%/73/119 days (Across ALL Assets),76.11%/247/112 days (Across ALL Assets),target
MSFT,517.4523 (F-Stack 1),2025-10-15 (Price: 513.43),2024-12-15 (Price: 447.27),10/100.0%,7.78%,"14.79%, 217 days",14.04%/2.9%/6.57%,553.3726 (F-Stack 2),Weekly,TRENDPULSE,79.27%/193/90 days (Across ALL Assets),82.46%/268/77 days (Across ALL Assets),target
TSLA,408.5817 (Horizontal)/413.6779 (F-Stack 1)/478.6828 (F-Stack 2),2025-10-15 (Price: 435.15),2024-08-25 (Price: 220.32),17/94.12%,No Next Target,"97.51%, 297 days",91.2%/4.56%/33.38%,No Next Target,Weekly,TRENDPULSE,79.27%/193/90 days (Across ALL Assets),82.46%/268/77 days (Across ALL Assets),target
JPM,301.65 (Exit Rule),2025-10-15 (Price: 305.69),2024-06-30 (Price: 202.26),4/100.0%,No Next Target,"51.14%, 337 days",50.77%/9.1%/25.68%,No Next Target,Quarterly,TRENDPULSE,90.0%/20/554 days (Across ALL Assets),100.0%/1/136 days (Across ALL Assets),target
TSLA,408.5817 (Horizontal)/417.4684 (F-Stack 1),2025-10-15 (Price: 435.15),2024-03-24 (Price: 170.83),4/100.0%,27.11%,"154.73%, 407 days",45.34%/14.57%/26.48%,553.1211 (F-Stack 2),Weekly,DELTADRIFT,97.3%/37/36 days (Across ALL Assets),90.24%/123/61 days (Across ALL Assets),target
XIU.TO,44.7619 (F-Stack 2),2025-10-15 (Price: 45.49),2023-12-24 (Price: 31.83),10/90.0%,No Next Target,"42.92%, 472 days",5.21%/1.1%/2.92%,No Next Target,Weekly,TRENDPULSE,79.27%/193/90 days (Across ALL Assets),82.46%/268/77 days (Across ALL Assets),target
XIU.TO,44.7619 (F-Stack 2),2025-10-15 (Price: 45.49),2023-10-02 (Price: 29.17),8/87.5%,No Next Target,"55.95%, 532 days",13.34%/1.05%/6.42%,No Next Target,Daily,SIGMASHELL,81.94%/144/78 days (Across ALL Assets),76.23%/324/84 days (Across ALL Assets),target
XIU.TO,44.7619 (F-Stack 2),2025-10-15 (Price: 45.49),2023-06-01 (Price: 29.81),13/84.62%,No Next Target,"52.6%, 619 days",3.63%/1.18%/2.01%,No Next Target,Daily,DELTADRIFT,75.78%/161/10 days (Across ALL Assets),80.16%/499/11 days (Across ALL Assets),target
BNS.TO,92.969 (F-Stack 1),2025-10-15 (Price: 90.59),2022-10-30 (Price: 66.18),9/100.0%,11.22%,"36.88%, 772 days",10.9%/3.94%/5.92%,100.7509 (F-Stack 2),Weekly,DELTADRIFT,97.3%/37/36 days (Across ALL Assets),90.24%/123/61 days (Across ALL Assets),target
AMZN,213.1321 (F-Stack 2),2025-10-15 (Price: 215.57),2020-12-31 (Price: 162.8465),4/100.0%,3.89%/15.32%,"32.38%, 1249 days",98.54%/43.24%/60.47%,223.9628 (Historic Rise or Fall to Pivot)/261.3198 (Avg % Gain of Historic Winning trades)/248.59 (Exit Rule),Quarterly,TRENDPULSE,90.0%/20/554 days (Across ALL Assets),100.0%/1/136 days (Across ALL Assets),target
FRW.NZ,13.3016 (Historic Rise or Fall to Pivot),2025-10-16 (Price: 13.28),2025-10-15 (Price: 13.06),24/87.5%,5.67%/18.37%,"1.68%, 1 days",26.84%/0.53%/7.45%,14.033 (Avg % Gain of Historic Winning trades)/15.72 (Exit Rule)/16.2179 (F-Stack 1)/21.849 (F-Stack 2),Daily,FRACTAL TRACK,88.67%/203/184 days (Across ALL Assets),74.39%/82/142 days (Across ALL Assets),target
EURUSD=X,1.1639 (Historic Rise or Fall to Pivot),2025-10-16 (Price: 1.1646),2025-10-10 (Price: 1.1566),9/77.78%,1.32%/2.71%,"0.69%, 4 days",4.81%/1.72%/3.42%,1.1962 (Avg % Gain of Historic Winning trades)/1.18 (Exit Rule)/1.2286 (Horizontal)/1.6296 (F-Stack 1)/1.7649 (F-Stack 2),Daily,BAND MATRIX,72.6%/73/119 days (Across ALL Assets),76.11%/247/112 days (Across ALL Assets),target
WIPRO.NS,253.7232 (Avg % Gain of Historic Winning trades),2025-10-16 (Price: 253.81),2025-10-08 (Price: 244.27),13/92.31%,3.99%/9.85%,"3.91%, 6 days",12.97%/1.23%/3.87%,263.9337 (Historic Rise or Fall to Pivot)/278.82 (Exit Rule)/366.6625 (Horizontal)/412.2037 (F-Stack 1)/473.5829 (F-Stack 2),Daily,TRENDPULSE,78.12%/329/31 days (Across ALL Assets),85.01%/647/27 days (Across ALL Assets),target
GLD,396.71 (Exit Rule),2025-10-16 (Price: 396.45),2025-10-06 (Price: 364.38),8/87.5%,7.07%/57.43%,"8.8%, 8 days",5.11%/2.08%/3.29%,424.4974 (F-Stack 1)/624.146 (F-Stack 2),Daily,TRENDPULSE,78.12%/329/31 days (Across ALL Assets),85.01%/647/27 days (Across ALL Assets),target
EEM,54.2027 (Historic Rise or Fall to Pivot),2025-10-16 (Price: 54.19),2025-09-21 (Price: 53.01),15/86.67%,2.38%/7.77%,"2.23%, 18 days",11.23%/1.19%/4.66%,55.4803 (Avg % Gain of Historic Winning trades)/58.4 (Exit Rule),Weekly,TRENDPULSE,79.27%/193/90 days (Across ALL Assets),82.46%/268/77 days (Across ALL Assets),target
GDX,83.55 (Exit Rule),2025-10-16 (Price: 84.44),2025-09-07 (Price: 66.34),15/93.33%,4.87%,"27.28%, 28 days",27.5%/0.94%/11.74%,88.5521 (F-Stack 2),Weekly,TRENDPULSE,79.27%/193/90 days (Across ALL Assets),82.46%/268/77 days (Across ALL Assets),target
INDY,52.8289 (Historic Rise or Fall to Pivot),2025-10-16 (Price: 52.76),2025-09-03 (Price: 51.44),12/75.0%,3.25%/3.29%,"2.57%, 31 days",7.21%/5.03%/5.9%,54.475 (Avg % Gain of Historic Winning trades)/60.18 (Exit Rule)/54.495 (Horizontal)/60.9145 (F-Stack 1)/68.1277 (F-Stack 2),Daily,OSCILLATOR DELTA,72.62%/84/37 days (Across ALL Assets),66.23%/302/45 days (Across ALL Assets),target
INDY,52.76 (Exit Rule),2025-10-16 (Price: 52.76),2025-08-01 (Price: 51.77),10/70.0%,0.34%/3.05%,"1.91%, 54 days",3.48%/1.45%/2.26%,52.94 (Avg % Gain of Historic Winning trades)/54.37 (Horizontal)/60.9145 (F-Stack 1)/68.1277 (F-Stack 2),Daily,DELTADRIFT,75.78%/161/10 days (Across ALL Assets),80.16%/499/11 days (Across ALL Assets),target
AMD,219.0648 (F-Stack 1)/251.3512 (F-Stack 2),2025-10-16 (Price: 234.56),2025-05-05 (Price: 100.59),11/81.82%,No Next Target,"133.18%, 118 days",19.83%/2.08%/8.86%,No Next Target,Daily,TRENDPULSE,78.12%/329/31 days (Across ALL Assets),85.01%/647/27 days (Across ALL Assets),target
WPM,117.0867 (Historic Rise or Fall to Pivot),2025-10-16 (Price: 113.5),2025-04-30 (Price: 83.52),10/80.0%,5.85%,"35.9%, 121 days",108.0%/15.08%/43.85%,120.1435 (Avg % Gain of Historic Winning trades),Monthly,TRENDPULSE,72.34%/94/220 days (Across ALL Assets),78.1%/105/179 days (Across ALL Assets),target
BNS.TO,92.969 (F-Stack 1),2025-10-16 (Price: 89.91),2025-04-25 (Price: 67.65),12/83.33%,12.06%,"32.9%, 124 days",3.58%/0.38%/2.17%,100.7509 (F-Stack 2),Daily,TRENDPULSE,78.12%/329/31 days (Across ALL Assets),85.01%/647/27 days (Across ALL Assets),target
GOOG,244.607 (F-Stack 2),2025-10-16 (Price: 251.88),2025-04-06 (Price: 147.74),4/100.0%,13.57%,"70.49%, 138 days",157.76%/17.09%/93.63%,286.069 (Avg % Gain of Historic Winning trades),Weekly,BAND MATRIX,100.0%/10/531 days (Across ALL Assets),81.32%/91/288 days (Across ALL Assets),target
GOOG,244.607 (F-Stack 2),2025-10-16 (Price: 251.88),2025-03-21 (Price: 166.25),9/100.0%,No Next Target,"51.51%, 149 days",8.82%/3.05%/4.98%,No Next Target,Daily,TRENDPULSE,78.12%/329/31 days (Across ALL Assets),85.01%/647/27 days (Across ALL Assets),target
ARM,170.7375 (Avg % Gain of Historic Winning trades),2025-10-16 (Price: 171.19),2025-01-12 (Price: 140.49),14/85.71%,12.82%/27.39%,"21.85%, 198 days",30.87%/3.18%/21.53%,193.1316 (Historic Rise or Fall to Pivot)/218.0854 (Exit Rule)/218.0854 (F-Stack 1)/235.5107 (F-Stack 2),Weekly,BASELINEDIVERGENCE,75.86%/29/94 days (Across ALL Assets),85.71%/56/77 days (Across ALL Assets),target
AMD,219.0648 (F-Stack 1),2025-10-16 (Price: 234.56),2025-01-05 (Price: 125.37),4/75.0%,16.75%,"87.09%, 203 days",23.04%/16.47%/20.25%,273.8526 (F-Stack 2),Weekly,DELTADRIFT,97.3%/37/36 days (Across ALL Assets),90.24%/123/61 days (Across ALL Assets),target
TSLA,413.6779 (F-Stack 1),2025-10-16 (Price: 428.75),2024-07-14 (Price: 248.23),17/94.12%,11.65%,"72.72%, 328 days",91.2%/4.56%/33.38%,478.6828 (F-Stack 2),Weekly,TRENDPULSE,79.27%/193/90 days (Across ALL Assets),82.46%/268/77 days (Across ALL Assets),target
ASML,1034.6774 (F-Stack 1),2025-10-16 (Price: 1019.59),2024-01-31 (Price: 869.82),11/81.82%,6.03%/7.02%,"17.22%, 446 days",87.33%/9.04%/30.99%,1081.0993 (Historic Rise or Fall to Pivot)/1139.3772 (Avg % Gain of Historic Winning trades)/1286.69 (Exit Rule)/1091.1724 (F-Stack 2),Monthly,TRENDPULSE,72.34%/94/220 days (Across ALL Assets),78.1%/105/179 days (Across ALL Assets),target
XIU.TO,44.7619 (F-Stack 2),2025-10-16 (Price: 45.17),2023-12-17 (Price: 31.29),10/90.0%,No Next Target,"44.36%, 478 days",5.21%/1.1%/2.92%,No Next Target,Weekly,TRENDPULSE,79.27%/193/90 days (Across ALL Assets),82.46%/268/77 days (Across ALL Assets),target
XIU.TO,44.7619 (F-Stack 2),2025-10-16 (Price: 45.17),2023-03-20 (Price: 29.64),13/84.62%,No Next Target,"52.4%, 673 days",3.63%/1.18%/2.01%,No Next Target,Daily,DELTADRIFT,75.78%/161/10 days (Across ALL Assets),80.16%/499/11 days (Across ALL Assets),target
XIU.TO,44.7619 (F-Stack 2),2025-10-16 (Price: 45.17),2023-02-22 (Price: 30.67),5/80.0%,No Next Target,"47.28%, 691 days",19.56%/9.39%/14.2%,No Next Target,Daily,BAND MATRIX,72.6%/73/119 days (Across ALL Assets),76.11%/247/112 days (Across ALL Assets),target
GILD,115.7 (Avg % Gain of Historic Winning trades),2025-10-16 (Price: 117.85),2022-12-31 (Price: 85.85),5/100.0%,4.76%/19.17%,"37.27%, 728 days",74.14%/4.33%/34.77%,123.4541 (F-Stack 1)/140.4376 (F-Stack 2),Quarterly,TRENDPULSE,90.0%/20/554 days (Across ALL Assets),100.0%/1/136 days (Across ALL Assets),target
TSLA,408.5817 (Horizontal),2025-10-16 (Price: 428.75),2022-12-04 (Price: 194.86),4/100.0%,15.94%/31.77%,"120.03%, 748 days",45.34%/14.57%/26.48%,497.0827 (F-Stack 1)/564.9603 (F-Stack 2),Weekly,DELTADRIFT,97.3%/37/36 days (Across ALL Assets),90.24%/123/61 days (Across ALL Assets),target
BNS.TO,92.969 (F-Stack 1),2025-10-16 (Price: 89.91),2020-04-12 (Price: 57.4),9/100.0%,53.14%,"56.64%, 1438 days",10.9%/3.94%/5.92%,137.6923 (F-Stack 2),Weekly,DELTADRIFT,97.3%/37/36 days (Across ALL Assets),90.24%/123/61 days (Across ALL Assets),target
NZDUSD=X,0.5715 (Historic Rise or Fall to Pivot),2025-10-16 (Price: 0.5716),2025-10-09 (Price: 0.5783),58/87.93%,-3.62%/-1.49%,"1.16%, 5 days",4.16%/0.03%/2.62%,0.5631 (Avg % Gain of Historic Winning trades)/0.57 (Exit Rule)/0.5509 (Horizontal),Daily,FRACTAL TRACK,65.0%/80/9 days (Across ALL Assets),31.9%/163/61 days (Across ALL Assets),target
BRK-B,488.72 (Exit Rule),2025-10-16 (Price: 488.81),2025-10-09 (Price: 496.74),33/87.88%,-45.16%/-7.99%,"1.6%, 5 days",4.43%/0.09%/1.39%,487.6 (Historic Rise or Fall to Pivot)/268.082 (Horizontal)/449.7662 (F-Stack 2),Daily,OSCILLATOR DELTA,87.5%/16/5 days (Across ALL Assets),60.98%/41/6 days (Across ALL Assets),target
BABA,167.3549 (Historic Rise or Fall to Pivot),2025-10-17 (Price: 167.05),2025-10-14 (Price: 162.86),16/93.75%,22.21%/45.86%,"2.57%, 3 days",70.3%/4.75%/25.35%,204.145 (Avg % Gain of Historic Winning trades)/243.66 (Exit Rule)/395.5515 (F-Stack 1)/453.696 (F-Stack 2),Daily,FRACTAL TRACK,88.67%/203/184 days (Across ALL Assets),74.39%/82/142 days (Across ALL Assets),target
HDFCBANK.NS,1004.15 (Horizontal),2025-10-17 (Price: 1002.55),2025-10-12 (Price: 980.9),103/85.44%,4.84%/9.14%,"2.21%, 4 days",29.27%/0.05%/7.15%,1094.1939 (Historic Rise or Fall to Pivot)/1051.0343 (Avg % Gain of Historic Winning trades)/1098.0619 (Exit Rule)/1098.0619 (F-Stack 1)/1305.7899 (F-Stack 2),Weekly,BASELINEDIVERGENCE,75.86%/29/94 days (Across ALL Assets),85.71%/56/77 days (Across ALL Assets),target
ARM,165.49 (Horizontal),2025-10-17 (Price: 165.61),2025-10-12 (Price: 154.81),14/85.71%,13.6%/28.51%,"6.98%, 4 days",30.87%/3.18%/21.53%,212.8173 (Historic Rise or Fall to Pivot)/188.1406 (Avg % Gain of Historic Winning trades)/218.0854 (Exit Rule)/218.0854 (F-Stack 1)/235.5107 (F-Stack 2),Weekly,BASELINEDIVERGENCE,75.86%/29/94 days (Across ALL Assets),85.71%/56/77 days (Across ALL Assets),target
HDB,36.66 (Exit Rule),2025-10-17 (Price: 36.74),2025-10-07 (Price: 34.91),22/77.27%,2.53%/4.57%,"5.24%, 8 days",17.31%/5.05%/7.9%,38.4185 (Historic Rise or Fall to Pivot)/37.6679 (Avg % Gain of Historic Winning trades)/39.042 (Horizontal)/40.717 (F-Stack 1)/47.4928 (F-Stack 2),Daily,OSCILLATOR DELTA,72.62%/84/37 days (Across ALL Assets),66.23%/302/45 days (Across ALL Assets),target
IEI,120.1673 (Historic Rise or Fall to Pivot),2025-10-17 (Price: 120.18),2025-09-30 (Price: 119.51),4/100.0%,1.37%/8.14%,"0.56%, 13 days",1.94%/1.94%/1.94%,121.8285 (Avg % Gain of Historic Winning trades)/132.0 (Exit Rule)/129.9625 (Horizontal),Quarterly,FRACTAL TRACK,90.0%/10/1207 days (Across ALL Assets),52.17%/23/344 days (Across ALL Assets),target
GILD,123.5165 (F-Stack 1),2025-10-17 (Price: 122.81),2025-03-31 (Price: 112.05),5/100.0%,6.4%/11.58%,"9.6%, 144 days",74.14%/4.33%/34.77%,137.0259 (Historic Rise or Fall to Pivot)/151.0098 (Avg % Gain of Historic Winning trades)/130.67 (Exit Rule)/140.4376 (F-Stack 2),Quarterly,TRENDPULSE,90.0%/20/554 days (Across ALL Assets),100.0%/1/136 days (Across ALL Assets),target
TSLA,413.6779 (F-Stack 1)/478.6828 (F-Stack 2),2025-10-17 (Price: 439.31),2024-07-14 (Price: 248.23),17/94.12%,No Next Target,"76.98%, 329 days",91.2%/4.56%/33.38%,No Next Target,Weekly,TRENDPULSE,79.27%/193/90 days (Across ALL Assets),82.46%/268/77 days (Across ALL Assets),target
BNS.TO,92.969 (F-Stack 1),2025-10-17 (Price: 89.32),2024-03-03 (Price: 65.98),14/92.86%,12.8%,"35.37%, 424 days",11.15%/0.79%/4.41%,100.7509 (F-Stack 2),Weekly,TRENDPULSE,79.27%/193/90 days (Across ALL Assets),82.46%/268/77 days (Across ALL Assets),target
XIU.TO,44.7619 (F-Stack 2),2025-10-17 (Price: 44.81),2023-04-23 (Price: 31.64),10/90.0%,No Next Target,"41.62%, 649 days",5.21%/1.1%/2.92%,No Next Target,Weekly,TRENDPULSE,79.27%/193/90 days (Across ALL Assets),82.46%/268/77 days (Across ALL Assets),target
TSLA,408.5817 (Horizontal)/497.0827 (F-Stack 1),2025-10-17 (Price: 439.31),2022-12-04 (Price: 194.86),4/100.0%,28.6%,"125.45%, 749 days",45.34%/14.57%/26.48%,564.9603 (F-Stack 2),Weekly,DELTADRIFT,97.3%/37/36 days (Across ALL Assets),90.24%/123/61 days (Across ALL Assets),target
XIU.TO,44.7619 (F-Stack 2),2025-10-17 (Price: 44.81),2022-04-28 (Price: 32.36),13/84.62%,No Next Target,"38.47%, 906 days",3.63%/1.18%/2.01%,No Next Target,Daily,DELTADRIFT,75.78%/161/10 days (Across ALL Assets),80.16%/499/11 days (Across ALL Assets),target
BNS.TO,92.969 (F-Stack 1),2025-10-17 (Price: 89.32),2015-09-27 (Price: 57.75),9/100.0%,54.16%,"54.67%, 2624 days",10.9%/3.94%/5.92%,137.6923 (F-Stack 2),Weekly,DELTADRIFT,97.3%/37/36 days (Across ALL Assets),90.24%/123/61 days (Across ALL Assets),target
ARM,164.08 (Horizontal),2025-10-17 (Price: 165.61),2025-06-22 (Price: 145.04),14/85.71%,6.44%/20.4%,"14.18%, 84 days",30.87%/3.18%/21.53%,199.3865 (Historic Rise or Fall to Pivot)/176.2671 (Avg % Gain of Historic Winning trades)/218.0854 (Exit Rule)/218.0854 (F-Stack 1)/235.5107 (F-Stack 2),Weekly,BASELINEDIVERGENCE,75.86%/29/94 days (Across ALL Assets),85.71%/56/77 days (Across ALL Assets),target
BNS.TO,92.969 (F-Stack 1),2025-10-17 (Price: 89.32),2023-12-31 (Price: 64.5),7/100.0%,12.8%,"38.48%, 469 days",20.44%/4.28%/14.08%,100.7509 (F-Stack 2),Monthly,TRENDPULSE,72.34%/94/220 days (Across ALL Assets),78.1%/105/179 days (Across ALL Assets),target
TSLA,408.5817 (Horizontal)/417.4684 (F-Stack 1),2025-10-17 (Price: 439.31),2023-05-28 (Price: 193.17),17/94.12%,25.91%,"127.42%, 624 days",91.2%/4.56%/33.38%,553.1211 (F-Stack 2),Weekly,TRENDPULSE,79.27%/193/90 days (Across ALL Assets),82.46%/268/77 days (Across ALL Assets),target
GILD,123.4541 (F-Stack 1),2025-10-17 (Price: 122.81),2022-12-31 (Price: 85.85),5/100.0%,14.35%,"43.05%, 729 days",74.14%/4.33%/34.77%,140.4376 (F-Stack 2),Quarterly,TRENDPULSE,90.0%/20/554 days (Across ALL Assets),100.0%/1/136 days (Across ALL Assets),target
EWJ,83.4752 (F-Stack 1),2025-10-20 (Price: 83.54),2025-10-14 (Price: 80.04),14/78.57%,1.56%/2.34%,"4.37%, 4 days",19.26%/5.17%/10.62%,85.4987 (Historic Rise or Fall to Pivot)/88.5402 (Avg % Gain of Historic Winning trades)/84.84 (Exit Rule)/89.1379 (F-Stack 2),Daily,OSCILLATOR DELTA,72.62%/84/37 days (Across ALL Assets),66.23%/302/45 days (Across ALL Assets),target_achieved
QQQ,610.7303 (Exit Rule)/610.7303 (F-Stack 1),2025-10-20 (Price: 611.54),2025-10-12 (Price: 589.5),74/86.49%,6.46%/8.08%,"3.74%, 5 days",44.95%/1.39%/10.44%,660.9474 (Historic Rise or Fall to Pivot)/651.0438 (Avg % Gain of Historic Winning trades)/836.2536 (F-Stack 2),Weekly,BASELINEDIVERGENCE,75.86%/29/94 days (Across ALL Assets),85.71%/56/77 days (Across ALL Assets),target_achieved
BDGI.TO,70.6207 (F-Stack 2),2025-10-20 (Price: 70.61),2025-10-12 (Price: 65.01),24/79.17%,3.99%/5.97%,"8.61%, 5 days",22.6%/3.76%/12.95%,74.8265 (Historic Rise or Fall to Pivot)/73.4288 (Avg % Gain of Historic Winning trades)/82.43 (Exit Rule),Weekly,TRENDPULSE,79.27%/193/90 days (Across ALL Assets),82.46%/268/77 days (Across ALL Assets),target_achieved
TRI.TO,226.29 (Exit Rule),2025-10-20 (Price: 225.74),2025-10-03 (Price: 213.48),11/100.0%,3.51%/3.63%,"5.74%, 11 days",28.53%/5.03%/9.58%,233.6539 (Historic Rise or Fall to Pivot)/233.9314 (Avg % Gain of Historic Winning trades)/240.8933 (Horizontal)/293.2329 (F-Stack 1)/455.2123 (F-Stack 2),Daily,OSCILLATOR DELTA,72.62%/84/37 days (Across ALL Assets),66.23%/302/45 days (Across ALL Assets),target_achieved
ACWX,66.4207 (Historic Rise or Fall to Pivot),2025-10-20 (Price: 66.55),2025-09-30 (Price: 65.01),4/75.0%,2.93%/4.69%,"2.37%, 14 days",12.34%/1.81%/5.37%,68.501 (Avg % Gain of Historic Winning trades)/74.28 (Exit Rule)/69.6679 (F-Stack 1)/76.9985 (F-Stack 2),Monthly,TRENDPULSE,72.34%/94/220 days (Across ALL Assets),78.1%/105/179 days (Across ALL Assets),target_achieved
INDA,54.7277 (Avg % Gain of Historic Winning trades),2025-10-20 (Price: 54.74),2025-09-17 (Price: 54.02),4/75.0%,1.14%/22.1%,"1.33%, 23 days",1.85%/0.87%/1.31%,55.3633 (Horizontal)/66.8401 (F-Stack 1)/79.771 (F-Stack 2),Daily,TRENDPULSE,78.12%/329/31 days (Across ALL Assets),85.01%/647/27 days (Across ALL Assets),target_achieved
EWJ,83.4412 (Historic Rise or Fall to Pivot)/83.4752 (F-Stack 1),2025-10-20 (Price: 83.54),2025-09-14 (Price: 80.76),15/73.33%,1.5%/5.49%,"3.44%, 25 days",12.51%/1.17%/4.99%,84.7899 (Avg % Gain of Historic Winning trades)/88.13 (Exit Rule)/89.1379 (F-Stack 2),Weekly,TRENDPULSE,79.27%/193/90 days (Across ALL Assets),82.46%/268/77 days (Across ALL Assets),target_achieved
QQQ,610.7303 (F-Stack 1),2025-10-20 (Price: 611.54),2025-08-31 (Price: 570.4),9/100.0%,4.0%/7.82%,"7.21%, 35 days",26.83%/2.45%/11.5%,659.3824 (Historic Rise or Fall to Pivot)/635.996 (Avg % Gain of Historic Winning trades)/735.71 (Exit Rule)/836.2536 (F-Stack 2),Monthly,TRENDPULSE,72.34%/94/220 days (Across ALL Assets),78.1%/105/179 days (Across ALL Assets),target_achieved
^GSPC,6767.7249 (F-Stack 2),2025-10-20 (Price: 6735.1299),2025-07-27 (Price: 6388.6401),19/100.0%,1.35%/15.96%,"5.42%, 60 days",8.9%/0.27%/3.84%,6826.2619 (Historic Rise or Fall to Pivot)/7809.9 (Exit Rule),Weekly,TRENDPULSE,79.27%/193/90 days (Across ALL Assets),82.46%/268/77 days (Across ALL Assets),target_achieved
SPY,676.0919 (Historic Rise or Fall to Pivot),2025-10-20 (Price: 671.3),2025-07-20 (Price: 627.58),13/100.0%,14.19%/44.36%,"6.97%, 65 days",9.31%/1.77%/4.16%,766.54 (Exit Rule)/969.1148 (F-Stack 2),Weekly,TRENDPULSE,79.27%/193/90 days (Across ALL Assets),82.46%/268/77 days (Across ALL Assets),target_achieved
SOXX,297.3858 (Avg % Gain of Historic Winning trades),2025-10-20 (Price: 292.97),2025-07-06 (Price: 243.34),8/75.0%,No Next Target,"20.4%, 75 days",23.76%/20.32%/22.21%,No Next Target,Weekly,PULSEGAUGE,68.75%/16/139 days (Across ALL Assets),70.63%/126/138 days (Across ALL Assets),target_achieved
QQQ,610.7303 (F-Stack 2),2025-10-20 (Price: 611.54),2025-07-06 (Price: 556.22),8/75.0%,10.25%,"9.95%, 75 days",22.49%/20.3%/21.22%,674.2499 (Avg % Gain of Historic Winning trades),Weekly,PULSEGAUGE,68.75%/16/139 days (Across ALL Assets),70.63%/126/138 days (Across ALL Assets),target_achieved
AAPL,265.8484 (Avg % Gain of Historic Winning trades),2025-10-20 (Price: 262.24),2025-07-06 (Price: 213.55),8/87.5%,12.39%/12.39%,"22.8%, 75 days",29.04%/20.04%/24.49%,294.7231 (Exit Rule)/294.7231 (F-Stack 1)/309.0801 (F-Stack 2),Weekly,PULSEGAUGE,68.75%/16/139 days (Across ALL Assets),70.63%/126/138 days (Across ALL Assets),target_achieved
SPY,665.528 (F-Stack 2),2025-10-20 (Price: 671.3),2025-04-01 (Price: 560.97),10/90.0%,No Next Target,"19.67%, 144 days",14.68%/0.17%/8.16%,No Next Target,Daily,SIGMASHELL,81.94%/144/78 days (Across ALL Assets),76.23%/324/84 days (Across ALL Assets),target_achieved
SONY,29.38 (Exit Rule),2025-10-20 (Price: 29.19),2025-03-31 (Price: 25.39),11/72.73%,6.68%/13.8%,"14.97%, 145 days",40.8%/7.34%/22.65%,31.1408 (Avg % Gain of Historic Winning trades)/33.2191 (F-Stack 1)/35.3948 (F-Stack 2),Monthly,TRENDPULSE,72.34%/94/220 days (Across ALL Assets),78.1%/105/179 days (Across ALL Assets),target_achieved
SOXX,301.3628 (F-Stack 2),2025-10-20 (Price: 292.97),2024-12-16 (Price: 227.44),18/83.33%,No Next Target,"28.81%, 220 days",8.34%/0.76%/3.42%,No Next Target,Daily,TRENDPULSE,78.12%/329/31 days (Across ALL Assets),85.01%/647/27 days (Across ALL Assets),target_achieved
SPY,665.528 (F-Stack 2),2025-10-20 (Price: 671.3),2024-09-08 (Price: 540.36),20/95.0%,No Next Target,"24.23%, 290 days",10.23%/0.7%/4.71%,No Next Target,Weekly,BASELINEDIVERGENCE,75.86%/29/94 days (Across ALL Assets),85.71%/56/77 days (Across ALL Assets),target_achieved
SOXX,301.3628 (F-Stack 2),2025-10-20 (Price: 292.97),2024-08-01 (Price: 218.42),9/77.78%,No Next Target,"34.13%, 317 days",35.87%/2.72%/15.79%,No Next Target,Daily,SIGMASHELL,81.94%/144/78 days (Across ALL Assets),76.23%/324/84 days (Across ALL Assets),target_achieved
TSLA,478.6828 (F-Stack 2),2025-10-20 (Price: 447.43),2024-07-14 (Price: 248.23),17/94.12%,No Next Target,"80.25%, 330 days",91.2%/4.56%/33.38%,No Next Target,Weekly,TRENDPULSE,79.27%/193/90 days (Across ALL Assets),82.46%/268/77 days (Across ALL Assets),target_achieved
DOL.TO,194.1559 (F-Stack 2),2025-10-20 (Price: 183.0),2024-04-28 (Price: 115.62),9/100.0%,No Next Target,"58.28%, 385 days",12.93%/1.23%/9.34%,No Next Target,Weekly,TRENDPULSE,79.27%/193/90 days (Across ALL Assets),82.46%/268/77 days (Across ALL Assets),target_achieved
DIA,460.12 (Exit Rule),2025-10-20 (Price: 467.02),2024-01-31 (Price: 381.37),10/90.0%,15.23%/77.08%,"22.46%, 448 days",11.77%/4.81%/8.01%,538.1343 (F-Stack 1)/826.9871 (F-Stack 2),Monthly,TRENDPULSE,72.34%/94/220 days (Across ALL Assets),78.1%/105/179 days (Across ALL Assets),target_achieved
QQQ,563.3658 (F-Stack 2),2025-10-20 (Price: 611.54),2023-01-03 (Price: 264.48),10/80.0%,No Next Target,"131.22%, 729 days",13.92%/7.25%/11.47%,No Next Target,Daily,SIGMASHELL,81.94%/144/78 days (Across ALL Assets),76.23%/324/84 days (Across ALL Assets),target_achieved
SPY,627.1849 (F-Stack 2),2025-10-20 (Price: 671.3),2020-01-19 (Price: 331.95),8/75.0%,No Next Target,"102.23%, 1500 days",22.37%/20.42%/21.26%,No Next Target,Weekly,PULSEGAUGE,68.75%/16/139 days (Across ALL Assets),70.63%/126/138 days (Across ALL Assets),target_achieved
DIA,469.92 (Exit Rule),2025-10-21 (Price: 469.22),2025-08-24 (Price: 456.64),9/100.0%,0.6%/2.1%,"2.75%, 41 days",6.15%/1.18%/3.37%,479.061 (Historic Rise or Fall to Pivot)/472.0288 (Avg % Gain of Historic Winning trades)/538.1343 (F-Stack 1)/826.9871 (F-Stack 2),Weekly,TRENDPULSE,79.27%/193/90 days (Across ALL Assets),82.46%/268/77 days (Across ALL Assets),target_achieved
QQQ,610.7303 (Exit Rule)/610.7303 (F-Stack 1),2025-10-21 (Price: 611.38),2025-08-10 (Price: 574.55),74/86.49%,3.79%/5.37%,"6.41%, 51 days",44.95%/1.39%/10.44%,644.1855 (Historic Rise or Fall to Pivot)/634.533 (Avg % Gain of Historic Winning trades)/836.2536 (F-Stack 2),Weekly,BASELINEDIVERGENCE,75.86%/29/94 days (Across ALL Assets),85.71%/56/77 days (Across ALL Assets),target_achieved
DOL.TO,194.1559 (F-Stack 2),2025-10-21 (Price: 181.8),2024-04-07 (Price: 114.5),9/100.0%,No Next Target,"58.78%, 401 days",12.93%/1.23%/9.34%,No Next Target,Weekly,TRENDPULSE,79.27%/193/90 days (Across ALL Assets),82.46%/268/77 days (Across ALL Assets),target_achieved
SLV,47.5817 (F-Stack 1),2025-10-21 (Price: 43.79),2023-03-31 (Price: 22.12),4/75.0%,19.08%,"97.97%, 667 days",48.48%/48.48%/48.48%,52.1458 (F-Stack 2),Quarterly,FRACTAL TRACK,90.0%/10/1207 days (Across ALL Assets),52.17%/23/344 days (Across ALL Assets),target_achieved
QQQ,563.3658 (F-Stack 2),2025-10-21 (Price: 611.38),2022-11-02 (Price: 265.68),10/80.0%,No Next Target,"130.12%, 774 days",13.92%/7.25%/11.47%,No Next Target,Daily,SIGMASHELL,81.94%/144/78 days (Across ALL Assets),76.23%/324/84 days (Across ALL Assets),target_achieved
SPY,627.1849 (F-Stack 2),2025-10-21 (Price: 671.29),2022-10-10 (Price: 360.02),10/90.0%,No Next Target,"86.46%, 791 days",14.68%/0.17%/8.16%,No Next Target,Daily,SIGMASHELL,81.94%/144/78 days (Across ALL Assets),76.23%/324/84 days (Across ALL Assets),target_achieved
QQQ,629.2181 (F-Stack 2),2025-10-21 (Price: 611.38),2021-01-24 (Price: 325.42),8/75.0%,No Next Target,"87.87%, 1236 days",22.49%/20.3%/21.22%,No Next Target,Weekly,PULSEGAUGE,68.75%/16/139 days (Across ALL Assets),70.63%/126/138 days (Across ALL Assets),target_achieved
XLE,108.2743 (Exit Rule)/108.2743 (F-Stack 1),2025-10-21 (Price: 86.69),2020-10-05 (Price: 30.19),7/71.43%,35.82%,"187.15%, 1316 days",17.68%/2.18%/10.28%,117.7423 (F-Stack 2),Daily,SIGMASHELL,81.94%/144/78 days (Across ALL Assets),76.23%/324/84 days (Across ALL Assets),target_achieved
SPY,627.1849 (F-Stack 2),2025-10-21 (Price: 671.29),2020-06-21 (Price: 308.64),20/95.0%,No Next Target,"117.5%, 1391 days",10.23%/0.7%/4.71%,No Next Target,Weekly,BASELINEDIVERGENCE,75.86%/29/94 days (Across ALL Assets),85.71%/56/77 days (Across ALL Assets),target_achieved
DIA,538.1343 (F-Stack 2),2025-10-21 (Price: 469.22),2020-04-02 (Price: 213.96),13/92.31%,No Next Target,"119.3%, 1448 days",15.25%/0.99%/6.92%,No Next Target,Daily,SIGMASHELL,81.94%/144/78 days (Across ALL Assets),76.23%/324/84 days (Across ALL Assets),target_achieved
SPY,627.1849 (F-Stack 2),2025-10-21 (Price: 671.29),2019-12-22 (Price: 320.73),13/100.0%,No Next Target,"109.3%, 1521 days",9.31%/1.77%/4.16%,No Next Target,Weekly,TRENDPULSE,79.27%/193/90 days (Across ALL Assets),82.46%/268/77 days (Across ALL Assets),target_achieved
INDA,55.3633 (Horizontal),2025-10-22 (Price: 55.29),2025-09-30 (Price: 52.06),5/100.0%,3.33%/14.3%,"6.2%, 16 days",27.54%/16.24%/21.39%,57.1306 (Historic Rise or Fall to Pivot)/63.1956 (Avg % Gain of Historic Winning trades)/65.09 (Exit Rule)/66.8401 (F-Stack 1)/79.771 (F-Stack 2),Quarterly,FRACTAL TRACK,90.0%/10/1207 days (Across ALL Assets),52.17%/23/344 days (Across ALL Assets),target_achieved
INDA,55.3633 (Horizontal),2025-10-22 (Price: 55.29),2025-09-17 (Price: 54.02),4/75.0%,20.89%/44.28%,"2.35%, 25 days",1.85%/0.87%/1.31%,66.8401 (F-Stack 1)/79.771 (F-Stack 2),Daily,TRENDPULSE,78.12%/329/31 days (Across ALL Assets),85.01%/647/27 days (Across ALL Assets),target_achieved
INDY,54.475 (Avg % Gain of Historic Winning trades),2025-10-22 (Price: 54.16),2025-09-03 (Price: 51.44),12/75.0%,0.62%/11.12%,"5.29%, 35 days",7.21%/5.03%/5.9%,60.18 (Exit Rule)/54.495 (Horizontal)/60.9145 (F-Stack 1)/68.1277 (F-Stack 2),Daily,OSCILLATOR DELTA,72.62%/84/37 days (Across ALL Assets),66.23%/302/45 days (Across ALL Assets),target_achieved
SPY,667.1912 (Avg % Gain of Historic Winning trades),2025-10-22 (Price: 667.8),2025-08-10 (Price: 637.18),20/95.0%,3.74%/45.12%,"4.81%, 52 days",10.23%/0.7%/4.71%,692.8058 (Historic Rise or Fall to Pivot)/969.1148 (Exit Rule)/969.1148 (F-Stack 1)/1522.3697 (F-Stack 2),Weekly,BASELINEDIVERGENCE,75.86%/29/94 days (Across ALL Assets),85.71%/56/77 days (Across ALL Assets),target_achieved
MSFT,524.7103 (Historic Rise or Fall to Pivot),2025-10-22 (Price: 520.54),2025-06-22 (Price: 477.4),10/100.0%,6.31%/19.95%,"9.04%, 87 days",14.04%/2.9%/6.57%,624.41 (Exit Rule)/553.3726 (F-Stack 2),Weekly,TRENDPULSE,79.27%/193/90 days (Across ALL Assets),82.46%/268/77 days (Across ALL Assets),target_achieved
DOL.TO,194.1559 (F-Stack 2),2025-10-22 (Price: 183.2),2024-02-18 (Price: 103.34),9/100.0%,No Next Target,"77.28%, 437 days",12.93%/1.23%/9.34%,No Next Target,Weekly,TRENDPULSE,79.27%/193/90 days (Across ALL Assets),82.46%/268/77 days (Across ALL Assets),target_achieved
QQQ,563.3658 (F-Stack 2),2025-10-22 (Price: 605.49),2022-09-25 (Price: 275.51),74/86.49%,No Next Target,"119.77%, 802 days",44.95%/1.39%/10.44%,No Next Target,Weekly,BASELINEDIVERGENCE,75.86%/29/94 days (Across ALL Assets),85.71%/56/77 days (Across ALL Assets),target_achieved
QQQ,563.3658 (F-Stack 2),2025-10-22 (Price: 605.49),2022-06-10 (Price: 288.84),10/80.0%,No Next Target,"109.63%, 878 days",13.92%/7.25%/11.47%,No Next Target,Daily,SIGMASHELL,81.94%/144/78 days (Across ALL Assets),76.23%/324/84 days (Across ALL Assets),target_achieved
XLE,106.8857 (Exit Rule)/106.8857 (F-Stack 1),2025-10-22 (Price: 87.8),2020-04-02 (Price: 30.15),7/71.43%,34.1%,"191.21%, 1449 days",17.68%/2.18%/10.28%,117.7423 (F-Stack 2),Daily,SIGMASHELL,81.94%/144/78 days (Across ALL Assets),76.23%/324/84 days (Across ALL Assets),target_achieved
SPY,627.1849 (F-Stack 2),2025-10-22 (Price: 667.8),2020-04-02 (Price: 251.83),10/90.0%,No Next Target,"165.18%, 1449 days",14.68%/0.17%/8.16%,No Next Target,Daily,SIGMASHELL,81.94%/144/78 days (Across ALL Assets),76.23%/324/84 days (Across ALL Assets),target_achieved
DOL.TO,186.0254 (Historic Rise or Fall to Pivot),2025-10-23 (Price: 186.14),2025-10-16 (Price: 180.73),27/88.89%,4.31%/6.14%,"2.99%, 5 days",96.3%/4.06%/27.18%,229.8524 (Avg % Gain of Historic Winning trades)/244.65 (Exit Rule)/197.56 (Horizontal)/194.1559 (F-Stack 1)/294.0831 (F-Stack 2),Daily,FRACTAL TRACK,88.67%/203/184 days (Across ALL Assets),74.39%/82/142 days (Across ALL Assets),target_achieved
AIA.NZ,8.2221 (Avg % Gain of Historic Winning trades),2025-10-23 (Price: 8.2),2025-09-21 (Price: 7.85),10/100.0%,2.07%/3.63%,"4.46%, 23 days",8.04%/1.62%/4.74%,8.4976 (Historic Rise or Fall to Pivot)/8.37 (Exit Rule)/8.8962 (Horizontal)/11.1706 (F-Stack 1)/12.8535 (F-Stack 2),Weekly,TRENDPULSE,79.27%/193/90 days (Across ALL Assets),82.46%/268/77 days (Across ALL Assets),target_achieved
BDGI.TO,72.7825 (Avg % Gain of Historic Winning trades),2025-10-23 (Price: 70.08),2025-07-31 (Price: 52.29),14/92.86%,60.29%,"34.02%, 60 days",159.21%/3.87%/39.19%,112.3294 (Historic Rise or Fall to Pivot),Monthly,TRENDPULSE,72.34%/94/220 days (Across ALL Assets),78.1%/105/179 days (Across ALL Assets),target_achieved
DOL.TO,194.1559 (F-Stack 2),2025-10-23 (Price: 186.14),2024-06-02 (Price: 129.0),9/100.0%,No Next Target,"44.29%, 363 days",12.93%/1.23%/9.34%,No Next Target,Weekly,TRENDPULSE,79.27%/193/90 days (Across ALL Assets),82.46%/268/77 days (Across ALL Assets),target_achieved
QQQ,629.2181 (F-Stack 2),2025-10-23 (Price: 610.58),2021-11-28 (Price: 391.2),74/86.49%,No Next Target,"56.08%, 1018 days",44.95%/1.39%/10.44%,No Next Target,Weekly,BASELINEDIVERGENCE,75.86%/29/94 days (Across ALL Assets),85.71%/56/77 days (Across ALL Assets),target_achieved
XLE,106.8857 (Exit Rule)/106.8857 (F-Stack 1),2025-10-23 (Price: 88.97),2020-09-01 (Price: 35.41),7/71.43%,32.34%,"151.26%, 1342 days",17.68%/2.18%/10.28%,117.7423 (F-Stack 2),Daily,SIGMASHELL,81.94%/144/78 days (Across ALL Assets),76.23%/324/84 days (Across ALL Assets),target_achieved
SPY,627.1849 (F-Stack 2),2025-10-23 (Price: 671.76),2020-03-02 (Price: 309.09),10/90.0%,No Next Target,"117.33%, 1473 days",14.68%/0.17%/8.16%,No Next Target,Daily,SIGMASHELL,81.94%/144/78 days (Across ALL Assets),76.23%/324/84 days (Across ALL Assets),target_achieved
VGT,771.9286 (Avg % Gain of Historic Winning trades),2025-10-24 (Price: 774.14),2025-09-21 (Price: 741.17),9/100.0%,2.02%/13.7%,"4.45%, 24 days",5.29%/2.97%/4.15%,789.7908 (Historic Rise or Fall to Pivot)/880.2 (Exit Rule)/946.1588 (F-Stack 2),Weekly,TRENDPULSE,79.27%/193/90 days (Across ALL Assets),82.46%/268/77 days (Across ALL Assets),target_achieved
SPY,677.725 (Avg % Gain of Historic Winning trades),2025-10-24 (Price: 677.25),2025-09-07 (Price: 647.24),20/95.0%,3.91%/43.1%,"4.64%, 34 days",10.23%/0.7%/4.71%,703.7441 (Historic Rise or Fall to Pivot)/969.1148 (Exit Rule)/969.1148 (F-Stack 1)/1522.3697 (F-Stack 2),Weekly,BASELINEDIVERGENCE,75.86%/29/94 days (Across ALL Assets),85.71%/56/77 days (Across ALL Assets),target_achieved
DIA,472.0288 (Avg % Gain of Historic Winning trades),2025-10-24 (Price: 472.21),2025-08-24 (Price: 456.64),9/100.0%,1.45%/13.96%,"3.41%, 44 days",6.15%/1.18%/3.37%,479.061 (Historic Rise or Fall to Pivot)/538.1343 (F-Stack 1)/826.9871 (F-Stack 2),Weekly,TRENDPULSE,79.27%/193/90 days (Across ALL Assets),82.46%/268/77 days (Across ALL Assets),target_achieved
AMD,251.3512 (F-Stack 2),2025-10-24 (Price: 252.92),2025-07-31 (Price: 176.31),11/81.82%,30.55%/33.51%,"43.45%, 61 days",157.84%/42.09%/87.28%,337.6689 (Historic Rise or Fall to Pivot)/330.1934 (Avg % Gain of Historic Winning trades),Monthly,TRENDPULSE,72.34%/94/220 days (Across ALL Assets),78.1%/105/179 days (Across ALL Assets),target_achieved
GNE.NZ,2.54 (Exit Rule),2025-10-24 (Price: 2.54),2025-07-20 (Price: 2.38),11/81.82%,40.75%,"6.72%, 69 days",9.3%/0.78%/4.56%,3.575 (Horizontal),Weekly,TRENDPULSE,79.27%/193/90 days (Across ALL Assets),82.46%/268/77 days (Across ALL Assets),target_achieved
NVDA,186.8752 (Historic Rise or Fall to Pivot),2025-10-24 (Price: 186.26),2025-07-20 (Price: 172.41),11/81.82%,7.24%/28.8%,"8.03%, 69 days",43.5%/2.57%/15.86%,199.7542 (Avg % Gain of Historic Winning trades)/268.15 (Exit Rule)/239.8943 (F-Stack 2),Weekly,TRENDPULSE,79.27%/193/90 days (Across ALL Assets),82.46%/268/77 days (Across ALL Assets),target_achieved
TCEHY,84.6774 (Avg % Gain of Historic Winning trades),2025-10-24 (Price: 82.16),2025-03-31 (Price: 63.84),7/100.0%,11.97%/28.13%,"28.7%, 149 days",48.56%/8.58%/32.64%,105.2722 (Historic Rise or Fall to Pivot)/91.9947 (F-Stack 1)/116.3817 (F-Stack 2),Monthly,TRENDPULSE,72.34%/94/220 days (Across ALL Assets),78.1%/105/179 days (Across ALL Assets),target_achieved
BNS.TO,92.969 (F-Stack 1),2025-10-24 (Price: 90.68),2024-09-30 (Price: 73.69),7/100.0%,11.11%,"23.06%, 279 days",20.44%/4.28%/14.08%,100.7509 (F-Stack 2),Monthly,TRENDPULSE,72.34%/94/220 days (Across ALL Assets),78.1%/105/179 days (Across ALL Assets),target_achieved
QQQ,629.2181 (F-Stack 2),2025-10-24 (Price: 617.1),2021-07-25 (Price: 368.2),74/86.49%,No Next Target,"67.6%, 1109 days",44.95%/1.39%/10.44%,No Next Target,Weekly,BASELINEDIVERGENCE,75.86%/29/94 days (Across ALL Assets),85.71%/56/77 days (Across ALL Assets),target_achieved
XLE,108.2743 (Exit Rule)/108.2743 (F-Stack 1),2025-10-24 (Price: 88.07),2020-10-01 (Price: 29.03),7/71.43%,33.69%,"203.38%, 1321 days",17.68%/2.18%/10.28%,117.7423 (F-Stack 2),Daily,SIGMASHELL,81.94%/144/78 days (Across ALL Assets),76.23%/324/84 days (Across ALL Assets),target_achieved
VGT,782.3352 (Avg % Gain of Historic Winning trades),2025-10-24 (Price: 774.14),2025-08-31 (Price: 697.02),9/88.89%,2.97%/18.63%,"11.06%, 39 days",22.53%/3.21%/12.24%,797.1121 (Historic Rise or Fall to Pivot)/918.34 (Exit Rule)/946.1588 (F-Stack 2),Monthly,TRENDPULSE,72.34%/94/220 days (Across ALL Assets),78.1%/105/179 days (Across ALL Assets),target_achieved
QQQ,629.2181 (F-Stack 2),2025-10-24 (Price: 617.1),2021-06-20 (Price: 342.63),74/86.49%,No Next Target,"80.11%, 1134 days",44.95%/1.39%/10.44%,No Next Target,Weekly,BASELINEDIVERGENCE,75.86%/29/94 days (Across ALL Assets),85.71%/56/77 days (Across ALL Assets),target_achieved
^NSEI,25973.3496 (Horizontal),2025-10-27 (Price: 25966.0508),2025-10-19 (Price: 25709.8496),12/100.0%,3.6%/5.41%,"1.0%, 5 days",6.98%/1.59%/4.63%,27370.7059 (Historic Rise or Fall to Pivot)/26900.2156 (Avg % Gain of Historic Winning trades)/31619.55 (Exit Rule),Weekly,TRENDPULSE,79.27%/193/90 days (Across ALL Assets),82.46%/268/77 days (Across ALL Assets),target_achieved
UPS,89.4689 (Avg % Gain of Historic Winning trades),2025-10-27 (Price: 89.22),2025-10-17 (Price: 86.41),13/84.62%,0.76%/27.59%,"3.25%, 6 days",14.16%/0.81%/3.54%,89.901 (Historic Rise or Fall to Pivot)/113.84 (Exit Rule)/221.2667 (Horizontal)/228.7501 (F-Stack 1)/295.6013 (F-Stack 2),Daily,TRENDPULSE,78.12%/329/31 days (Across ALL Assets),85.01%/647/27 days (Across ALL Assets),target_achieved
VGT,789.7908 (Historic Rise or Fall to Pivot),2025-10-27 (Price: 788.01),2025-09-21 (Price: 741.17),9/100.0%,11.7%/20.07%,"6.32%, 25 days",5.29%/2.97%/4.15%,880.2 (Exit Rule)/946.1588 (F-Stack 2),Weekly,TRENDPULSE,79.27%/193/90 days (Across ALL Assets),82.46%/268/77 days (Across ALL Assets),target_achieved
^NDX,25761.5201 (Avg % Gain of Historic Winning trades),2025-10-27 (Price: 25821.5449),2025-09-21 (Price: 24626.25),12/100.0%,5.7%/6.86%,"4.85%, 25 days",7.38%/1.69%/4.61%,27293.2729 (Historic Rise or Fall to Pivot)/27592.28 (Exit Rule)/33965.62 (F-Stack 2),Weekly,TRENDPULSE,79.27%/193/90 days (Across ALL Assets),82.46%/268/77 days (Across ALL Assets),target_achieved
EEM,55.4803 (Avg % Gain of Historic Winning trades),2025-10-27 (Price: 55.71),2025-09-21 (Price: 53.01),15/86.67%,4.83%,"5.09%, 25 days",11.23%/1.19%/4.66%,58.4 (Exit Rule),Weekly,TRENDPULSE,79.27%/193/90 days (Across ALL Assets),82.46%/268/77 days (Across ALL Assets),target_achieved
BPCL.NS,343.7375 (Horizontal),2025-10-27 (Price: 343.0),2025-09-21 (Price: 329.55),14/85.71%,6.94%/8.57%,"4.08%, 25 days",31.29%/2.35%/13.01%,366.7892 (Historic Rise or Fall to Pivot)/372.4245 (Avg % Gain of Historic Winning trades)/385.83 (Exit Rule)/372.4081 (F-Stack 1)/393.108 (F-Stack 2),Weekly,TRENDPULSE,79.27%/193/90 days (Across ALL Assets),82.46%/268/77 days (Across ALL Assets),target_achieved
NVDA,191.4926 (Historic Rise or Fall to Pivot),2025-10-27 (Price: 191.49),2025-09-21 (Price: 176.67),11/81.82%,6.89%/25.28%,"8.39%, 25 days",43.5%/2.57%/15.86%,204.6899 (Avg % Gain of Historic Winning trades)/272.93 (Exit Rule)/239.8943 (F-Stack 1)/283.6698 (F-Stack 2),Weekly,TRENDPULSE,79.27%/193/90 days (Across ALL Assets),82.46%/268/77 days (Across ALL Assets),target_achieved
DIA,474.7991 (Avg % Gain of Historic Winning trades),2025-10-27 (Price: 475.35),2025-09-14 (Price: 459.32),9/100.0%,1.37%/2.14%,"3.49%, 30 days",6.15%/1.18%/3.37%,481.8726 (Historic Rise or Fall to Pivot)/485.54 (Exit Rule)/538.1343 (F-Stack 1)/826.9871 (F-Stack 2),Weekly,TRENDPULSE,79.27%/193/90 days (Across ALL Assets),82.46%/268/77 days (Across ALL Assets),target_achieved
^DJI,47598.8362 (Historic Rise or Fall to Pivot)/47502.5844 (Avg % Gain of Historic Winning trades),2025-10-27 (Price: 47544.5898),2025-09-14 (Price: 45834.2188),14/100.0%,1.77%/13.85%,"3.73%, 30 days",6.98%/0.22%/3.64%,48384.41 (Exit Rule)/54129.8938 (F-Stack 1)/83218.843 (F-Stack 2),Weekly,TRENDPULSE,79.27%/193/90 days (Across ALL Assets),82.46%/268/77 days (Across ALL Assets),target_achieved
QQQ,634.533 (Avg % Gain of Historic Winning trades),2025-10-27 (Price: 628.09),2025-08-10 (Price: 574.55),74/86.49%,2.56%/33.14%,"9.32%, 55 days",44.95%/1.39%/10.44%,644.1855 (Historic Rise or Fall to Pivot)/836.2536 (F-Stack 2),Weekly,BASELINEDIVERGENCE,75.86%/29/94 days (Across ALL Assets),85.71%/56/77 days (Across ALL Assets),target_achieved
DIA,476.947 (Historic Rise or Fall to Pivot),2025-10-27 (Price: 475.35),2025-07-06 (Price: 448.09),8/75.0%,13.21%/13.21%,"6.08%, 80 days",21.39%/20.08%/20.61%,540.4413 (Avg % Gain of Historic Winning trades)/538.1343 (Exit Rule)/538.1343 (F-Stack 1)/826.9871 (F-Stack 2),Weekly,PULSEGAUGE,68.75%/16/139 days (Across ALL Assets),70.63%/126/138 days (Across ALL Assets),target_achieved
MSFT,553.3726 (Exit Rule)/553.3726 (F-Stack 1),2025-10-27 (Price: 531.52),2025-04-01 (Price: 382.19),15/93.33%,15.89%,"39.07%, 149 days",30.52%/2.95%/14.73%,615.9924 (F-Stack 2),Daily,SIGMASHELL,81.94%/144/78 days (Across ALL Assets),76.23%/324/84 days (Across ALL Assets),target_achieved
AAPL,271.4951 (Avg % Gain of Historic Winning trades),2025-10-27 (Price: 268.81),2024-12-08 (Price: 242.84),8/87.5%,4.36%/6.26%,"10.69%, 230 days",18.76%/0.65%/11.8%,280.5288 (Historic Rise or Fall to Pivot)/285.63 (Exit Rule)/294.7231 (F-Stack 1)/309.0801 (F-Stack 2),Weekly,TRENDPULSE,79.27%/193/90 days (Across ALL Assets),82.46%/268/77 days (Across ALL Assets),target_achieved
NIFTY_MIDCAP_100.NS,60272.5678 (Historic Rise or Fall to Pivot)/61056.2025 (Avg % Gain of Historic Winning trades),2025-10-27 (Price: 59780.1484),2024-03-31 (Price: 48075.75),7/100.0%,13.2%/17.07%,"24.35%, 410 days",71.71%/4.14%/27.0%,67673.34 (Exit Rule)/69983.5191 (F-Stack 2),Quarterly,TRENDPULSE,90.0%/20/554 days (Across ALL Assets),100.0%/1/136 days (Across ALL Assets),target_achieved
ASML,1081.0993 (Historic Rise or Fall to Pivot),2025-10-27 (Price: 1059.98),2024-01-31 (Price: 869.82),11/81.82%,2.94%/7.49%,"21.86%, 453 days",87.33%/9.04%/30.99%,1139.3772 (Avg % Gain of Historic Winning trades)/1286.69 (Exit Rule)/1091.1724 (F-Stack 2),Monthly,TRENDPULSE,72.34%/94/220 days (Across ALL Assets),78.1%/105/179 days (Across ALL Assets),target_achieved
CNR.TO,132.6659 (Historic Rise or Fall to Pivot),2025-10-27 (Price: 132.66),2025-10-23 (Price: 134.25),40/87.5%,-57.93%/-34.56%,"1.18%, 2 days",4.67%/0.57%/2.83%,130.4507 (Avg % Gain of Historic Winning trades)/112.15 (Exit Rule)/127.762 (Horizontal)/86.815 (F-Stack 1)/55.8095 (F-Stack 2),Daily,FRACTAL TRACK,65.0%/80/9 days (Across ALL Assets),31.9%/163/61 days (Across ALL Assets),target_achieved
BRK-B,487.6 (Historic Rise or Fall to Pivot)/488.72 (Exit Rule),2025-10-27 (Price: 488.07),2025-10-09 (Price: 496.74),33/87.88%,-45.07%/-7.85%,"1.75%, 12 days",4.43%/0.09%/1.39%,268.082 (Horizontal)/449.7662 (F-Stack 2),Daily,OSCILLATOR DELTA,87.5%/16/5 days (Across ALL Assets),60.98%/41/6 days (Across ALL Assets),target_achieved
^DJI,47598.8362 (Historic Rise or Fall to Pivot),2025-10-28 (Price: 47706.3711),2025-09-14 (Price: 45834.2188),14/100.0%,1.42%/13.46%,"4.08%, 31 days",6.98%/0.22%/3.64%,48384.41 (Exit Rule)/54129.8938 (F-Stack 1)/83218.843 (F-Stack 2),Weekly,TRENDPULSE,79.27%/193/90 days (Across ALL Assets),82.46%/268/77 days (Across ALL Assets),target_achieved
TSLA,469.0305 (Historic Rise or Fall to Pivot),2025-10-28 (Price: 460.55),2025-09-12 (Price: 395.94),14/92.86%,7.37%/17.53%,"16.32%, 32 days",28.08%/0.85%/9.74%,494.4819 (F-Stack 1)/541.282 (F-Stack 2),Daily,TRENDPULSE,78.12%/329/31 days (Across ALL Assets),85.01%/647/27 days (Across ALL Assets),target_achieved
HDFCBANK.NS,1004.1188 (Avg % Gain of Historic Winning trades)/1004.15 (Horizontal),2025-10-28 (Price: 1003.55),2025-09-01 (Price: 950.6),7/85.71%,9.42%/9.42%,"5.57%, 41 days",8.69%/0.8%/5.63%,1098.0619 (Exit Rule)/1098.0619 (F-Stack 1)/1305.7899 (F-Stack 2),Daily,SIGMASHELL,81.94%/144/78 days (Across ALL Assets),76.23%/324/84 days (Across ALL Assets),target_achieved
VGT,797.1121 (Historic Rise or Fall to Pivot),2025-10-28 (Price: 796.14),2025-08-31 (Price: 697.02),9/88.89%,15.35%/18.84%,"14.22%, 41 days",22.53%/3.21%/12.24%,918.34 (Exit Rule)/946.1588 (F-Stack 2),Monthly,TRENDPULSE,72.34%/94/220 days (Across ALL Assets),78.1%/105/179 days (Across ALL Assets),target_achieved
QQQ,635.996 (Avg % Gain of Historic Winning trades),2025-10-28 (Price: 632.92),2025-08-31 (Price: 570.4),9/100.0%,4.18%/16.24%,"10.96%, 41 days",26.83%/2.45%/11.5%,659.3824 (Historic Rise or Fall to Pivot)/735.71 (Exit Rule)/836.2536 (F-Stack 2),Monthly,TRENDPULSE,72.34%/94/220 days (Across ALL Assets),78.1%/105/179 days (Across ALL Assets),target_achieved
DIA,479.061 (Historic Rise or Fall to Pivot),2025-10-28 (Price: 477.15),2025-08-24 (Price: 456.64),9/100.0%,12.78%/73.32%,"4.49%, 46 days",6.15%/1.18%/3.37%,538.1343 (F-Stack 1)/826.9871 (F-Stack 2),Weekly,TRENDPULSE,79.27%/193/90 days (Across ALL Assets),82.46%/268/77 days (Across ALL Assets),target_achieved
NVDA,199.7542 (Avg % Gain of Historic Winning trades),2025-10-28 (Price: 201.03),2025-07-20 (Price: 172.41),11/81.82%,19.33%/33.39%,"16.6%, 71 days",43.5%/2.57%/15.86%,268.15 (Exit Rule)/239.8943 (F-Stack 2),Weekly,TRENDPULSE,79.27%/193/90 days (Across ALL Assets),82.46%/268/77 days (Across ALL Assets),target_achieved
NVDA,197.0558 (Avg % Gain of Historic Winning trades),2025-10-28 (Price: 201.03),2025-07-06 (Price: 159.34),8/87.5%,19.33%,"26.16%, 81 days",28.19%/20.58%/23.67%,239.8943 (F-Stack 2),Weekly,PULSEGAUGE,68.75%/16/139 days (Across ALL Assets),70.63%/126/138 days (Across ALL Assets),target_achieved
MSFT,553.3726 (F-Stack 2),2025-10-28 (Price: 542.07),2025-03-13 (Price: 378.77),15/93.33%,No Next Target,"43.11%, 163 days",30.52%/2.95%/14.73%,No Next Target,Daily,SIGMASHELL,81.94%/144/78 days (Across ALL Assets),76.23%/324/84 days (Across ALL Assets),target_achieved
DIA,538.1343 (F-Stack 2),2025-10-28 (Price: 477.15),2020-03-13 (Price: 232.11),13/92.31%,No Next Target,"105.57%, 1467 days",15.25%/0.99%/6.92%,No Next Target,Daily,SIGMASHELL,81.94%/144/78 days (Across ALL Assets),76.23%/324/84 days (Across ALL Assets),target_achieved
BRK-B,481.0625 (Historic Rise or Fall to Pivot)/482.17 (Exit Rule),2025-10-28 (Price: 481.44),2025-09-10 (Price: 490.08),33/87.88%,-44.32%/-15.67%,"1.76%, 34 days",4.43%/0.09%/1.39%,268.082 (Horizontal)/449.7662 (F-Stack 1)/405.99 (F-Stack 2),Daily,OSCILLATOR DELTA,87.5%/16/5 days (Across ALL Assets),60.98%/41/6 days (Across ALL Assets),target_achieved
MSFT,553.3726 (F-Stack 2),2025-10-28 (Price: 542.07),2025-03-03 (Price: 388.49),15/93.33%,No Next Target,"39.53%, 171 days",30.52%/2.95%/14.73%,No Next Target,Daily,SIGMASHELL,81.94%/144/78 days (Across ALL Assets),76.23%/324/84 days (Across ALL Assets),target_achieved
TSLA,417.4684 (F-Stack 1),2025-10-28 (Price: 460.55),2023-05-28 (Price: 193.17),17/94.12%,20.1%,"138.42%, 631 days",91.2%/4.56%/33.38%,553.1211 (F-Stack 2),Weekly,TRENDPULSE,79.27%/193/90 days (Across ALL Assets),82.46%/268/77 days (Across ALL Assets),target_achieved
